corp_code,corp_name,event_date,event_type,detail,rcept_no,reason_is_financial,판정근거,확인필요,원문주소
00100258,에스마크,20180214,시장조치(복합),내부결산시점관리종목지정ㆍ형식적상장폐지ㆍ상장적격성실질심사사유발생,20180214901076,,"둘다(자본잠식,자기자본 / 사외이사,주주총회)",Y,https://dart.fss.or.kr/dsaf001/main.do?rcpNo=20180214901076
00100258,에스마크,20190214,시장조치(복합),내부결산시점관리종목지정ㆍ형식적상장폐지ㆍ상장적격성실질심사사유발생,20190214901256,,"둘다(자본잠식,자기자본 / 사외이사,주주총회)",Y,https://dart.fss.or.kr/dsaf001/main.do?rcpNo=20190214901256
00100258,에스마크,20190321,상장폐지,주권매매거래정지기간변경(상장폐지 사유 발생),20190321901751,,둘다(의견거절 / 상장적격성 실질심사),Y,https://dart.fss.or.kr/dsaf001/main.do?rcpNo=20190321901751
00100258,에스마크,20190821,상장폐지,주권매매거래정지기간변경(상장폐지 사유 발생),20190821900613,,"둘다(의견거절,계속기업 / 상장적격성 실질심사)",Y,https://dart.fss.or.kr/dsaf001/main.do?rcpNo=20190821900613
00100258,에스마크,20200214,시장조치(복합),내부결산시점관리종목지정ㆍ형식적상장폐지ㆍ상장적격성실질심사사유발생,20200214900936,,"둘다(자본잠식,자기자본 / 사외이사,주주총회)",Y,https://dart.fss.or.kr/dsaf001/main.do?rcpNo=20200214900936
00100258,에스마크,20200320,상장폐지,주권매매거래정지기간변경(상장폐지 사유 발생),20200320902418,,"둘다(감사의견,의견거절 / 상장적격성 실질심사)",Y,https://dart.fss.or.kr/dsaf001/main.do?rcpNo=20200320902418
00100601,강원에너지,20200403,상장폐지,주권매매거래정지기간변경(상장폐지 사유 발생),20200403901247,Y,한정,,https://dart.fss.or.kr/dsaf001/main.do?rcpNo=20200403901247
00100717,아이이,20170329,상장폐지,주권매매거래정지(상장폐지 사유발생),20170329901193,,키워드없음,Y,https://dart.fss.or.kr/dsaf001/main.do?rcpNo=20170329901193
00100717,아이이,20171108,상장폐지,주권매매거래정지기간변경(상장폐지 사유 발생),20171108900547,N,상장적격성 실질심사,,https://dart.fss.or.kr/dsaf001/main.do?rcpNo=20171108900547
00101336,경남에너지,20160302,상장폐지,상장폐지결정,20160302800540,N,"사외이사,주주총회",,https://dart.fss.or.kr/dsaf001/main.do?rcpNo=20160302800540
00103635,광림,20230613,상장폐지,주권매매거래정지기간변경(상장폐지사유 발생),20230613900493,,키워드없음,Y,https://dart.fss.or.kr/dsaf001/main.do?rcpNo=20230613900493
00104573,국일제지,20230410,상장폐지,주권매매거래정지기간변경(상장폐지 사유 발생),20230410900928,Y,"감사의견,의견거절,계속기업",,https://dart.fss.or.kr/dsaf001/main.do?rcpNo=20230410900928
00110750,GMI벤처,20160517,시장조치(복합),내부결산시점관리종목지정ㆍ형식적상장폐지ㆍ상장적격성실질심사사유발생,20160517900430,,"둘다(자본잠식,자기자본 / 사외이사,주주총회)",Y,https://dart.fss.or.kr/dsaf001/main.do?rcpNo=20160517900430
00110750,GMI벤처,20160621,관리종목,주권매매거래정지(관리종목지정사유발생),20160621900416,,키워드없음,Y,https://dart.fss.or.kr/dsaf001/main.do?rcpNo=20160621900416
00110884,엠젠솔루션,20210622,상장폐지,주권매매거래정지기간변경(상장폐지 사유 발생),20210622900547,,키워드없음,Y,https://dart.fss.or.kr/dsaf001/main.do?rcpNo=20210622900547
00111218,KD,20190318,상장폐지,주권매매거래정지(상장폐지 사유발생),20190318901125,N,상장적격성 실질심사,,https://dart.fss.or.kr/dsaf001/main.do?rcpNo=20190318901125
00111218,KD,20200330,상장폐지,주권매매거래정지기간변경(상장폐지 사유 발생),20200330906336,,둘다(의견거절 / 상장적격성 실질심사),Y,https://dart.fss.or.kr/dsaf001/main.do?rcpNo=20200330906336
00111218,KD,20260323,상장폐지,주권매매거래정지              (상장폐지 사유발생),20260323902688,,키워드없음,Y,https://dart.fss.or.kr/dsaf001/main.do?rcpNo=20260323902688
00111227,대양제지공업,20240408,상장폐지,상장폐지결정,20240408900326,N,"사외이사,주주총회",,https://dart.fss.or.kr/dsaf001/main.do?rcpNo=20240408900326
00111227,대양제지공업,20240408,상장폐지,상장폐지승인을위한의안상정결정,20240408900330,N,"사외이사,주주총회,자진",,https://dart.fss.or.kr/dsaf001/main.do?rcpNo=20240408900330
00111227,대양제지공업,20240417,상장폐지,주권매매거래정지              (상장폐지 사유발생),20240417900706,N,주식분산,,https://dart.fss.or.kr/dsaf001/main.do?rcpNo=20240417900706
00111865,미래SCI,20150216,시장조치(복합),내부결산시점관리종목지정ㆍ형식적상장폐지ㆍ상장적격성실질심사사유발생,20150216900597,,"둘다(자본잠식,자기자본 / 사외이사)",Y,https://dart.fss.or.kr/dsaf001/main.do?rcpNo=20150216900597
00111865,미래SCI,20150320,관리종목,주권매매거래정지(관리종목지정사유발생),20150320902204,,키워드없음,Y,https://dart.fss.or.kr/dsaf001/main.do?rcpNo=20150320902204
00111865,미래SCI,20200226,시장조치(복합),내부결산시점관리종목지정ㆍ형식적상장폐지ㆍ상장적격성실질심사사유발생,20200226901167,,"둘다(자본잠식,자기자본 / 사외이사,주주총회)",Y,https://dart.fss.or.kr/dsaf001/main.do?rcpNo=20200226901167
00111865,미래SCI,20200323,상장폐지,주권매매거래정지기간변경(상장폐지 사유 발생),20200323901946,Y,"의견거절,계속기업",,https://dart.fss.or.kr/dsaf001/main.do?rcpNo=20200323901946
00111865,미래SCI,20200824,상장폐지,주권매매거래정지기간변경(상장폐지 사유 발생),20200824900554,,"둘다(감사의견,의견거절 / 상장적격성 실질심사)",Y,https://dart.fss.or.kr/dsaf001/main.do?rcpNo=20200824900554
00111865,미래SCI,20210331,상장폐지,주권매매거래정지기간변경(상장폐지 사유 발생),20210331900650,,둘다(의견거절 / 상장적격성 실질심사),Y,https://dart.fss.or.kr/dsaf001/main.do?rcpNo=20210331900650
00112819,데코앤에프,20190321,상장폐지,주권매매거래정지(상장폐지 사유 발생),20190321901753,Y,의견거절,,https://dart.fss.or.kr/dsaf001/main.do?rcpNo=20190321901753
00112819,데코앤에프,20190826,상장폐지,주권매매거래정지기간변경(상장폐지 사유 발생),20190826900275,,둘다(의견거절 / 상장적격성 실질심사),Y,https://dart.fss.or.kr/dsaf001/main.do?rcpNo=20190826900275
00116426,이렘,20210112,상장폐지,주권매매거래정지기간변경(상장폐지 사유 발생),20210112900529,,키워드없음,Y,https://dart.fss.or.kr/dsaf001/main.do?rcpNo=20210112900529
00116426,이렘,20210315,시장조치(복합),내부결산시점관리종목지정ㆍ형식적상장폐지ㆍ상장적격성실질심사사유발생,20210315901121,,"둘다(자본잠식,자기자본 / 사외이사)",Y,https://dart.fss.or.kr/dsaf001/main.do?rcpNo=20210315901121
00116426,이렘,20220331,상장폐지,주권매매거래정지기간변경(상장폐지 사유 발생),20220331901486,,"둘다(감사의견,의견거절 / 상장적격성 실질심사)",Y,https://dart.fss.or.kr/dsaf001/main.do?rcpNo=20220331901486
00118460,태림페이퍼,20160601,상장폐지,상장폐지결정,20160601800439,N,"사외이사,주주총회",,https://dart.fss.or.kr/dsaf001/main.do?rcpNo=20160601800439
00120021,LG,20150720,상장폐지,주요사항보고서(해외증권시장주권등상장폐지결정)(자회사의 주요경영사항),20150720800020,N,"사외이사,정관",,https://dart.fss.or.kr/dsaf001/main.do?rcpNo=20150720800020
00120906,에스아이리소스,20200514,상장폐지,주권매매거래정지기간변경(상장폐지 사유 발생),20200514901065,,키워드없음,Y,https://dart.fss.or.kr/dsaf001/main.do?rcpNo=20200514901065
00121154,엠에스씨,20170216,상장폐지,상장폐지승인을위한의안상정결정,20170216900239,N,"사외이사,주주총회",,https://dart.fss.or.kr/dsaf001/main.do?rcpNo=20170216900239
00122205,졸스,20150515,시장조치(복합),내부결산시점관리종목지정ㆍ형식적상장폐지ㆍ상장적격성실질심사사유발생,20150515901875,,"둘다(자본잠식,자기자본 / 사외이사,주주총회)",Y,https://dart.fss.or.kr/dsaf001/main.do?rcpNo=20150515901875
00122205,졸스,20200611,시장조치(복합),내부결산시점관리종목지정ㆍ형식적상장폐지ㆍ상장적격성실질심사사유발생,20200611900410,,"둘다(자본잠식,자기자본 / 사외이사,주주총회)",Y,https://dart.fss.or.kr/dsaf001/main.do?rcpNo=20200611900410
00122205,졸스,20200615,관리종목,주권매매거래정지(관리종목지정사유발생),20200615900487,,키워드없음,Y,https://dart.fss.or.kr/dsaf001/main.do?rcpNo=20200615900487
00122339,이매진아시아,20191011,상장폐지,주권매매거래정지기간변경(상장폐지 사유 발생),20191011900561,,키워드없음,Y,https://dart.fss.or.kr/dsaf001/main.do?rcpNo=20191011900561
00122339,이매진아시아,20200227,시장조치(복합),내부결산시점관리종목지정ㆍ형식적상장폐지ㆍ상장적격성실질심사사유발생,20200227901348,,"둘다(자본잠식,자기자본 / 사외이사,주주총회)",Y,https://dart.fss.or.kr/dsaf001/main.do?rcpNo=20200227901348
00122339,이매진아시아,20200319,상장폐지,주권매매거래정지기간변경(상장폐지 사유 발생),20200319902568,Y,"감사의견,의견거절,계속기업",,https://dart.fss.or.kr/dsaf001/main.do?rcpNo=20200319902568
00122339,이매진아시아,20200814,상장폐지,주권매매거래정지기간변경(상장폐지 사유 발생),20200814903233,,둘다(감사의견 / 상장적격성 실질심사),Y,https://dart.fss.or.kr/dsaf001/main.do?rcpNo=20200814903233
00125965,케이에이치미래물산,20230407,상장폐지,주권매매거래정지기간변경(상장폐지 사유 발생),20230407901288,Y,의견거절,,https://dart.fss.or.kr/dsaf001/main.do?rcpNo=20230407901288
00125965,케이에이치미래물산,20240321,상장폐지,주권매매거래정지기간변경              (상장폐지 사유 발생),20240321902819,Y,감사의견,,https://dart.fss.or.kr/dsaf001/main.do?rcpNo=20240321902819
00127699,유네코,20210513,시장조치(복합),내부결산시점관리종목지정ㆍ형식적상장폐지ㆍ상장적격성실질심사사유발생,20210513900645,,"둘다(자본잠식,자기자본 / 사외이사,주주총회)",Y,https://dart.fss.or.kr/dsaf001/main.do?rcpNo=20210513900645
00127699,유네코,20210517,상장폐지,주권매매거래정지(상장폐지 사유발생),20210517901477,Y,"의견거절,계속기업",,https://dart.fss.or.kr/dsaf001/main.do?rcpNo=20210517901477
00127699,유네코,20220516,상장폐지,주권매매거래정지기간변경(상장폐지 사유 발생),20220516902744,,"둘다(감사의견,의견거절 / 상장적격성 실질심사)",Y,https://dart.fss.or.kr/dsaf001/main.do?rcpNo=20220516902744
00127699,유네코,20220816,상장폐지,주권매매거래정지기간변경(상장폐지 사유 발생),20220816903030,,"둘다(감사의견,의견거절 / 상장적격성 실질심사)",Y,https://dart.fss.or.kr/dsaf001/main.do?rcpNo=20220816903030
00130587,서울전자통신,20250226,시장조치(복합),내부결산시점관리종목지정ㆍ형식적상장폐지ㆍ상장적격성실질심사사유발생,20250226901017,,"둘다(자본잠식,자기자본 / 사외이사,주주총회)",Y,https://dart.fss.or.kr/dsaf001/main.do?rcpNo=20250226901017
00130587,서울전자통신,20250320,관리종목,주권매매거래정지              (관리종목지정사유발생),20250320901589,,키워드없음,Y,https://dart.fss.or.kr/dsaf001/main.do?rcpNo=20250320901589
00133663,세동,20200914,관리종목,주권매매거래정지(관리종목지정사유발생),20200914900399,,키워드없음,Y,https://dart.fss.or.kr/dsaf001/main.do?rcpNo=20200914900399
00136101,메이슨캐피탈,20150622,시장조치(복합),내부결산시점관리종목지정ㆍ형식적상장폐지ㆍ상장적격성실질심사사유발생,20150622900399,,"둘다(자본잠식,자기자본 / 사외이사)",Y,https://dart.fss.or.kr/dsaf001/main.do?rcpNo=20150622900399
00136101,메이슨캐피탈,20200514,시장조치(복합),내부결산시점관리종목지정ㆍ형식적상장폐지ㆍ상장적격성실질심사사유발생,20200514900854,,"둘다(자본잠식,자기자본 / 사외이사)",Y,https://dart.fss.or.kr/dsaf001/main.do?rcpNo=20200514900854
00136101,메이슨캐피탈,20200618,관리종목,주권매매거래정지(관리종목지정사유발생),20200618900414,,키워드없음,Y,https://dart.fss.or.kr/dsaf001/main.do?rcpNo=20200618900414
00136341,신성통상,20250717,상장폐지,상장폐지결정,20250717800316,N,"사외이사,주주총회,자진",,https://dart.fss.or.kr/dsaf001/main.do?rcpNo=20250717800316
00136642,에스유앤피,20170216,시장조치(복합),내부결산시점관리종목지정ㆍ형식적상장폐지ㆍ상장적격성실질심사사유발생,20170216900732,,"둘다(자본잠식,자기자본 / 사외이사)",Y,https://dart.fss.or.kr/dsaf001/main.do?rcpNo=20170216900732
00136642,에스유앤피,20170322,관리종목,주권매매거래정지(관리종목지정사유발생),20170322900686,,키워드없음,Y,https://dart.fss.or.kr/dsaf001/main.do?rcpNo=20170322900686
00136642,에스유앤피,20180321,상장폐지,주권매매거래정지(상장폐지 사유발생),20180321901055,,키워드없음,Y,https://dart.fss.or.kr/dsaf001/main.do?rcpNo=20180321901055
00136642,에스유앤피,20240319,상장폐지,주권매매거래정지기간변경              (상장폐지 사유 발생),20240319901240,Y,의견거절,,https://dart.fss.or.kr/dsaf001/main.do?rcpNo=20240319901240
00136642,에스유앤피,20250123,상장폐지,주권매매거래정지기간변경              (상장폐지 사유 발생),20250123901145,,키워드없음,Y,https://dart.fss.or.kr/dsaf001/main.do?rcpNo=20250123901145
00136642,에스유앤피,20250314,시장조치(복합),내부결산시점관리종목지정ㆍ형식적상장폐지ㆍ상장적격성실질심사사유발생,20250314901813,,"둘다(자본잠식,자기자본 / 사외이사,상장적격성 실질심사)",Y,https://dart.fss.or.kr/dsaf001/main.do?rcpNo=20250314901813
00137012,에스앤더블류,20200212,시장조치(복합),내부결산시점관리종목지정ㆍ형식적상장폐지ㆍ상장적격성실질심사사유발생,20200212900675,,"둘다(자본잠식,자기자본 / 사외이사,주주총회)",Y,https://dart.fss.or.kr/dsaf001/main.do?rcpNo=20200212900675
00137012,에스앤더블류,20200318,관리종목,주권매매거래정지(관리종목지정사유발생),20200318900671,,키워드없음,Y,https://dart.fss.or.kr/dsaf001/main.do?rcpNo=20200318900671
00137012,에스앤더블류,20210215,시장조치(복합),내부결산시점관리종목지정ㆍ형식적상장폐지ㆍ상장적격성실질심사사유발생,20210215900493,,"둘다(자본잠식,자기자본 / 사외이사,주주총회)",Y,https://dart.fss.or.kr/dsaf001/main.do?rcpNo=20210215900493
00137012,에스앤더블류,20220211,시장조치(복합),내부결산시점관리종목지정ㆍ형식적상장폐지ㆍ상장적격성실질심사사유발생,20220211900480,,"둘다(자본잠식,자기자본 / 사외이사,주주총회)",Y,https://dart.fss.or.kr/dsaf001/main.do?rcpNo=20220211900480
00138303,아이티센엔텍,20180208,시장조치(복합),내부결산시점관리종목지정ㆍ형식적상장폐지ㆍ상장적격성실질심사사유발생,20180208900051,,"둘다(자본잠식,자기자본 / 사외이사,주주총회)",Y,https://dart.fss.or.kr/dsaf001/main.do?rcpNo=20180208900051
00138303,아이티센엔텍,20180319,관리종목,주권매매거래정지(관리종목지정사유발생),20180319900786,,키워드없음,Y,https://dart.fss.or.kr/dsaf001/main.do?rcpNo=20180319900786
00140858,와이엠,20190321,상장폐지,주권매매거래정지(상장폐지 사유발생),20190321901735,,키워드없음,Y,https://dart.fss.or.kr/dsaf001/main.do?rcpNo=20190321901735
00140964,영원무역홀딩스,20220511,상장폐지,주요사항보고서(해외증권시장주권등상장폐지결정)(자회사의 주요경영사항),20220511800616,N,"사외이사,정관",,https://dart.fss.or.kr/dsaf001/main.do?rcpNo=20220511800616
00141608,오리엔탈정공,20150205,시장조치(복합),내부결산시점관리종목지정ㆍ형식적상장폐지ㆍ상장적격성실질심사사유발생,20150205900210,,"둘다(자본잠식,자기자본 / 사외이사)",Y,https://dart.fss.or.kr/dsaf001/main.do?rcpNo=20150205900210
00141608,오리엔탈정공,20150312,관리종목,주권매매거래정지(관리종목지정사유발생),20150312901022,,키워드없음,Y,https://dart.fss.or.kr/dsaf001/main.do?rcpNo=20150312901022
00141608,오리엔탈정공,20170209,시장조치(복합),내부결산시점관리종목지정ㆍ형식적상장폐지ㆍ상장적격성실질심사사유발생,20170209901092,,"둘다(자본잠식,자기자본 / 사외이사,주주총회)",Y,https://dart.fss.or.kr/dsaf001/main.do?rcpNo=20170209901092
00141608,오리엔탈정공,20170316,관리종목,주권매매거래정지(관리종목지정사유발생),20170316901530,,키워드없음,Y,https://dart.fss.or.kr/dsaf001/main.do?rcpNo=20170316901530
00144021,원풍물산,20220214,시장조치(복합),내부결산시점관리종목지정ㆍ형식적상장폐지ㆍ상장적격성실질심사사유발생,20220214901196,,"둘다(자본잠식,자기자본 / 사외이사,주주총회)",Y,https://dart.fss.or.kr/dsaf001/main.do?rcpNo=20220214901196
00144021,원풍물산,20260908,상장폐지,주권매매거래정지              (상장폐지사유 발생),20260908900687,,키워드없음,Y,https://dart.fss.or.kr/dsaf001/main.do?rcpNo=20260908900687
00144395,동서,20160229,상장폐지,상장폐지승인을위한의안상정결정,20160229900893,N,"사외이사,주주총회",,https://dart.fss.or.kr/dsaf001/main.do?rcpNo=20160229900893
00144395,동서,20160707,상장폐지,상장폐지결정,20160707900209,N,"사외이사,주주총회",,https://dart.fss.or.kr/dsaf001/main.do?rcpNo=20160707900209
00144766,호반산업,20150313,시장조치(복합),내부결산시점관리종목지정ㆍ형식적상장폐지ㆍ상장적격성실질심사사유발생,20150313901469,,"둘다(자본잠식,자기자본 / 사외이사)",Y,https://dart.fss.or.kr/dsaf001/main.do?rcpNo=20150313901469
00145668,이화공영,20250402,상장폐지,주권매매거래정지기간변경              (상장폐지 사유 발생),20250402900415,Y,"감사의견,의견거절,계속기업",,https://dart.fss.or.kr/dsaf001/main.do?rcpNo=20250402900415
00145668,이화공영,20260521,상장폐지,주권매매거래정지기간변경              (상장폐지 사유 발생),20260521900688,,키워드없음,Y,https://dart.fss.or.kr/dsaf001/main.do?rcpNo=20260521900688
00145738,이화전기공업,20231208,상장폐지,주권매매거래정지기간변경(상장폐지사유 발생),20231208900712,,키워드없음,Y,https://dart.fss.or.kr/dsaf001/main.do?rcpNo=20231208900712
00145738,이화전기공업,20240321,상장폐지,주권매매거래정지기간변경              (상장폐지 사유 발생),20240321902839,,둘다(감사의견 / 상장적격성 실질심사),Y,https://dart.fss.or.kr/dsaf001/main.do?rcpNo=20240321902839
00146427,한주에이알티,20210205,시장조치(복합),내부결산시점관리종목지정ㆍ형식적상장폐지ㆍ상장적격성실질심사사유발생,20210205901068,,"둘다(자본잠식,자기자본 / 사외이사,주주총회)",Y,https://dart.fss.or.kr/dsaf001/main.do?rcpNo=20210205901068
00148364,하림지주,20210614,상장폐지,주요사항보고서(해외증권시장주권등상장폐지결정)(자회사의 주요경영사항),20210614900076,N,"사외이사,주주총회,정관",,https://dart.fss.or.kr/dsaf001/main.do?rcpNo=20210614900076
00148364,하림지주,20211119,상장폐지,상장폐지결정(자회사의 주요경영사항),20211119900496,N,"사외이사,주주총회,자진",,https://dart.fss.or.kr/dsaf001/main.do?rcpNo=20211119900496
00148531,제이스코홀딩스,20260323,상장폐지,주권매매거래정지기간변경              (상장폐지 사유 발생),20260323902737,Y,"의견거절,계속기업",,https://dart.fss.or.kr/dsaf001/main.do?rcpNo=20260323902737
00149266,씨앤에이치,20250228,시장조치(복합),내부결산시점관리종목지정ㆍ형식적상장폐지ㆍ상장적격성실질심사사유발생,20250228901619,,"둘다(자본잠식,자기자본 / 사외이사,상장적격성 실질심사)",Y,https://dart.fss.or.kr/dsaf001/main.do?rcpNo=20250228901619
00149266,씨앤에이치,20250310,상장폐지,주권매매거래정지기간변경              (상장폐지 사유 발생),20250310901491,,키워드없음,Y,https://dart.fss.or.kr/dsaf001/main.do?rcpNo=20250310901491
00155212,포스코DX,20230823,상장폐지,상장폐지승인을위한의안상정결정,20230823900217,N,"사외이사,주주총회",,https://dart.fss.or.kr/dsaf001/main.do?rcpNo=20230823900217
00155212,포스코DX,20231213,상장폐지,상장폐지결정,20231213900857,N,"사외이사,주주총회",,https://dart.fss.or.kr/dsaf001/main.do?rcpNo=20231213900857
00155276,포스코퓨처엠,20190227,상장폐지,상장폐지승인을위한의안상정결정,20190227901081,N,"사외이사,주주총회",,https://dart.fss.or.kr/dsaf001/main.do?rcpNo=20190227901081
00155276,포스코퓨처엠,20190523,상장폐지,상장폐지결정,20190523900356,N,"사외이사,주주총회",,https://dart.fss.or.kr/dsaf001/main.do?rcpNo=20190523900356
00155382,바이오빌,20190325,상장폐지,주권매매거래정지기간변경(상장폐지 사유 발생),20190325901096,Y,"감사의견,의견거절,계속기업",,https://dart.fss.or.kr/dsaf001/main.do?rcpNo=20190325901096
00155382,바이오빌,20200330,상장폐지,주권매매거래정지기간변경(상장폐지 사유 발생),20200330906305,,"둘다(감사의견,의견거절 / 상장적격성 실질심사)",Y,https://dart.fss.or.kr/dsaf001/main.do?rcpNo=20200330906305
00156600,한주라이트메탈,20161209,상장폐지,상장폐지결정,20161209600768,N,"사외이사,주주총회,자진",,https://dart.fss.or.kr/dsaf001/main.do?rcpNo=20161209600768
00158325,NICE평가정보,20230310,상장폐지,상장폐지승인을위한의안상정결정,20230310900679,N,"사외이사,주주총회",,https://dart.fss.or.kr/dsaf001/main.do?rcpNo=20230310900679
00158325,NICE평가정보,20230801,상장폐지,상장폐지결정,20230801900171,N,"사외이사,주주총회",,https://dart.fss.or.kr/dsaf001/main.do?rcpNo=20230801900171
00159005,생고뱅코리아홀딩스,20180919,상장폐지,상장폐지결정,20180919800435,N,"사외이사,지배구조,주주총회",,https://dart.fss.or.kr/dsaf001/main.do?rcpNo=20180919800435
00162461,한화솔루션,20181016,상장폐지,해외증권시장주권등상장폐지결정(종속회사의주요경영사항),20181016800103,,,Y,https://dart.fss.or.kr/dsaf001/main.do?rcpNo=20181016800103
00164362,행남사,20180212,시장조치(복합),내부결산시점관리종목지정ㆍ형식적상장폐지ㆍ상장적격성실질심사사유발생,20180212900935,,"둘다(자본잠식,자기자본 / 사외이사,주주총회)",Y,https://dart.fss.or.kr/dsaf001/main.do?rcpNo=20180212900935
00164362,행남사,20180322,관리종목,주권매매거래정지(관리종목지정사유발생),20180322901219,,키워드없음,Y,https://dart.fss.or.kr/dsaf001/main.do?rcpNo=20180322901219
00164362,행남사,20191028,상장폐지,주권매매거래정지기간변경(상장폐지 사유 발생),20191028900508,,키워드없음,Y,https://dart.fss.or.kr/dsaf001/main.do?rcpNo=20191028900508
00164362,행남사,20200228,시장조치(복합),내부결산시점관리종목지정ㆍ형식적상장폐지ㆍ상장적격성실질심사사유발생,20200228901472,,"둘다(자본잠식,자기자본 / 사외이사,주주총회)",Y,https://dart.fss.or.kr/dsaf001/main.do?rcpNo=20200228901472
00164362,행남사,20200401,상장폐지,주권매매거래정지기간변경(상장폐지 사유 발생),20200401901072,Y,의견거절,,https://dart.fss.or.kr/dsaf001/main.do?rcpNo=20200401901072
00164362,행남사,20210216,시장조치(복합),내부결산시점관리종목지정ㆍ형식적상장폐지ㆍ상장적격성실질심사사유발생,20210216900845,,"둘다(자본잠식,자기자본 / 사외이사,주주총회)",Y,https://dart.fss.or.kr/dsaf001/main.do?rcpNo=20210216900845
00164618,현대사료,20240229,시장조치(복합),내부결산시점관리종목지정ㆍ형식적상장폐지ㆍ상장적격성실질심사사유발생,20240229901374,,"둘다(자본잠식,자기자본 / 사외이사,주주총회)",Y,https://dart.fss.or.kr/dsaf001/main.do?rcpNo=20240229901374
00164618,현대사료,20240321,상장폐지,주권매매거래정지기간변경              (상장폐지 사유 발생),20240321902870,Y,"의견거절,계속기업",,https://dart.fss.or.kr/dsaf001/main.do?rcpNo=20240321902870
00164618,현대사료,20250804,상장폐지,주권매매거래정지기간변경              (상장폐지 사유 발생),20250804900427,,키워드없음,Y,https://dart.fss.or.kr/dsaf001/main.do?rcpNo=20250804900427
00166333,화신테크,20200429,상장폐지,주권매매거래정지기간변경(상장폐지사유 발생),20200429901240,Y,의견거절,,https://dart.fss.or.kr/dsaf001/main.do?rcpNo=20200429901240
00166333,화신테크,20210331,상장폐지,주권매매거래정지기간변경(상장폐지 사유 발생),20210331902809,,"둘다(감사의견,의견거절 / 상장적격성 실질심사)",Y,https://dart.fss.or.kr/dsaf001/main.do?rcpNo=20210331902809
00171265,파라다이스,20240306,상장폐지,상장폐지승인을위한의안상정결정,20240306900741,N,"사외이사,주주총회",,https://dart.fss.or.kr/dsaf001/main.do?rcpNo=20240306900741
00171265,파라다이스,20240617,상장폐지,상장폐지결정,20240617900126,N,"사외이사,주주총회",,https://dart.fss.or.kr/dsaf001/main.do?rcpNo=20240617900126
00172079,HLB파나진,20200211,시장조치(복합),내부결산시점관리종목지정ㆍ형식적상장폐지ㆍ상장적격성실질심사사유발생,20200211900680,,"둘다(자본잠식,자기자본 / 사외이사,주주총회)",Y,https://dart.fss.or.kr/dsaf001/main.do?rcpNo=20200211900680
00172079,HLB파나진,20200318,관리종목,주권매매거래정지(관리종목지정사유발생),20200318901047,,키워드없음,Y,https://dart.fss.or.kr/dsaf001/main.do?rcpNo=20200318901047
00172945,동일스틸럭스,20160129,시장조치(복합),내부결산시점관리종목지정ㆍ형식적상장폐지ㆍ상장적격성실질심사사유발생,20160129900759,,"둘다(자본잠식,자기자본 / 사외이사,주주총회)",Y,https://dart.fss.or.kr/dsaf001/main.do?rcpNo=20160129900759
00172945,동일스틸럭스,20160317,관리종목,주권매매거래정지(관리종목지정사유발생),20160317901265,,키워드없음,Y,https://dart.fss.or.kr/dsaf001/main.do?rcpNo=20160317901265
00172945,동일스틸럭스,20240213,시장조치(복합),내부결산시점관리종목지정ㆍ형식적상장폐지ㆍ상장적격성실질심사사유발생,20240213900588,,"둘다(자본잠식,자기자본 / 사외이사,주주총회)",Y,https://dart.fss.or.kr/dsaf001/main.do?rcpNo=20240213900588
00173449,빌리언스,20180213,시장조치(복합),내부결산시점관리종목지정ㆍ형식적상장폐지ㆍ상장적격성실질심사사유발생,20180213900789,,"둘다(자본잠식,자기자본 / 사외이사,주주총회)",Y,https://dart.fss.or.kr/dsaf001/main.do?rcpNo=20180213900789
00173449,빌리언스,20200814,관리종목,주권매매거래정지(관리종목지정사유발생),20200814902441,,키워드없음,Y,https://dart.fss.or.kr/dsaf001/main.do?rcpNo=20200814902441
00173731,씨앤에스자산관리,20180315,시장조치(복합),내부결산시점관리종목지정ㆍ형식적상장폐지ㆍ상장적격성실질심사사유발생,20180315902181,,"둘다(자본잠식,자기자본 / 사외이사,주주총회)",Y,https://dart.fss.or.kr/dsaf001/main.do?rcpNo=20180315902181
00173731,씨앤에스자산관리,20180322,상장폐지,주권매매거래정지기간변경(상장폐지 사유 발생),20180322901701,Y,"감사의견,의견거절,계속기업",,https://dart.fss.or.kr/dsaf001/main.do?rcpNo=20180322901701
00175650,케이씨더블류,20150827,상장폐지,주권매매거래정지기간변경(상장폐지 사유 발생),20150827900578,,키워드없음,Y,https://dart.fss.or.kr/dsaf001/main.do?rcpNo=20150827900578
00180263,리더스코스메틱,20220210,시장조치(복합),내부결산시점관리종목지정ㆍ형식적상장폐지ㆍ상장적격성실질심사사유발생,20220210900711,,"둘다(자본잠식,자기자본 / 사외이사,주주총회)",Y,https://dart.fss.or.kr/dsaf001/main.do?rcpNo=20220210900711
00180263,리더스코스메틱,20220321,관리종목,주권매매거래정지(관리종목지정사유발생),20220321901636,,키워드없음,Y,https://dart.fss.or.kr/dsaf001/main.do?rcpNo=20220321901636
00180865,디에이치엑스컴퍼니,20260316,시장조치(복합),내부결산시점관리종목지정ㆍ형식적상장폐지ㆍ상장적격성실질심사사유발생,20260316902630,,"둘다(자본잠식,자기자본 / 사외이사,주주총회)",Y,https://dart.fss.or.kr/dsaf001/main.do?rcpNo=20260316902630
00180865,디에이치엑스컴퍼니,20260403,상장폐지,주권매매거래정지기간변경              (상장폐지 사유 발생),20260403901517,Y,의견거절,,https://dart.fss.or.kr/dsaf001/main.do?rcpNo=20260403901517
00181712,SK,20230623,상장폐지,주요사항보고서(해외증권시장주권등상장폐지결정)(자회사의 주요경영사항),20230623800003,N,"사외이사,정관",,https://dart.fss.or.kr/dsaf001/main.do?rcpNo=20230623800003
00185505,제일바이오,20240321,상장폐지,주권매매거래정지기간변경              (상장폐지 사유 발생),20240321902867,Y,감사의견,,https://dart.fss.or.kr/dsaf001/main.do?rcpNo=20240321902867
00185505,제일바이오,20250108,상장폐지,주권매매거래정지기간변경              (상장폐지 사유 발생),20250108900775,Y,감사의견,,https://dart.fss.or.kr/dsaf001/main.do?rcpNo=20250108900775
00186452,광무,20220208,시장조치(복합),내부결산시점관리종목지정ㆍ형식적상장폐지ㆍ상장적격성실질심사사유발생,20220208900798,,"둘다(자본잠식,자기자본 / 사외이사,주주총회)",Y,https://dart.fss.or.kr/dsaf001/main.do?rcpNo=20220208900798
00186452,광무,20220318,관리종목,주권매매거래정지(관리종목지정사유발생),20220318900758,,키워드없음,Y,https://dart.fss.or.kr/dsaf001/main.do?rcpNo=20220318900758
00186799,태웅,20210322,상장폐지,주권매매거래정지기간변경(상장폐지 사유 발생),20210322901787,Y,한정,,https://dart.fss.or.kr/dsaf001/main.do?rcpNo=20210322901787
00188715,현진소재,20180205,시장조치(복합),내부결산시점관리종목지정ㆍ형식적상장폐지ㆍ상장적격성실질심사사유발생,20180205901205,,"둘다(자본잠식,자기자본 / 사외이사,주주총회)",Y,https://dart.fss.or.kr/dsaf001/main.do?rcpNo=20180205901205
00188715,현진소재,20200228,시장조치(복합),내부결산시점관리종목지정ㆍ형식적상장폐지ㆍ상장적격성실질심사사유발생,20200228901176,,"둘다(자본잠식,자기자본 / 사외이사,주주총회)",Y,https://dart.fss.or.kr/dsaf001/main.do?rcpNo=20200228901176
00188715,현진소재,20200402,상장폐지,주권매매거래정지기간변경(상장폐지 사유 발생),20200402900973,Y,"감사의견,의견거절,계속기업",,https://dart.fss.or.kr/dsaf001/main.do?rcpNo=20200402900973
00188715,현진소재,20210302,시장조치(복합),내부결산시점관리종목지정ㆍ형식적상장폐지ㆍ상장적격성실질심사사유발생,20210302901010,,"둘다(자본잠식,자기자본 / 사외이사)",Y,https://dart.fss.or.kr/dsaf001/main.do?rcpNo=20210302901010
00188715,현진소재,20210331,상장폐지,주권매매거래정지기간변경(상장폐지 사유 발생 및 상장적격성 실질심사 대상(사유발생)),20210331903144,,"둘다(감사의견,의견거절 / 상장적격성 실질심사)",Y,https://dart.fss.or.kr/dsaf001/main.do?rcpNo=20210331903144
00188715,현진소재,20210823,상장폐지,주권매매거래정지기간변경(상장폐지 사유 발생),20210823900554,,둘다(감사의견 / 상장적격성 실질심사),Y,https://dart.fss.or.kr/dsaf001/main.do?rcpNo=20210823900554
00194275,코너스톤네트웍스,20180214,시장조치(복합),내부결산시점관리종목지정ㆍ형식적상장폐지ㆍ상장적격성실질심사사유발생,20180214901125,,"둘다(자본잠식,자기자본 / 사외이사,주주총회)",Y,https://dart.fss.or.kr/dsaf001/main.do?rcpNo=20180214901125
00194275,코너스톤네트웍스,20200228,시장조치(복합),내부결산시점관리종목지정ㆍ형식적상장폐지ㆍ상장적격성실질심사사유발생,20200228901450,,"둘다(자본잠식,자기자본 / 사외이사,주주총회)",Y,https://dart.fss.or.kr/dsaf001/main.do?rcpNo=20200228901450
00194275,코너스톤네트웍스,20200320,상장폐지,주권매매거래정지기간변경(상장폐지 사유 발생),20200320902482,Y,"의견거절,계속기업",,https://dart.fss.or.kr/dsaf001/main.do?rcpNo=20200320902482
00194275,코너스톤네트웍스,20210316,시장조치(복합),내부결산시점관리종목지정ㆍ형식적상장폐지ㆍ상장적격성실질심사사유발생,20210316902181,,"둘다(자본잠식,자기자본 / 사외이사,주주총회)",Y,https://dart.fss.or.kr/dsaf001/main.do?rcpNo=20210316902181
00194275,코너스톤네트웍스,20210330,상장폐지,주권매매거래정지기간변경(상장폐지 사유 발생 및 상장적격성 실질심사 대상(사유발생)),20210330902420,,"둘다(감사의견,의견거절 / 상장적격성 실질심사)",Y,https://dart.fss.or.kr/dsaf001/main.do?rcpNo=20210330902420
00199252,HLB,20231017,상장폐지,상장폐지승인을위한의안상정결정,20231017900167,N,"사외이사,주주총회",,https://dart.fss.or.kr/dsaf001/main.do?rcpNo=20231017900167
00201432,비츠로시스,20190701,상장폐지,주권매매거래정지기간변경(상장폐지 사유 발생),20190701900731,,"둘다(감사의견,의견거절 / 상장적격성 실질심사)",Y,https://dart.fss.or.kr/dsaf001/main.do?rcpNo=20190701900731
00201432,비츠로시스,20200515,시장조치(복합),내부결산시점관리종목지정ㆍ형식적상장폐지ㆍ상장적격성실질심사사유발생,20200515902816,,"둘다(자본잠식,자기자본 / 사외이사,주주총회)",Y,https://dart.fss.or.kr/dsaf001/main.do?rcpNo=20200515902816
00201432,비츠로시스,20200706,상장폐지,주권매매거래정지기간변경(상장폐지 사유 발생),20200706900492,,"둘다(의견거절,계속기업 / 상장적격성 실질심사)",Y,https://dart.fss.or.kr/dsaf001/main.do?rcpNo=20200706900492
00201432,비츠로시스,20210216,상장폐지,주권매매거래정지기간변경(상장폐지 사유 발생),20210216900986,N,상장적격성 실질심사,,https://dart.fss.or.kr/dsaf001/main.do?rcpNo=20210216900986
00201432,비츠로시스,20210503,시장조치(복합),내부결산시점관리종목지정ㆍ형식적상장폐지ㆍ상장적격성실질심사사유발생,20210503900394,,"둘다(자본잠식,자기자본 / 사외이사,주주총회)",Y,https://dart.fss.or.kr/dsaf001/main.do?rcpNo=20210503900394
00201432,비츠로시스,20211125,상장폐지,주권매매거래정지기간변경(상장폐지 사유 발생),20211125900635,,둘다(감사의견 / 상장적격성 실질심사),Y,https://dart.fss.or.kr/dsaf001/main.do?rcpNo=20211125900635
00201788,제낙스,20200313,시장조치(복합),내부결산시점관리종목지정ㆍ형식적상장폐지ㆍ상장적격성실질심사사유발생,20200313901480,,"둘다(자본잠식,자기자본 / 사외이사,주주총회)",Y,https://dart.fss.or.kr/dsaf001/main.do?rcpNo=20200313901480
00201788,제낙스,20200327,상장폐지,주권매매거래정지기간변경(상장폐지 사유 발생),20200327903901,Y,"감사의견,의견거절,계속기업",,https://dart.fss.or.kr/dsaf001/main.do?rcpNo=20200327903901
00201788,제낙스,20210305,시장조치(복합),내부결산시점관리종목지정ㆍ형식적상장폐지ㆍ상장적격성실질심사사유발생,20210305900987,,"둘다(자본잠식,자기자본 / 사외이사,주주총회)",Y,https://dart.fss.or.kr/dsaf001/main.do?rcpNo=20210305900987
00201788,제낙스,20210316,상장폐지,주권매매거래정지기간변경(상장폐지 사유 발생 및 상장적격성 실질심사 대상(사유발생)),20210316902168,,"둘다(감사의견,의견거절 / 상장적격성 실질심사)",Y,https://dart.fss.or.kr/dsaf001/main.do?rcpNo=20210316902168
00202778,썬코어,20170215,시장조치(복합),내부결산시점관리종목지정ㆍ형식적상장폐지ㆍ상장적격성실질심사사유발생,20170215900360,,"둘다(자본잠식,자기자본 / 사외이사,주주총회)",Y,https://dart.fss.or.kr/dsaf001/main.do?rcpNo=20170215900360
00202778,썬코어,20170824,상장폐지,주권매매거래정지기간변경(상장폐지 사유 발생),20170824900410,Y,감사의견,,https://dart.fss.or.kr/dsaf001/main.do?rcpNo=20170824900410
00203315,콘텐트리중앙,20190509,상장폐지,상장폐지승인을위한의안상정결정,20190509900284,N,"사외이사,주주총회",,https://dart.fss.or.kr/dsaf001/main.do?rcpNo=20190509900284
00203315,콘텐트리중앙,20191014,상장폐지,상장폐지결정,20191014900218,N,"사외이사,주주총회",,https://dart.fss.or.kr/dsaf001/main.do?rcpNo=20191014900218
00205003,좋은사람들,20210322,상장폐지,주권매매거래정지기간변경(상장폐지 사유 발생),20210322901791,Y,"감사의견,의견거절",,https://dart.fss.or.kr/dsaf001/main.do?rcpNo=20210322901791
00205003,좋은사람들,20220322,상장폐지,주권매매거래정지기간변경(상장폐지 사유 발생),20220322901285,,"둘다(감사의견,의견거절 / 상장적격성 실질심사)",Y,https://dart.fss.or.kr/dsaf001/main.do?rcpNo=20220322901285
00205003,좋은사람들,20220816,상장폐지,주권매매거래정지기간변경(상장폐지 사유 발생),20220816902146,,둘다(감사의견 / 상장적격성 실질심사),Y,https://dart.fss.or.kr/dsaf001/main.do?rcpNo=20220816902146
00205687,더라미,20150216,시장조치(복합),내부결산시점관리종목지정ㆍ형식적상장폐지ㆍ상장적격성실질심사사유발생,20150216900718,,"둘다(자본잠식,자기자본 / 사외이사)",Y,https://dart.fss.or.kr/dsaf001/main.do?rcpNo=20150216900718
00205687,더라미,20150410,상장폐지,주권매매거래정지기간변경(상장폐지사유 발생 ),20150410900797,Y,"감사의견,의견거절,계속기업",,https://dart.fss.or.kr/dsaf001/main.do?rcpNo=20150410900797
00205687,더라미,20160215,시장조치(복합),내부결산시점관리종목지정ㆍ형식적상장폐지ㆍ상장적격성실질심사사유발생,20160215900966,,"둘다(자본잠식,자기자본 / 사외이사,주주총회)",Y,https://dart.fss.or.kr/dsaf001/main.do?rcpNo=20160215900966
00205687,더라미,20220321,상장폐지,주권매매거래정지기간변경(상장폐지 사유 발생),20220321902021,Y,의견거절,,https://dart.fss.or.kr/dsaf001/main.do?rcpNo=20220321902021
00205687,더라미,20230724,상장폐지,주권매매거래정지기간변경(상장폐지사유 발생),20230724900579,,키워드없음,Y,https://dart.fss.or.kr/dsaf001/main.do?rcpNo=20230724900579
00207223,위너지스,20170228,시장조치(복합),내부결산시점관리종목지정ㆍ형식적상장폐지ㆍ상장적격성실질심사사유발생,20170228901236,,"둘다(자본잠식,자기자본 / 사외이사,주주총회)",Y,https://dart.fss.or.kr/dsaf001/main.do?rcpNo=20170228901236
00207223,위너지스,20180328,상장폐지,주권매매거래정지(상장폐지 사유발생),20180328901838,,키워드없음,Y,https://dart.fss.or.kr/dsaf001/main.do?rcpNo=20180328901838
00215976,무궁화인포메이션테크놀로지,20160229,시장조치(복합),내부결산시점관리종목지정ㆍ형식적상장폐지ㆍ상장적격성실질심사사유발생,20160229900770,,"둘다(자본잠식,자기자본 / 사외이사)",Y,https://dart.fss.or.kr/dsaf001/main.do?rcpNo=20160229900770
00215976,무궁화인포메이션테크놀로지,20180510,상장폐지,주권매매거래정지기간변경(상장폐지 사유 발생 ),20180510900835,,키워드없음,Y,https://dart.fss.or.kr/dsaf001/main.do?rcpNo=20180510900835
00215976,무궁화인포메이션테크놀로지,20200814,관리종목,주권매매거래정지(관리종목지정사유발생),20200814903043,,키워드없음,Y,https://dart.fss.or.kr/dsaf001/main.do?rcpNo=20200814903043
00215976,무궁화인포메이션테크놀로지,20210330,상장폐지,주권매매거래정지기간변경(상장폐지 사유 발생),20210330902446,Y,"의견거절,계속기업",,https://dart.fss.or.kr/dsaf001/main.do?rcpNo=20210330902446
00215976,무궁화인포메이션테크놀로지,20210817,상장폐지,주권매매거래정지기간변경(상장폐지 사유 발생),20210817901935,Y,감사의견,,https://dart.fss.or.kr/dsaf001/main.do?rcpNo=20210817901935
00215976,무궁화인포메이션테크놀로지,20220321,상장폐지,주권매매거래정지기간변경(상장폐지 사유 발생 및 상장적격성 실질심사 대상(사유발생)),20220321902129,,둘다(감사의견 / 상장적격성 실질심사),Y,https://dart.fss.or.kr/dsaf001/main.do?rcpNo=20220321902129
00215976,무궁화인포메이션테크놀로지,20220816,상장폐지,주권매매거래정지기간변경(상장폐지 사유 발생),20220816900574,,둘다(감사의견 / 상장적격성 실질심사),Y,https://dart.fss.or.kr/dsaf001/main.do?rcpNo=20220816900574
00215976,무궁화인포메이션테크놀로지,20230228,시장조치(복합),내부결산시점관리종목지정ㆍ형식적상장폐지ㆍ상장적격성실질심사사유발생,20230228901487,,"둘다(자본잠식,자기자본 / 사외이사,주주총회)",Y,https://dart.fss.or.kr/dsaf001/main.do?rcpNo=20230228901487
00215976,무궁화인포메이션테크놀로지,20240726,상장폐지,주권매매거래정지기간변경              (상장폐지사유 발생),20240726900848,,키워드없음,Y,https://dart.fss.or.kr/dsaf001/main.do?rcpNo=20240726900848
00216434,체리부로,20220321,관리종목,주권매매거래정지(관리종목지정사유발생),20220321901888,,키워드없음,Y,https://dart.fss.or.kr/dsaf001/main.do?rcpNo=20220321901888
00220109,알파AI,20190201,시장조치(복합),내부결산시점관리종목지정ㆍ형식적상장폐지ㆍ상장적격성실질심사사유발생,20190201901016,,"둘다(자본잠식,자기자본 / 사외이사,주주총회)",Y,https://dart.fss.or.kr/dsaf001/main.do?rcpNo=20190201901016
00220109,알파AI,20190319,관리종목,주권매매거래정지(관리종목지정사유발생),20190319900562,,키워드없음,Y,https://dart.fss.or.kr/dsaf001/main.do?rcpNo=20190319900562
00220109,알파AI,20200214,시장조치(복합),내부결산시점관리종목지정ㆍ형식적상장폐지ㆍ상장적격성실질심사사유발생,20200214900849,,"둘다(자본잠식,자기자본 / 사외이사,주주총회)",Y,https://dart.fss.or.kr/dsaf001/main.do?rcpNo=20200214900849
00220109,알파AI,20200713,상장폐지,주권매매거래정지기간변경(상장폐지 사유 발생),20200713900443,,키워드없음,Y,https://dart.fss.or.kr/dsaf001/main.do?rcpNo=20200713900443
00220109,알파AI,20260407,상장폐지,주권매매거래정지기간변경              (상장폐지 사유 발생),20260407901216,,키워드없음,Y,https://dart.fss.or.kr/dsaf001/main.do?rcpNo=20260407901216
00222806,에임하이글로벌,20180226,시장조치(복합),내부결산시점관리종목지정ㆍ형식적상장폐지ㆍ상장적격성실질심사사유발생,20180226900930,,"둘다(자본잠식,자기자본 / 사외이사,주주총회)",Y,https://dart.fss.or.kr/dsaf001/main.do?rcpNo=20180226900930
00222806,에임하이글로벌,20180322,상장폐지,주권매매거래정지기간변경(상장폐지 사유 발생),20180322901695,,키워드없음,Y,https://dart.fss.or.kr/dsaf001/main.do?rcpNo=20180322901695
00226228,한프,20150203,시장조치(복합),내부결산시점관리종목지정ㆍ형식적상장폐지ㆍ상장적격성실질심사사유발생,20150203900642,,"둘다(자본잠식,자기자본 / 사외이사)",Y,https://dart.fss.or.kr/dsaf001/main.do?rcpNo=20150203900642
00226228,한프,20150319,관리종목,주권매매거래정지(관리종목지정사유발생),20150319901072,,키워드없음,Y,https://dart.fss.or.kr/dsaf001/main.do?rcpNo=20150319901072
00226228,한프,20200217,시장조치(복합),내부결산시점관리종목지정ㆍ형식적상장폐지ㆍ상장적격성실질심사사유발생,20200217900336,,"둘다(자본잠식,자기자본 / 사외이사)",Y,https://dart.fss.or.kr/dsaf001/main.do?rcpNo=20200217900336
00226228,한프,20200513,상장폐지,주권매매거래정지기간변경(상장폐지 사유 발생),20200513900639,,둘다(의견거절 / 상장적격성 실질심사),Y,https://dart.fss.or.kr/dsaf001/main.do?rcpNo=20200513900639
00226228,한프,20210304,시장조치(복합),내부결산시점관리종목지정ㆍ형식적상장폐지ㆍ상장적격성실질심사사유발생,20210304900907,,"둘다(자본잠식,자기자본 / 사외이사,상장적격성 실질심사)",Y,https://dart.fss.or.kr/dsaf001/main.do?rcpNo=20210304900907
00226228,한프,20210406,상장폐지,주권매매거래정지기간변경(상장폐지 사유 발생),20210406900259,,"둘다(감사의견,의견거절 / 상장적격성 실질심사)",Y,https://dart.fss.or.kr/dsaf001/main.do?rcpNo=20210406900259
00226228,한프,20210813,상장폐지,주권매매거래정지기간변경(상장폐지 사유 발생),20210813901461,,둘다(감사의견 / 상장적격성 실질심사),Y,https://dart.fss.or.kr/dsaf001/main.do?rcpNo=20210813901461
00226228,한프,20220310,시장조치(복합),내부결산시점관리종목지정ㆍ형식적상장폐지ㆍ상장적격성실질심사사유발생,20220310901083,,"둘다(자본잠식,자기자본 / 사외이사)",Y,https://dart.fss.or.kr/dsaf001/main.do?rcpNo=20220310901083
00230036,드래곤플라이,20250314,시장조치(복합),내부결산시점관리종목지정ㆍ형식적상장폐지ㆍ상장적격성실질심사사유발생,20250314902037,,"둘다(자본잠식,자기자본 / 사외이사,주주총회)",Y,https://dart.fss.or.kr/dsaf001/main.do?rcpNo=20250314902037
00230036,드래곤플라이,20250410,상장폐지,주권매매거래정지기간변경              (상장폐지 사유 발생),20250410901040,Y,"감사의견,의견거절,계속기업",,https://dart.fss.or.kr/dsaf001/main.do?rcpNo=20250410901040
00230036,드래곤플라이,20260316,시장조치(복합),내부결산시점관리종목지정ㆍ형식적상장폐지ㆍ상장적격성실질심사사유발생,20260316902537,,"둘다(자본잠식,자기자본 / 사외이사,주주총회)",Y,https://dart.fss.or.kr/dsaf001/main.do?rcpNo=20260316902537
00230814,휴림에이텍,20210323,상장폐지,주권매매거래정지기간변경(상장폐지사유 발생),20210323901653,Y,의견거절,,https://dart.fss.or.kr/dsaf001/main.do?rcpNo=20210323901653
00230814,휴림에이텍,20210901,상장폐지,주권매매거래정지기간변경(상장폐지 사유 발생),20210901900560,,"둘다(감사의견,의견거절 / 상장적격성 실질심사)",Y,https://dart.fss.or.kr/dsaf001/main.do?rcpNo=20210901900560
00231691,판타지오,20220127,시장조치(복합),내부결산시점관리종목지정ㆍ형식적상장폐지ㆍ상장적격성실질심사사유발생,20220127900639,,"둘다(자본잠식,자기자본 / 사외이사,주주총회)",Y,https://dart.fss.or.kr/dsaf001/main.do?rcpNo=20220127900639
00231691,판타지오,20220318,관리종목,주권매매거래정지(관리종목지정사유발생),20220318900863,,키워드없음,Y,https://dart.fss.or.kr/dsaf001/main.do?rcpNo=20220318900863
00232007,상지건설,20150312,시장조치(복합),내부결산시점관리종목지정ㆍ형식적상장폐지ㆍ상장적격성실질심사사유발생,20150312901842,,"둘다(자본잠식,자기자본 / 사외이사,주주총회)",Y,https://dart.fss.or.kr/dsaf001/main.do?rcpNo=20150312901842
00232007,상지건설,20150323,관리종목,주권매매거래정지(관리종목지정사유발생),20150323900725,,키워드없음,Y,https://dart.fss.or.kr/dsaf001/main.do?rcpNo=20150323900725
00232007,상지건설,20170323,관리종목,주권매매거래정지(관리종목지정사유발생),20170323900886,,키워드없음,Y,https://dart.fss.or.kr/dsaf001/main.do?rcpNo=20170323900886
00232089,바이온,20250703,상장폐지,주권매매거래정지기간변경              (상장폐지 사유 발생),20250703900689,,키워드없음,Y,https://dart.fss.or.kr/dsaf001/main.do?rcpNo=20250703900689
00232089,바이온,20260213,시장조치(복합),내부결산시점관리종목지정ㆍ형식적상장폐지ㆍ상장적격성실질심사사유발생,20260213902136,,"둘다(자본잠식,자기자본 / 사외이사,주주총회)",Y,https://dart.fss.or.kr/dsaf001/main.do?rcpNo=20260213902136
00232496,씨그널엔터테인먼트그룹,20170316,시장조치(복합),내부결산시점관리종목지정ㆍ형식적상장폐지ㆍ상장적격성실질심사사유발생,20170316901472,,"둘다(자본잠식,자기자본 / 사외이사,주주총회)",Y,https://dart.fss.or.kr/dsaf001/main.do?rcpNo=20170316901472
00232496,씨그널엔터테인먼트그룹,20170330,관리종목,주권매매거래정지(관리종목지정사유발생),20170330902068,,키워드없음,Y,https://dart.fss.or.kr/dsaf001/main.do?rcpNo=20170330902068
00232496,씨그널엔터테인먼트그룹,20180321,상장폐지,주권매매거래정지기간변경(상장폐지 사유 발생),20180321901058,,키워드없음,Y,https://dart.fss.or.kr/dsaf001/main.do?rcpNo=20180321901058
00233653,한국토지신탁,20160314,상장폐지,상장폐지승인을위한의안상정결정,20160314900760,N,"사외이사,주주총회",,https://dart.fss.or.kr/dsaf001/main.do?rcpNo=20160314900760
00233653,한국토지신탁,20160704,상장폐지,상장폐지결정,20160704900133,N,"사외이사,주주총회",,https://dart.fss.or.kr/dsaf001/main.do?rcpNo=20160704900133
00235147,에이팸,20201203,상장폐지,주권매매거래정지기간변경(상장폐지사유 발생),20201203900521,,키워드없음,Y,https://dart.fss.or.kr/dsaf001/main.do?rcpNo=20201203900521
00238977,에스엠화진,20181122,상장폐지,주권매매거래정지기간변경(상장폐지 사유 발생),20181122900761,,키워드없음,Y,https://dart.fss.or.kr/dsaf001/main.do?rcpNo=20181122900761
00238977,에스엠화진,20190329,상장폐지,주권매매거래정지기간변경(상장폐지 사유 발생),20190329904001,Y,의견거절,,https://dart.fss.or.kr/dsaf001/main.do?rcpNo=20190329904001
00238977,에스엠화진,20200515,상장폐지,주권매매거래정지기간변경(상장폐지 사유 발생),20200515902813,,"둘다(감사의견,의견거절 / 상장적격성 실질심사)",Y,https://dart.fss.or.kr/dsaf001/main.do?rcpNo=20200515902813
00239639,삼표시멘트,20220512,상장폐지,상장폐지승인을위한의안상정결정,20220512900411,N,"사외이사,주주총회",,https://dart.fss.or.kr/dsaf001/main.do?rcpNo=20220512900411
00241209,모아텍,20170227,상장폐지,상장폐지결정,20170227900331,N,"사외이사,주주총회",,https://dart.fss.or.kr/dsaf001/main.do?rcpNo=20170227900331
00241236,에이치씨코퍼레이션,20160229,시장조치(복합),내부결산시점관리종목지정ㆍ형식적상장폐지ㆍ상장적격성실질심사사유발생,20160229900802,,"둘다(자본잠식,자기자본 / 사외이사,주주총회)",Y,https://dart.fss.or.kr/dsaf001/main.do?rcpNo=20160229900802
00241236,에이치씨코퍼레이션,20160322,관리종목,주권매매거래정지(관리종목지정사유발생),20160322900393,,키워드없음,Y,https://dart.fss.or.kr/dsaf001/main.do?rcpNo=20160322900393
00243067,부방,20190614,상장폐지,상장폐지결정(자회사의 주요경영사항),20190614900461,N,"사외이사,주주총회,자진",,https://dart.fss.or.kr/dsaf001/main.do?rcpNo=20190614900461
00243979,수성웹툰,20180316,상장폐지,주권매매거래정지기간변경(상장폐지 사유 발생),20180316901538,,키워드없음,Y,https://dart.fss.or.kr/dsaf001/main.do?rcpNo=20180316901538
00243979,수성웹툰,20190225,시장조치(복합),내부결산시점관리종목지정ㆍ형식적상장폐지ㆍ상장적격성실질심사사유발생,20190225901257,,"둘다(자본잠식,자기자본 / 사외이사,주주총회)",Y,https://dart.fss.or.kr/dsaf001/main.do?rcpNo=20190225901257
00243988,에스케이브로드밴드,20150320,상장폐지,상장폐지결정,20150320902149,N,"사외이사,주주총회,자진",,https://dart.fss.or.kr/dsaf001/main.do?rcpNo=20150320902149
00244419,디에스티,20160330,관리종목,주권매매거래정지(관리종목지정사유발생),20160330900005,Y,"자본잠식,영업손실",,https://dart.fss.or.kr/dsaf001/main.do?rcpNo=20160330900005
00244419,디에스티,20170118,상장폐지,주권매매거래정지기간변경(상장폐지 사유 발생),20170118900549,,키워드없음,Y,https://dart.fss.or.kr/dsaf001/main.do?rcpNo=20170118900549
00244419,디에스티,20170216,시장조치(복합),내부결산시점관리종목지정ㆍ형식적상장폐지ㆍ상장적격성실질심사사유발생,20170216900142,,"둘다(자본잠식,자기자본 / 사외이사)",Y,https://dart.fss.or.kr/dsaf001/main.do?rcpNo=20170216900142
00244419,디에스티,20200327,상장폐지,주권매매거래정지(상장폐지 사유발생),20200327903905,Y,한정,,https://dart.fss.or.kr/dsaf001/main.do?rcpNo=20200327903905
00244419,디에스티,20210210,시장조치(복합),내부결산시점관리종목지정ㆍ형식적상장폐지ㆍ상장적격성실질심사사유발생,20210210900565,,"둘다(자본잠식,자기자본 / 사외이사,주주총회)",Y,https://dart.fss.or.kr/dsaf001/main.do?rcpNo=20210210900565
00244419,디에스티,20210419,상장폐지,주권매매거래정지기간변경(상장폐지사유 발생(2020사업연도)),20210419900685,Y,"감사의견,의견거절,계속기업",,https://dart.fss.or.kr/dsaf001/main.do?rcpNo=20210419900685
00245898,에스에이치엔엘,20170220,시장조치(복합),내부결산시점관리종목지정ㆍ형식적상장폐지ㆍ상장적격성실질심사사유발생,20170220900527,,"둘다(자본잠식,자기자본 / 사외이사,주주총회)",Y,https://dart.fss.or.kr/dsaf001/main.do?rcpNo=20170220900527
00245898,에스에이치엔엘,20180213,시장조치(복합),내부결산시점관리종목지정ㆍ형식적상장폐지ㆍ상장적격성실질심사사유발생,20180213900331,,"둘다(자본잠식,자기자본 / 사외이사,주주총회)",Y,https://dart.fss.or.kr/dsaf001/main.do?rcpNo=20180213900331
00245898,에스에이치엔엘,20180503,상장폐지,주권매매거래정지기간변경(상장폐지 사유 발생),20180503900760,,키워드없음,Y,https://dart.fss.or.kr/dsaf001/main.do?rcpNo=20180503900760
00245898,에스에이치엔엘,20190415,상장폐지,주권매매거래정지기간변경(상장폐지 사유 발생),20190415900824,Y,"감사의견,의견거절,계속기업",,https://dart.fss.or.kr/dsaf001/main.do?rcpNo=20190415900824
00245898,에스에이치엔엘,20200214,시장조치(복합),내부결산시점관리종목지정ㆍ형식적상장폐지ㆍ상장적격성실질심사사유발생,20200214901086,,"둘다(자본잠식,자기자본 / 사외이사,주주총회)",Y,https://dart.fss.or.kr/dsaf001/main.do?rcpNo=20200214901086
00245898,에스에이치엔엘,20200814,상장폐지,주권매매거래정지기간변경(상장폐지 사유 발생),20200814903246,Y,"감사의견,의견거절,부적정",,https://dart.fss.or.kr/dsaf001/main.do?rcpNo=20200814903246
00245898,에스에이치엔엘,20210330,상장폐지,주권매매거래정지기간변경(상장폐지 사유 발생),20210330902441,Y,"감사의견,의견거절,부적정",,https://dart.fss.or.kr/dsaf001/main.do?rcpNo=20210330902441
00245898,에스에이치엔엘,20210817,상장폐지,주권매매거래정지기간변경(상장폐지 사유 발생),20210817900778,Y,"감사의견,의견거절,부적정",,https://dart.fss.or.kr/dsaf001/main.do?rcpNo=20210817900778
00249441,씨씨에스,20191111,상장폐지,주권매매거래정지기간변경(상장폐지 사유 발생),20191111900513,,키워드없음,Y,https://dart.fss.or.kr/dsaf001/main.do?rcpNo=20191111900513
00249441,씨씨에스,20250922,상장폐지,주권매매거래정지기간변경              (상장폐지 사유 발생),20250922900540,,키워드없음,Y,https://dart.fss.or.kr/dsaf001/main.do?rcpNo=20250922900540
00249502,골드앤에스,20200224,시장조치(복합),내부결산시점관리종목지정ㆍ형식적상장폐지ㆍ상장적격성실질심사사유발생,20200224900809,,"둘다(자본잠식,자기자본 / 사외이사,주주총회)",Y,https://dart.fss.or.kr/dsaf001/main.do?rcpNo=20200224900809
00249502,골드앤에스,20200320,상장폐지,주권매매거래정지기간변경(상장폐지 사유 발생),20200320902488,Y,"의견거절,계속기업",,https://dart.fss.or.kr/dsaf001/main.do?rcpNo=20200320902488
00249502,골드앤에스,20200819,상장폐지,주권매매거래정지기간변경(상장폐지 사유 발생),20200819900533,,둘다(감사의견 / 상장적격성 실질심사),Y,https://dart.fss.or.kr/dsaf001/main.do?rcpNo=20200819900533
00249502,골드앤에스,20210323,상장폐지,주권매매거래정지기간변경(상장폐지 사유발생),20210323901667,,"둘다(감사의견,의견거절 / 상장적격성 실질심사)",Y,https://dart.fss.or.kr/dsaf001/main.do?rcpNo=20210323901667
00252755,씨앤케이인터내셔널,20150331,상장폐지,주권매매거래정지기간변경(상장폐지사유 발생),20150331904615,,키워드없음,Y,https://dart.fss.or.kr/dsaf001/main.do?rcpNo=20150331904615
00252755,씨앤케이인터내셔널,20150515,상장폐지,기타경영사항(자율공시)(상장폐지결정 무효확인 청구의 소),20150515902637,,키워드없음,Y,https://dart.fss.or.kr/dsaf001/main.do?rcpNo=20150515902637
00255105,케이바이오랩스,20170215,시장조치(복합),내부결산시점관리종목지정ㆍ형식적상장폐지ㆍ상장적격성실질심사사유발생,20170215900789,,,Y,https://dart.fss.or.kr/dsaf001/main.do?rcpNo=20170215900789
00255105,케이바이오랩스,20170322,관리종목,주권매매거래정지(관리종목지정사유발생),20170322900601,,키워드없음,Y,https://dart.fss.or.kr/dsaf001/main.do?rcpNo=20170322900601
00255141,글로앤웰,20190829,상장폐지,주권매매거래정지기간변경(상장폐지 사유 발생),20190829900536,,키워드없음,Y,https://dart.fss.or.kr/dsaf001/main.do?rcpNo=20190829900536
00256380,유아이엘,20220117,시장조치(복합),내부결산시점관리종목지정ㆍ형식적상장폐지ㆍ상장적격성실질심사사유발생,20220117900490,,"둘다(자본잠식,자기자본 / 사외이사,주주총회)",Y,https://dart.fss.or.kr/dsaf001/main.do?rcpNo=20220117900490
00256380,유아이엘,20220310,관리종목,주권매매거래정지(관리종목지정사유발생),20220310901913,,키워드없음,Y,https://dart.fss.or.kr/dsaf001/main.do?rcpNo=20220310901913
00256715,국순당,20190211,시장조치(복합),내부결산시점관리종목지정ㆍ형식적상장폐지ㆍ상장적격성실질심사사유발생,20190211900684,,"둘다(자본잠식,자기자본 / 사외이사,주주총회)",Y,https://dart.fss.or.kr/dsaf001/main.do?rcpNo=20190211900684
00256715,국순당,20190319,관리종목,주권매매거래정지(관리종목지정사유발생),20190319900545,,키워드없음,Y,https://dart.fss.or.kr/dsaf001/main.do?rcpNo=20190319900545
00256715,국순당,20200210,시장조치(복합),내부결산시점관리종목지정ㆍ형식적상장폐지ㆍ상장적격성실질심사사유발생,20200210900936,,"둘다(자본잠식,자기자본 / 사외이사,주주총회)",Y,https://dart.fss.or.kr/dsaf001/main.do?rcpNo=20200210900936
00257149,지더블유바이텍,20200319,상장폐지,주권매매거래정지기간변경(상장폐지 사유 발생),20200319902590,Y,의견거절,,https://dart.fss.or.kr/dsaf001/main.do?rcpNo=20200319902590
00257149,지더블유바이텍,20250114,상장폐지,주권매매거래정지기간변경              (상장폐지 사유 발생),20250114900564,,키워드없음,Y,https://dart.fss.or.kr/dsaf001/main.do?rcpNo=20250114900564
00257732,한국정밀기계,20170209,시장조치(복합),내부결산시점관리종목지정ㆍ형식적상장폐지ㆍ상장적격성실질심사사유발생,20170209900817,,"둘다(자본잠식,자기자본 / 사외이사,주주총회)",Y,https://dart.fss.or.kr/dsaf001/main.do?rcpNo=20170209900817
00257732,한국정밀기계,20180206,시장조치(복합),내부결산시점관리종목지정ㆍ형식적상장폐지ㆍ상장적격성실질심사사유발생,20180206900478,,"둘다(자본잠식,자기자본 / 사외이사,주주총회)",Y,https://dart.fss.or.kr/dsaf001/main.do?rcpNo=20180206900478
00257732,한국정밀기계,20180706,상장폐지,주권매매거래정지기간변경(상장폐지 사유 발생),20180706900776,,키워드없음,Y,https://dart.fss.or.kr/dsaf001/main.do?rcpNo=20180706900776
00257732,한국정밀기계,20190211,시장조치(복합),내부결산시점관리종목지정ㆍ형식적상장폐지ㆍ상장적격성실질심사사유발생,20190211900609,,"둘다(자본잠식,자기자본 / 사외이사)",Y,https://dart.fss.or.kr/dsaf001/main.do?rcpNo=20190211900609
00257732,한국정밀기계,20200206,시장조치(복합),내부결산시점관리종목지정ㆍ형식적상장폐지ㆍ상장적격성실질심사사유발생,20200206900763,,"둘다(자본잠식,자기자본 / 사외이사)",Y,https://dart.fss.or.kr/dsaf001/main.do?rcpNo=20200206900763
00257732,한국정밀기계,20210205,시장조치(복합),내부결산시점관리종목지정ㆍ형식적상장폐지ㆍ상장적격성실질심사사유발생,20210205900859,,"둘다(자본잠식,자기자본 / 사외이사)",Y,https://dart.fss.or.kr/dsaf001/main.do?rcpNo=20210205900859
00257732,한국정밀기계,20220211,시장조치(복합),내부결산시점관리종목지정ㆍ형식적상장폐지ㆍ상장적격성실질심사사유발생,20220211901213,,"둘다(자본잠식,자기자본 / 사외이사)",Y,https://dart.fss.or.kr/dsaf001/main.do?rcpNo=20220211901213
00258801,카카오,20170502,상장폐지,상장폐지승인을위한의안상정결정,20170502900577,N,"사외이사,주주총회",,https://dart.fss.or.kr/dsaf001/main.do?rcpNo=20170502900577
00258801,카카오,20170704,상장폐지,상장폐지결정,20170704900288,N,"사외이사,주주총회",,https://dart.fss.or.kr/dsaf001/main.do?rcpNo=20170704900288
00259590,바른손이앤에이,20150128,시장조치(복합),내부결산시점관리종목지정ㆍ형식적상장폐지ㆍ상장적격성실질심사사유발생,20150128900192,,"둘다(자본잠식,자기자본 / 사외이사,주주총회)",Y,https://dart.fss.or.kr/dsaf001/main.do?rcpNo=20150128900192
00259590,바른손이앤에이,20150316,관리종목,주권매매거래정지(관리종목지정사유발생),20150316901286,,키워드없음,Y,https://dart.fss.or.kr/dsaf001/main.do?rcpNo=20150316901286
00259934,예림당,20220302,시장조치(복합),내부결산시점관리종목지정ㆍ형식적상장폐지ㆍ상장적격성실질심사사유발생,20220302901091,,"둘다(자본잠식,자기자본 / 사외이사,주주총회)",Y,https://dart.fss.or.kr/dsaf001/main.do?rcpNo=20220302901091
00260611,웰킵스하이텍,20190315,상장폐지,주권매매거래정지기간변경(상장폐지 사유 발생),20190315901702,,키워드없음,Y,https://dart.fss.or.kr/dsaf001/main.do?rcpNo=20190315901702
00260611,웰킵스하이텍,20200320,상장폐지,"주권매매거래정지기간변경(상장폐지 사유 발생, 회생절차개시결정)",20200320902472,,"둘다(감사의견,의견거절 / 상장적격성 실질심사)",Y,https://dart.fss.or.kr/dsaf001/main.do?rcpNo=20200320902472
00260611,웰킵스하이텍,20200821,상장폐지,주권매매거래정지기간변경(상장폐지 사유 발생),20200821900611,,"둘다(의견거절,계속기업 / 상장적격성 실질심사)",Y,https://dart.fss.or.kr/dsaf001/main.do?rcpNo=20200821900611
00260611,웰킵스하이텍,20210405,시장조치(복합),내부결산시점관리종목지정ㆍ형식적상장폐지ㆍ상장적격성실질심사사유발생(2019사업연도),20210405900928,,"둘다(자본잠식,자기자본 / 사외이사,주주총회)",Y,https://dart.fss.or.kr/dsaf001/main.do?rcpNo=20210405900928
00260611,웰킵스하이텍,20210405,시장조치(복합),내부결산시점관리종목지정ㆍ형식적상장폐지ㆍ상장적격성실질심사사유발생(2020사업연도),20210405901026,,"둘다(자본잠식,자기자본 / 사외이사,주주총회)",Y,https://dart.fss.or.kr/dsaf001/main.do?rcpNo=20210405901026
00260657,오상헬스케어,20160322,상장폐지,주권매매거래정지기간변경(상장폐지 사유 발생),20160322900935,,키워드없음,Y,https://dart.fss.or.kr/dsaf001/main.do?rcpNo=20160322900935
00261735,위노바,20180122,상장폐지,주권매매거래정지기간변경(상장폐지 사유 발생),20180122900779,,키워드없음,Y,https://dart.fss.or.kr/dsaf001/main.do?rcpNo=20180122900779
00261735,위노바,20180214,시장조치(복합),내부결산시점관리종목지정ㆍ형식적상장폐지ㆍ상장적격성실질심사사유발생,20180214900001,,"둘다(자본잠식,자기자본 / 사외이사)",Y,https://dart.fss.or.kr/dsaf001/main.do?rcpNo=20180214900001
00261887,티엘아이,20230321,상장폐지,주권매매거래정지기간변경(상장폐지 사유 발생),20230321902081,,"둘다(감사의견,의견거절 / 상장적격성 실질심사)",Y,https://dart.fss.or.kr/dsaf001/main.do?rcpNo=20230321902081
00261887,티엘아이,20241011,상장폐지,주권매매거래정지기간변경              (상장폐지 사유 발생),20241011900563,,키워드없음,Y,https://dart.fss.or.kr/dsaf001/main.do?rcpNo=20241011900563
00264671,세중,20210319,관리종목,주권매매거래정지(관리종목지정사유발생),20210319900845,,키워드없음,Y,https://dart.fss.or.kr/dsaf001/main.do?rcpNo=20210319900845
00264787,럭슬,20190212,시장조치(복합),내부결산시점관리종목지정ㆍ형식적상장폐지ㆍ상장적격성실질심사사유발생,20190212901146,,"둘다(자본잠식,자기자본 / 사외이사,주주총회)",Y,https://dart.fss.or.kr/dsaf001/main.do?rcpNo=20190212901146
00264787,럭슬,20190319,관리종목,주권매매거래정지(관리종목지정사유발생),20190319900544,,키워드없음,Y,https://dart.fss.or.kr/dsaf001/main.do?rcpNo=20190319900544
00264787,럭슬,20200324,상장폐지,주권매매거래정지기간변경(상장폐지 사유 발생),20200324902276,Y,의견거절,,https://dart.fss.or.kr/dsaf001/main.do?rcpNo=20200324902276
00264787,럭슬,20210323,상장폐지,주권매매거래정지기간변경(상장폐지 사유 발생),20210323901147,,"둘다(감사의견,의견거절 / 상장적격성 실질심사)",Y,https://dart.fss.or.kr/dsaf001/main.do?rcpNo=20210323901147
00266934,파루,20210215,시장조치(복합),내부결산시점관리종목지정ㆍ형식적상장폐지ㆍ상장적격성실질심사사유발생,20210215901239,,"둘다(자본잠식,자기자본 / 사외이사,주주총회)",Y,https://dart.fss.or.kr/dsaf001/main.do?rcpNo=20210215901239
00266961,NAVER,20201109,상장폐지,해외증권시장주권등상장폐지결정(종속회사의주요경영사항),20201109800500,N,"사외이사,주주총회",,https://dart.fss.or.kr/dsaf001/main.do?rcpNo=20201109800500
00267854,메디앙스,20200319,상장폐지,주권매매거래정지기간변경(상장폐지 사유 발생),20200319902549,Y,한정,,https://dart.fss.or.kr/dsaf001/main.do?rcpNo=20200319902549
00267854,메디앙스,20210323,상장폐지,"주권매매거래정지기간변경(상장폐지 사유 발생, 상장적격성 실질심사 대상(사유발생))",20210323901827,,"둘다(감사의견,한정 / 상장적격성 실질심사)",Y,https://dart.fss.or.kr/dsaf001/main.do?rcpNo=20210323901827
00267854,메디앙스,20210817,상장폐지,주권매매거래정지기간변경(상장폐지 사유 발생),20210817902720,,둘다(감사의견 / 상장적격성 실질심사),Y,https://dart.fss.or.kr/dsaf001/main.do?rcpNo=20210817902720
00268002,세종텔레콤,20220816,관리종목,주권매매거래정지(관리종목지정사유발생),20220816902508,,키워드없음,Y,https://dart.fss.or.kr/dsaf001/main.do?rcpNo=20220816902508
00268118,코맥스,20240321,상장폐지,주권매매거래정지기간변경              (상장폐지 사유 발생),20240321902883,Y,의견거절,,https://dart.fss.or.kr/dsaf001/main.do?rcpNo=20240321902883
00273110,에스티큐브,20240202,시장조치(복합),내부결산시점관리종목지정ㆍ형식적상장폐지ㆍ상장적격성실질심사사유발생,20240202900874,,"둘다(자본잠식,자기자본 / 사외이사,주주총회)",Y,https://dart.fss.or.kr/dsaf001/main.do?rcpNo=20240202900874
00273110,에스티큐브,20240320,관리종목,주권매매거래정지              (관리종목지정사유발생),20240320900886,,키워드없음,Y,https://dart.fss.or.kr/dsaf001/main.do?rcpNo=20240320900886
00276083,피노,20200128,시장조치(복합),내부결산시점관리종목지정ㆍ형식적상장폐지ㆍ상장적격성실질심사사유발생,20200128900754,,,Y,https://dart.fss.or.kr/dsaf001/main.do?rcpNo=20200128900754
00276083,피노,20220523,상장폐지,주권매매거래정지기간변경(상장폐지 사유 발생),20220523900541,,키워드없음,Y,https://dart.fss.or.kr/dsaf001/main.do?rcpNo=20220523900541
00277736,한일네트웍스,20220722,상장폐지,상장폐지결정,20220722900465,N,"사외이사,주주총회",,https://dart.fss.or.kr/dsaf001/main.do?rcpNo=20220722900465
00277736,한일네트웍스,20220810,상장폐지,상장폐지승인을위한의안상정결정,20220810900580,N,"사외이사,주주총회,자진",,https://dart.fss.or.kr/dsaf001/main.do?rcpNo=20220810900580
00288343,삼영이엔씨,20250314,시장조치(복합),내부결산시점관리종목지정ㆍ형식적상장폐지ㆍ상장적격성실질심사사유발생,20250314901785,,"둘다(자본잠식,자기자본 / 사외이사,주주총회)",Y,https://dart.fss.or.kr/dsaf001/main.do?rcpNo=20250314901785
00288343,삼영이엔씨,20250407,상장폐지,주권매매거래정지기간변경              (상장폐지 사유 발생),20250407900752,,"둘다(감사의견,의견거절 / 상장적격성 실질심사)",Y,https://dart.fss.or.kr/dsaf001/main.do?rcpNo=20250407900752
00288343,삼영이엔씨,20260323,상장폐지,주권매매거래정지기간변경              (상장폐지 사유 발생),20260323902715,,둘다(감사의견 / 상장적격성 실질심사),Y,https://dart.fss.or.kr/dsaf001/main.do?rcpNo=20260323902715
00291231,우전,20150410,상장폐지,주권매매거래정지기간변경(상장폐지사유 발생 ),20150410900770,Y,"감사의견,의견거절,계속기업",,https://dart.fss.or.kr/dsaf001/main.do?rcpNo=20150410900770
00291231,우전,20160212,시장조치(복합),내부결산시점관리종목지정ㆍ형식적상장폐지ㆍ상장적격성실질심사사유발생,20160212901058,,"둘다(자본잠식,자기자본 / 사외이사,주주총회)",Y,https://dart.fss.or.kr/dsaf001/main.do?rcpNo=20160212901058
00291231,우전,20170209,시장조치(복합),내부결산시점관리종목지정ㆍ형식적상장폐지ㆍ상장적격성실질심사사유발생,20170209901416,,"둘다(자본잠식,자기자본 / 사외이사,주주총회)",Y,https://dart.fss.or.kr/dsaf001/main.do?rcpNo=20170209901416
00291231,우전,20170321,상장폐지,주권매매거래정지기간변경(상장폐지 사유 발생),20170321900807,Y,의견거절,,https://dart.fss.or.kr/dsaf001/main.do?rcpNo=20170321900807
00291860,조광아이엘아이,20230829,상장폐지,주권매매거래정지기간변경(상장폐지 사유 발생),20230829900641,,키워드없음,Y,https://dart.fss.or.kr/dsaf001/main.do?rcpNo=20230829900641
00295370,제이앤케이인더스트리,20190814,관리종목,주권매매거래정지(관리종목지정사유발생),20190814901871,,키워드없음,Y,https://dart.fss.or.kr/dsaf001/main.do?rcpNo=20190814901871
00295370,제이앤케이인더스트리,20200320,상장폐지,주권매매거래정지(상장폐지 사유발생),20200320901938,,키워드없음,Y,https://dart.fss.or.kr/dsaf001/main.do?rcpNo=20200320901938
00295370,제이앤케이인더스트리,20200814,상장폐지,주권매매거래정지기간변경(상장폐지 사유 발생),20200814903253,,둘다(감사의견 / 상장적격성 실질심사),Y,https://dart.fss.or.kr/dsaf001/main.do?rcpNo=20200814903253
00295370,제이앤케이인더스트리,20210322,상장폐지,주권매매거래정지기간변경(상장폐지 사유 발생),20210322901565,,둘다(감사의견 / 상장적격성 실질심사),Y,https://dart.fss.or.kr/dsaf001/main.do?rcpNo=20210322901565
00295857,코다코,20190321,상장폐지,주권매매거래정지기간변경(상장폐지 사유 발생),20190321901804,Y,의견거절,,https://dart.fss.or.kr/dsaf001/main.do?rcpNo=20190321901804
00295857,코다코,20210315,시장조치(복합),내부결산시점관리종목지정ㆍ형식적상장폐지ㆍ상장적격성실질심사사유발생,20210315901398,,"둘다(자본잠식,자기자본 / 사외이사)",Y,https://dart.fss.or.kr/dsaf001/main.do?rcpNo=20210315901398
00295857,코다코,20210322,관리종목,주권매매거래정지(관리종목지정사유발생),20210322900855,,키워드없음,Y,https://dart.fss.or.kr/dsaf001/main.do?rcpNo=20210322900855
00295857,코다코,20230316,시장조치(복합),내부결산시점관리종목지정ㆍ형식적상장폐지ㆍ상장적격성실질심사사유발생,20230316901835,,"둘다(자본잠식,자기자본 / 사외이사,상장적격성 실질심사)",Y,https://dart.fss.or.kr/dsaf001/main.do?rcpNo=20230316901835
00295857,코다코,20230323,관리종목,주권매매거래정지(관리종목지정사유발생),20230323901511,,키워드없음,Y,https://dart.fss.or.kr/dsaf001/main.do?rcpNo=20230323901511
00295857,코다코,20240321,상장폐지,주권매매거래정지기간변경              (상장폐지 사유 발생),20240321902146,Y,계속기업,,https://dart.fss.or.kr/dsaf001/main.do?rcpNo=20240321902146
00295857,코다코,20250321,상장폐지,주권매매거래정지기간변경              (상장폐지 사유 발생 및 상장적격성 실질심사 대상(사유발생)),20250321902295,,둘다(감사의견 / 상장적격성 실질심사),Y,https://dart.fss.or.kr/dsaf001/main.do?rcpNo=20250321902295
00295857,코다코,20250721,상장폐지,주권매매거래정지기간변경              (상장폐지 사유 발생 ),20250721900623,,둘다(감사의견 / 상장적격성 실질심사),Y,https://dart.fss.or.kr/dsaf001/main.do?rcpNo=20250721900623
00296005,우리로,20210407,상장폐지,주권매매거래정지기간변경(상장폐지 사유 발생),20210407900834,,둘다(의견거절 / 상장적격성 실질심사),Y,https://dart.fss.or.kr/dsaf001/main.do?rcpNo=20210407900834
00297448,플래스크,20240329,상장폐지,주권매매거래정지기간변경              (상장폐지 사유 발생),20240329900713,Y,의견거절,,https://dart.fss.or.kr/dsaf001/main.do?rcpNo=20240329900713
00297448,플래스크,20250714,상장폐지,주권매매거래정지기간변경              (상장폐지 사유 발생),20250714900601,N,상장적격성 실질심사,,https://dart.fss.or.kr/dsaf001/main.do?rcpNo=20250714900601
00298687,스포츠서울,20150611,시장조치(복합),내부결산시점관리종목지정ㆍ형식적상장폐지ㆍ상장적격성실질심사사유발생,20150611900249,,"둘다(자본잠식,자기자본 / 사외이사,주주총회)",Y,https://dart.fss.or.kr/dsaf001/main.do?rcpNo=20150611900249
00298687,스포츠서울,20160610,시장조치(복합),내부결산시점관리종목지정ㆍ형식적상장폐지ㆍ상장적격성실질심사사유발생,20160610900231,,"둘다(자본잠식,자기자본 / 사외이사,주주총회)",Y,https://dart.fss.or.kr/dsaf001/main.do?rcpNo=20160610900231
00298687,스포츠서울,20190613,시장조치(복합),내부결산시점관리종목지정ㆍ형식적상장폐지ㆍ상장적격성실질심사사유발생,20190613900497,,"둘다(자본잠식,자기자본 / 사외이사)",Y,https://dart.fss.or.kr/dsaf001/main.do?rcpNo=20190613900497
00298687,스포츠서울,20190621,상장폐지,주권매매거래정지기간변경(상장폐지 사유 발생),20190621900787,Y,"감사의견,의견거절,계속기업",,https://dart.fss.or.kr/dsaf001/main.do?rcpNo=20190621900787
00298687,스포츠서울,20200629,상장폐지,주권매매거래정지기간변경(상장폐지 사유 발생),20200629900670,,"둘다(의견거절,계속기업 / 상장적격성 실질심사)",Y,https://dart.fss.or.kr/dsaf001/main.do?rcpNo=20200629900670
00298687,스포츠서울,20220216,상장폐지,주권매매거래정지기간변경(상장폐지 사유 발생),20220216900996,,키워드없음,Y,https://dart.fss.or.kr/dsaf001/main.do?rcpNo=20220216900996
00299358,트레스,20191028,상장폐지,주권매매거래정지기간변경(상장폐지 사유 발생),20191028900505,,키워드없음,Y,https://dart.fss.or.kr/dsaf001/main.do?rcpNo=20191028900505
00299358,트레스,20210316,시장조치(복합),내부결산시점관리종목지정ㆍ형식적상장폐지ㆍ상장적격성실질심사사유발생,20210316900580,,"둘다(자본잠식,자기자본 / 사외이사,주주총회)",Y,https://dart.fss.or.kr/dsaf001/main.do?rcpNo=20210316900580
00299464,초록뱀미디어,20231120,상장폐지,주권매매거래정지기간변경(상장폐지 사유 발생),20231120900670,N,상장적격성 실질심사,,https://dart.fss.or.kr/dsaf001/main.do?rcpNo=20231120900670
00300557,위니아,20240229,시장조치(복합),내부결산시점관리종목지정ㆍ형식적상장폐지ㆍ상장적격성실질심사사유발생,20240229901208,,"둘다(자본잠식,자기자본 / 사외이사,상장적격성 실질심사)",Y,https://dart.fss.or.kr/dsaf001/main.do?rcpNo=20240229901208
00300557,위니아,20240326,상장폐지,주권매매거래정지기간변경              (상장폐지 사유 발생),20240326901177,,"둘다(감사의견,의견거절 / 상장적격성 실질심사)",Y,https://dart.fss.or.kr/dsaf001/main.do?rcpNo=20240326901177
00300557,위니아,20250228,시장조치(복합),내부결산시점관리종목지정ㆍ형식적상장폐지ㆍ상장적격성실질심사사유발생,20250228900784,,"둘다(자본잠식,자기자본 / 사외이사,상장적격성 실질심사)",Y,https://dart.fss.or.kr/dsaf001/main.do?rcpNo=20250228900784
00300557,위니아,20250328,상장폐지,주권매매거래정지기간변경              (상장폐지 사유 발생),20250328903647,,둘다(감사의견 / 상장적격성 실질심사),Y,https://dart.fss.or.kr/dsaf001/main.do?rcpNo=20250328903647
00301246,SFA반도체,20240822,상장폐지,해외증권시장주권등상장폐지결정(종속회사의주요경영사항),20240822900218,N,"사외이사,자진",,https://dart.fss.or.kr/dsaf001/main.do?rcpNo=20240822900218
00301246,SFA반도체,20241122,상장폐지,해외증권시장주권등상장폐지결정(종속회사의주요경영사항),20241122900570,N,"사외이사,정관,자진",,https://dart.fss.or.kr/dsaf001/main.do?rcpNo=20241122900570
00302078,엠피씨플러스,20200323,상장폐지,주권매매거래정지기간변경(상장폐지 사유 발생),20200323901993,Y,의견거절,,https://dart.fss.or.kr/dsaf001/main.do?rcpNo=20200323901993
00302078,엠피씨플러스,20210407,상장폐지,주권매매거래정지기간변경(상장폐지 사유 발생),20210407900822,,"둘다(감사의견,의견거절 / 상장적격성 실질심사)",Y,https://dart.fss.or.kr/dsaf001/main.do?rcpNo=20210407900822
00302078,엠피씨플러스,20220203,상장폐지,기타경영사항(자율공시)(상장폐지결정 무효확인의 소),20220203900879,,키워드없음,Y,https://dart.fss.or.kr/dsaf001/main.do?rcpNo=20220203900879
00302120,피앤텔,20190228,시장조치(복합),내부결산시점관리종목지정ㆍ형식적상장폐지ㆍ상장적격성실질심사사유발생,20190228901619,,"둘다(자본잠식,자기자본 / 사외이사,주주총회)",Y,https://dart.fss.or.kr/dsaf001/main.do?rcpNo=20190228901619
00302120,피앤텔,20190327,상장폐지,주권매매거래정지기간변경(상장폐지 사유 발생),20190327900385,Y,"감사의견,의견거절,계속기업",,https://dart.fss.or.kr/dsaf001/main.do?rcpNo=20190327900385
00302120,피앤텔,20200131,시장조치(복합),내부결산시점관리종목지정ㆍ형식적상장폐지ㆍ상장적격성실질심사사유발생,20200131900610,,"둘다(자본잠식,자기자본 / 사외이사,주주총회)",Y,https://dart.fss.or.kr/dsaf001/main.do?rcpNo=20200131900610
00302120,피앤텔,20200312,상장폐지,주권매매거래정지기간변경(상장폐지 사유 발생),20200312902556,,"둘다(감사의견,의견거절 / 상장적격성 실질심사)",Y,https://dart.fss.or.kr/dsaf001/main.do?rcpNo=20200312902556
00302801,디아이디,20150609,상장폐지,주권매매거래정지기간변경(상장폐지 사유 발생),20150609900415,Y,회생절차,,https://dart.fss.or.kr/dsaf001/main.do?rcpNo=20150609900415
00303192,디에이피,20260313,시장조치(복합),내부결산시점관리종목지정ㆍ형식적상장폐지ㆍ상장적격성실질심사사유발생,20260313901600,,"둘다(자본잠식,자기자본 / 사외이사,주주총회)",Y,https://dart.fss.or.kr/dsaf001/main.do?rcpNo=20260313901600
00303703,CS,20160325,관리종목,주권매매거래정지(관리종목지정사유발생),20160325900022,Y,자기자본,,https://dart.fss.or.kr/dsaf001/main.do?rcpNo=20160325900022
00307028,경남제약,20190328,상장폐지,주권매매거래정지기간변경(상장폐지 사유 발생),20190328901617,,키워드없음,Y,https://dart.fss.or.kr/dsaf001/main.do?rcpNo=20190328901617
00307189,에스케이엔펄스,20200812,상장폐지,상장폐지결정,20200812900146,N,"사외이사,주주총회,정관",,https://dart.fss.or.kr/dsaf001/main.do?rcpNo=20200812900146
00308559,코디,20180305,시장조치(복합),내부결산시점관리종목지정ㆍ형식적상장폐지ㆍ상장적격성실질심사사유발생,20180305900971,,"둘다(자본잠식,자기자본 / 사외이사,주주총회)",Y,https://dart.fss.or.kr/dsaf001/main.do?rcpNo=20180305900971
00308559,코디,20190228,시장조치(복합),내부결산시점관리종목지정ㆍ형식적상장폐지ㆍ상장적격성실질심사사유발생,20190228900978,,"둘다(자본잠식,자기자본 / 사외이사,상장적격성 실질심사)",Y,https://dart.fss.or.kr/dsaf001/main.do?rcpNo=20190228900978
00308896,셀피글로벌,20230321,상장폐지,주권매매거래정지기간변경(상장폐지 사유 발생),20230321902085,Y,의견거절,,https://dart.fss.or.kr/dsaf001/main.do?rcpNo=20230321902085
00308896,셀피글로벌,20240321,상장폐지,주권매매거래정지기간변경              (상장폐지 사유 발생),20240321902880,,둘다(감사의견 / 상장적격성 실질심사),Y,https://dart.fss.or.kr/dsaf001/main.do?rcpNo=20240321902880
00308896,셀피글로벌,20250407,상장폐지,주권매매거래정지기간변경              (상장폐지사유 발생),20250407901263,,키워드없음,Y,https://dart.fss.or.kr/dsaf001/main.do?rcpNo=20250407901263
00310156,셀루메드,20250314,시장조치(복합),내부결산시점관리종목지정ㆍ형식적상장폐지ㆍ상장적격성실질심사사유발생,20250314901694,,"둘다(자본잠식,자기자본 / 사외이사,주주총회)",Y,https://dart.fss.or.kr/dsaf001/main.do?rcpNo=20250314901694
00310156,셀루메드,20250321,관리종목,주권매매거래정지              (관리종목지정사유발생),20250321901093,,키워드없음,Y,https://dart.fss.or.kr/dsaf001/main.do?rcpNo=20250321901093
00310156,셀루메드,20260316,시장조치(복합),내부결산시점관리종목지정ㆍ형식적상장폐지ㆍ상장적격성실질심사사유발생,20260316902800,,"둘다(자본잠식,자기자본 / 사외이사,주주총회)",Y,https://dart.fss.or.kr/dsaf001/main.do?rcpNo=20260316902800
00310156,셀루메드,20260331,상장폐지,주권매매거래정지기간변경              (상장폐지사유 발생),20260331904843,,"둘다(의견거절,계속기업 / 상장적격성 실질심사)",Y,https://dart.fss.or.kr/dsaf001/main.do?rcpNo=20260331904843
00317487,티에스넥스젠,20190214,시장조치(복합),내부결산시점관리종목지정ㆍ형식적상장폐지ㆍ상장적격성실질심사사유발생,20190214900151,,"둘다(자본잠식,자기자본 / 사외이사,주주총회)",Y,https://dart.fss.or.kr/dsaf001/main.do?rcpNo=20190214900151
00317487,티에스넥스젠,20190321,관리종목,주권매매거래정지(관리종목지정사유발생),20190321900721,,키워드없음,Y,https://dart.fss.or.kr/dsaf001/main.do?rcpNo=20190321900721
00317487,티에스넥스젠,20250331,상장폐지,주권매매거래정지기간변경              (상장폐지 사유 발생),20250331904042,Y,한정,,https://dart.fss.or.kr/dsaf001/main.do?rcpNo=20250331904042
00317487,티에스넥스젠,20260407,상장폐지,주권매매거래정지기간변경              (상장폐지 사유 발생),20260407901234,,둘다(감사의견 / 상장적격성 실질심사),Y,https://dart.fss.or.kr/dsaf001/main.do?rcpNo=20260407901234
00317830,신양오라컴디스플레이,20160315,시장조치(복합),내부결산시점관리종목지정ㆍ형식적상장폐지ㆍ상장적격성실질심사사유발생,20160315900045,,"둘다(자본잠식,자기자본 / 사외이사,주주총회)",Y,https://dart.fss.or.kr/dsaf001/main.do?rcpNo=20160315900045
00317830,신양오라컴디스플레이,20170216,시장조치(복합),내부결산시점관리종목지정ㆍ형식적상장폐지ㆍ상장적격성실질심사사유발생,20170216900411,,"둘다(자본잠식,자기자본 / 사외이사)",Y,https://dart.fss.or.kr/dsaf001/main.do?rcpNo=20170216900411
00317830,신양오라컴디스플레이,20170323,상장폐지,주권매매거래정지기간변경(상장폐지 사유 발생),20170323901140,Y,"감사의견,의견거절,계속기업",,https://dart.fss.or.kr/dsaf001/main.do?rcpNo=20170323901140
00318662,CNT85,20190321,상장폐지,주권매매거래정지기간변경(상장폐지 사유 발생),20190321901805,,둘다(의견거절 / 상장적격성 실질심사),Y,https://dart.fss.or.kr/dsaf001/main.do?rcpNo=20190321901805
00318662,CNT85,20200228,시장조치(복합),내부결산시점관리종목지정ㆍ형식적상장폐지ㆍ상장적격성실질심사사유발생,20200228901452,,"둘다(자본잠식,자기자본 / 사외이사,주주총회)",Y,https://dart.fss.or.kr/dsaf001/main.do?rcpNo=20200228901452
00318662,CNT85,20200406,상장폐지,주권매매거래정지기간변경(상장폐지 사유 발생),20200406900911,,"둘다(감사의견,의견거절 / 상장적격성 실질심사)",Y,https://dart.fss.or.kr/dsaf001/main.do?rcpNo=20200406900911
00318662,CNT85,20200814,상장폐지,주권매매거래정지기간변경(상장폐지 사유 발생),20200814903254,,"둘다(감사의견,의견거절 / 상장적격성 실질심사)",Y,https://dart.fss.or.kr/dsaf001/main.do?rcpNo=20200814903254
00318662,CNT85,20210215,시장조치(복합),내부결산시점관리종목지정ㆍ형식적상장폐지ㆍ상장적격성실질심사사유발생,20210215901247,,"둘다(자본잠식,자기자본 / 사외이사,주주총회)",Y,https://dart.fss.or.kr/dsaf001/main.do?rcpNo=20210215901247
00318662,CNT85,20220330,상장폐지,주권매매거래정지기간변경(상장폐지 사유 발생),20220330901992,,"둘다(감사의견,의견거절 / 상장적격성 실질심사)",Y,https://dart.fss.or.kr/dsaf001/main.do?rcpNo=20220330901992
00324104,디케이씨,20180409,상장폐지,주권매매거래정지기간변경(상장폐지 사유 발생),20180409900931,Y,"감사의견,의견거절,계속기업",,https://dart.fss.or.kr/dsaf001/main.do?rcpNo=20180409900931
00328191,케이에스피,20180214,시장조치(복합),내부결산시점관리종목지정ㆍ형식적상장폐지ㆍ상장적격성실질심사사유발생,20180214900823,,"둘다(자본잠식,자기자본 / 사외이사)",Y,https://dart.fss.or.kr/dsaf001/main.do?rcpNo=20180214900823
00328191,케이에스피,20190208,시장조치(복합),내부결산시점관리종목지정ㆍ형식적상장폐지ㆍ상장적격성실질심사사유발생,20190208900971,,"둘다(자본잠식,자기자본 / 사외이사,상장적격성 실질심사)",Y,https://dart.fss.or.kr/dsaf001/main.do?rcpNo=20190208900971
00329093,코데즈컴바인,20150302,시장조치(복합),내부결산시점관리종목지정ㆍ형식적상장폐지ㆍ상장적격성실질심사사유발생,20150302900001,,"둘다(자본잠식,자기자본 / 사외이사,주주총회)",Y,https://dart.fss.or.kr/dsaf001/main.do?rcpNo=20150302900001
00329093,코데즈컴바인,20150410,상장폐지,주권매매거래정지기간변경(상장폐지 사유 발생),20150410900768,Y,"감사의견,계속기업",,https://dart.fss.or.kr/dsaf001/main.do?rcpNo=20150410900768
00329093,코데즈컴바인,20160222,시장조치(복합),내부결산시점관리종목지정ㆍ형식적상장폐지ㆍ상장적격성실질심사사유발생,20160222900385,,"둘다(자본잠식,자기자본 / 사외이사,주주총회)",Y,https://dart.fss.or.kr/dsaf001/main.do?rcpNo=20160222900385
00331016,에프앤가이드,20201211,상장폐지,상장폐지결정,20201211600571,N,사외이사,,https://dart.fss.or.kr/dsaf001/main.do?rcpNo=20201211600571
00334624,팍스넷,20200323,상장폐지,주권매매거래정지기간변경(상장폐지 사유 발생),20200323901989,Y,"감사의견,의견거절,계속기업",,https://dart.fss.or.kr/dsaf001/main.do?rcpNo=20200323901989
00334624,팍스넷,20210302,시장조치(복합),내부결산시점관리종목지정ㆍ형식적상장폐지ㆍ상장적격성실질심사사유발생,20210302901117,,"둘다(자본잠식,자기자본 / 사외이사,주주총회)",Y,https://dart.fss.or.kr/dsaf001/main.do?rcpNo=20210302901117
00334624,팍스넷,20210323,상장폐지,주권매매거래정지기간변경(상장폐지 사유 발생),20210323901774,,"둘다(감사의견,의견거절 / 상장적격성 실질심사)",Y,https://dart.fss.or.kr/dsaf001/main.do?rcpNo=20210323901774
00341916,오스템임플란트,20230518,상장폐지,상장폐지결정,20230518900523,N,"사외이사,주주총회,정관",,https://dart.fss.or.kr/dsaf001/main.do?rcpNo=20230518900523
00341916,오스템임플란트,20230518,상장폐지,상장폐지승인을위한의안상정결정,20230518900500,N,"사외이사,주주총회,자진",,https://dart.fss.or.kr/dsaf001/main.do?rcpNo=20230518900500
00346911,아이톡시,20180208,시장조치(복합),내부결산시점관리종목지정ㆍ형식적상장폐지ㆍ상장적격성실질심사사유발생,20180208900875,,"둘다(자본잠식,자기자본 / 사외이사,주주총회)",Y,https://dart.fss.or.kr/dsaf001/main.do?rcpNo=20180208900875
00346911,아이톡시,20180322,관리종목,주권매매거래정지(관리종목지정사유발생),20180322901272,,키워드없음,Y,https://dart.fss.or.kr/dsaf001/main.do?rcpNo=20180322901272
00346911,아이톡시,20190311,시장조치(복합),내부결산시점관리종목지정ㆍ형식적상장폐지ㆍ상장적격성실질심사사유발생,20190311901436,,"둘다(자본잠식,자기자본 / 사외이사)",Y,https://dart.fss.or.kr/dsaf001/main.do?rcpNo=20190311901436
00346911,아이톡시,20190328,상장폐지,주권매매거래정지기간변경(상장폐지 사유 발생),20190328901604,Y,"감사의견,의견거절,계속기업",,https://dart.fss.or.kr/dsaf001/main.do?rcpNo=20190328901604
00346911,아이톡시,20210917,상장폐지,주권매매거래정지기간변경(상장폐지 사유 발생),20210917900742,,키워드없음,Y,https://dart.fss.or.kr/dsaf001/main.do?rcpNo=20210917900742
00346911,아이톡시,20250314,시장조치(복합),내부결산시점관리종목지정ㆍ형식적상장폐지ㆍ상장적격성실질심사사유발생,20250314902359,,"둘다(자본잠식,자기자본 / 사외이사,주주총회)",Y,https://dart.fss.or.kr/dsaf001/main.do?rcpNo=20250314902359
00346911,아이톡시,20250325,관리종목,주권매매거래정지              (관리종목지정사유발생),20250325901289,,키워드없음,Y,https://dart.fss.or.kr/dsaf001/main.do?rcpNo=20250325901289
00346911,아이톡시,20260227,시장조치(복합),내부결산시점관리종목지정ㆍ형식적상장폐지ㆍ상장적격성실질심사사유발생,20260227901755,,"둘다(자본잠식,자기자본 / 사외이사,주주총회)",Y,https://dart.fss.or.kr/dsaf001/main.do?rcpNo=20260227901755
00346911,아이톡시,20260323,상장폐지,주권매매거래정지기간변경              (상장폐지 사유 발생),20260323902699,Y,"의견거절,계속기업",,https://dart.fss.or.kr/dsaf001/main.do?rcpNo=20260323902699
00347716,중앙첨단소재,20170210,시장조치(복합),내부결산시점관리종목지정ㆍ형식적상장폐지ㆍ상장적격성실질심사사유발생,20170210900868,,"둘다(자본잠식,자기자본 / 사외이사,주주총회)",Y,https://dart.fss.or.kr/dsaf001/main.do?rcpNo=20170210900868
00347716,중앙첨단소재,20190814,관리종목,주권매매거래정지(관리종목지정사유발생),20190814902523,,키워드없음,Y,https://dart.fss.or.kr/dsaf001/main.do?rcpNo=20190814902523
00347716,중앙첨단소재,20220216,시장조치(복합),내부결산시점관리종목지정ㆍ형식적상장폐지ㆍ상장적격성실질심사사유발생,20220216900927,,"둘다(자본잠식,자기자본 / 사외이사,주주총회)",Y,https://dart.fss.or.kr/dsaf001/main.do?rcpNo=20220216900927
00347877,세영디앤씨,20180322,상장폐지,주권매매거래정지(상장폐지 사유발생),20180322901230,,키워드없음,Y,https://dart.fss.or.kr/dsaf001/main.do?rcpNo=20180322901230
00347877,세영디앤씨,20200302,시장조치(복합),내부결산시점관리종목지정ㆍ형식적상장폐지ㆍ상장적격성실질심사사유발생,20200302900793,,"둘다(자본잠식,자기자본 / 사외이사,주주총회)",Y,https://dart.fss.or.kr/dsaf001/main.do?rcpNo=20200302900793
00347877,세영디앤씨,20200323,상장폐지,주권매매거래정지(상장폐지 사유발생),20200323902014,Y,"감사의견,의견거절,계속기업",,https://dart.fss.or.kr/dsaf001/main.do?rcpNo=20200323902014
00347877,세영디앤씨,20210216,시장조치(복합),내부결산시점관리종목지정ㆍ형식적상장폐지ㆍ상장적격성실질심사사유발생,20210216900822,,"둘다(자본잠식,자기자본 / 사외이사,주주총회)",Y,https://dart.fss.or.kr/dsaf001/main.do?rcpNo=20210216900822
00347877,세영디앤씨,20210323,상장폐지,주권매매거래정지기간변경(상장폐지 사유 발생),20210323901834,,둘다(감사의견 / 상장적격성 실질심사),Y,https://dart.fss.or.kr/dsaf001/main.do?rcpNo=20210323901834
00347877,세영디앤씨,20210825,상장폐지,주권매매거래정지기간변경(상장폐지 사유 발생),20210825900145,,"둘다(감사의견,의견거절 / 상장적격성 실질심사)",Y,https://dart.fss.or.kr/dsaf001/main.do?rcpNo=20210825900145
00347877,세영디앤씨,20220216,시장조치(복합),내부결산시점관리종목지정ㆍ형식적상장폐지ㆍ상장적격성실질심사사유발생,20220216900831,,"둘다(자본잠식,자기자본 / 사외이사,주주총회)",Y,https://dart.fss.or.kr/dsaf001/main.do?rcpNo=20220216900831
00348177,트레이스,20180322,상장폐지,주권매매거래정지(상장폐지 사유발생),20180322901716,,키워드없음,Y,https://dart.fss.or.kr/dsaf001/main.do?rcpNo=20180322901716
00349732,코나아이,20200319,상장폐지,주권매매거래정지기간변경(상장폐지 사유 발생),20200319902038,Y,한정,,https://dart.fss.or.kr/dsaf001/main.do?rcpNo=20200319902038
00350048,오성첨단소재,20150311,시장조치(복합),내부결산시점관리종목지정ㆍ형식적상장폐지ㆍ상장적격성실질심사사유발생,20150311900743,,"둘다(자본잠식,자기자본 / 사외이사)",Y,https://dart.fss.or.kr/dsaf001/main.do?rcpNo=20150311900743
00350048,오성첨단소재,20220323,상장폐지,주권매매거래정지기간변경(상장폐지 사유 발생),20220323900366,Y,한정,,https://dart.fss.or.kr/dsaf001/main.do?rcpNo=20220323900366
00351047,아이팩토리,20150313,시장조치(복합),내부결산시점관리종목지정ㆍ형식적상장폐지ㆍ상장적격성실질심사사유발생,20150313901516,,"둘다(자본잠식,자기자본 / 사외이사)",Y,https://dart.fss.or.kr/dsaf001/main.do?rcpNo=20150313901516
00351454,더테크놀로지,20250221,시장조치(복합),내부결산시점관리종목지정ㆍ형식적상장폐지ㆍ상장적격성실질심사사유발생,20250221901168,,"둘다(자본잠식,자기자본 / 사외이사,주주총회)",Y,https://dart.fss.or.kr/dsaf001/main.do?rcpNo=20250221901168
00351454,더테크놀로지,20250718,상장폐지,주권매매거래정지기간변경              (상장폐지 사유 발생),20250718900615,,키워드없음,Y,https://dart.fss.or.kr/dsaf001/main.do?rcpNo=20250718900615
00351454,더테크놀로지,20260213,시장조치(복합),내부결산시점관리종목지정ㆍ형식적상장폐지ㆍ상장적격성실질심사사유발생,20260213901220,,"둘다(자본잠식,자기자본 / 사외이사,주주총회)",Y,https://dart.fss.or.kr/dsaf001/main.do?rcpNo=20260213901220
00351630,세코닉스,20210330,상장폐지,주권매매거래정지기간변경(상장폐지 사유 발생),20210330902427,Y,한정,,https://dart.fss.or.kr/dsaf001/main.do?rcpNo=20210330902427
00352718,소리바다,20210216,시장조치(복합),내부결산시점관리종목지정ㆍ형식적상장폐지ㆍ상장적격성실질심사사유발생,20210216900989,,"둘다(자본잠식,자기자본 / 사외이사,주주총회)",Y,https://dart.fss.or.kr/dsaf001/main.do?rcpNo=20210216900989
00352718,소리바다,20210514,상장폐지,주권매매거래정지(상장폐지 사유발생),20210514901641,Y,"감사의견,의견거절",,https://dart.fss.or.kr/dsaf001/main.do?rcpNo=20210514901641
00352718,소리바다,20220216,시장조치(복합),내부결산시점관리종목지정ㆍ형식적상장폐지ㆍ상장적격성실질심사사유발생,20220216900779,,"둘다(자본잠식,자기자본 / 사외이사,주주총회)",Y,https://dart.fss.or.kr/dsaf001/main.do?rcpNo=20220216900779
00352718,소리바다,20220324,상장폐지,주권매매거래정지기간변경(상장폐지 사유 발생),20220324900001,,"둘다(감사의견,의견거절 / 상장적격성 실질심사)",Y,https://dart.fss.or.kr/dsaf001/main.do?rcpNo=20220324900001
00353018,헬스커넥트,20200814,관리종목,주권매매거래정지(관리종목지정사유발생),20200814902932,,키워드없음,Y,https://dart.fss.or.kr/dsaf001/main.do?rcpNo=20200814902932
00353018,헬스커넥트,20210323,상장폐지,주권매매거래정지기간변경(상장폐지 사유 발생),20210323901401,Y,감사의견,,https://dart.fss.or.kr/dsaf001/main.do?rcpNo=20210323901401
00353018,헬스커넥트,20210817,상장폐지,주권매매거래정지기간변경(상장폐지 사유 발생),20210817902412,Y,감사의견,,https://dart.fss.or.kr/dsaf001/main.do?rcpNo=20210817902412
00353018,헬스커넥트,20230724,상장폐지,주권매매거래정지기간변경(상장폐지사유 발생),20230724900556,,키워드없음,Y,https://dart.fss.or.kr/dsaf001/main.do?rcpNo=20230724900556
00355548,한국테크놀로지,20230216,시장조치(복합),내부결산시점관리종목지정ㆍ형식적상장폐지ㆍ상장적격성실질심사사유발생,20230216900965,,"둘다(자본잠식,자기자본 / 사외이사,주주총회)",Y,https://dart.fss.or.kr/dsaf001/main.do?rcpNo=20230216900965
00355548,한국테크놀로지,20230323,상장폐지,주권매매거래정지기간변경(상장폐지 사유 발생),20230323902253,,"둘다(감사의견,의견거절 / 상장적격성 실질심사)",Y,https://dart.fss.or.kr/dsaf001/main.do?rcpNo=20230323902253
00355548,한국테크놀로지,20240229,시장조치(복합),내부결산시점관리종목지정ㆍ형식적상장폐지ㆍ상장적격성실질심사사유발생,20240229901523,,"둘다(자본잠식,자기자본 / 사외이사,주주총회)",Y,https://dart.fss.or.kr/dsaf001/main.do?rcpNo=20240229901523
00355548,한국테크놀로지,20240321,상장폐지,주권매매거래정지기간변경              (상장폐지 사유 발생),20240321902774,,둘다(감사의견 / 상장적격성 실질심사),Y,https://dart.fss.or.kr/dsaf001/main.do?rcpNo=20240321902774
00356839,메디콕스,20251027,상장폐지,주권매매거래정지기간변경              (상장폐지 사유 발생),20251027900590,,키워드없음,Y,https://dart.fss.or.kr/dsaf001/main.do?rcpNo=20251027900590
00356839,메디콕스,20260323,상장폐지,주권매매거래정지기간변경              (상장폐지 사유 발생),20260323902753,Y,감사의견,,https://dart.fss.or.kr/dsaf001/main.do?rcpNo=20260323902753
00356927,에이디칩스,20160205,시장조치(복합),내부결산시점관리종목지정ㆍ형식적상장폐지ㆍ상장적격성실질심사사유발생,20160205900731,,"둘다(자본잠식,자기자본 / 사외이사,주주총회)",Y,https://dart.fss.or.kr/dsaf001/main.do?rcpNo=20160205900731
00356927,에이디칩스,20160316,관리종목,주권매매거래정지(관리종목지정사유발생),20160316900353,Y,영업손실,,https://dart.fss.or.kr/dsaf001/main.do?rcpNo=20160316900353
00356927,에이디칩스,20220210,시장조치(복합),내부결산시점관리종목지정ㆍ형식적상장폐지ㆍ상장적격성실질심사사유발생,20220210900603,,"둘다(자본잠식,자기자본 / 사외이사,주주총회)",Y,https://dart.fss.or.kr/dsaf001/main.do?rcpNo=20220210900603
00356927,에이디칩스,20220318,관리종목,주권매매거래정지(관리종목지정사유발생),20220318900378,,키워드없음,Y,https://dart.fss.or.kr/dsaf001/main.do?rcpNo=20220318900378
00356927,에이디칩스,20240320,시장조치(복합),내부결산시점관리종목지정ㆍ형식적상장폐지ㆍ상장적격성실질심사사유발생,20240320901516,,"둘다(자본잠식,자기자본 / 사외이사,주주총회)",Y,https://dart.fss.or.kr/dsaf001/main.do?rcpNo=20240320901516
00356927,에이디칩스,20240418,상장폐지,주권매매거래정지기간변경              (상장폐지 사유 발생),20240418900676,Y,"감사의견,의견거절,계속기업",,https://dart.fss.or.kr/dsaf001/main.do?rcpNo=20240418900676
00356927,에이디칩스,20250407,상장폐지,주권매매거래정지기간변경              (상장폐지 사유 발생),20250407901286,Y,감사의견,,https://dart.fss.or.kr/dsaf001/main.do?rcpNo=20250407901286
00359474,제이웨이,20150316,시장조치(복합),내부결산시점관리종목지정ㆍ형식적상장폐지ㆍ상장적격성실질심사사유발생,20150316900670,,"둘다(자본잠식,자기자본 / 사외이사)",Y,https://dart.fss.or.kr/dsaf001/main.do?rcpNo=20150316900670
00359474,제이웨이,20200212,시장조치(복합),내부결산시점관리종목지정ㆍ형식적상장폐지ㆍ상장적격성실질심사사유발생,20200212900782,,"둘다(자본잠식,자기자본 / 사외이사,주주총회)",Y,https://dart.fss.or.kr/dsaf001/main.do?rcpNo=20200212900782
00359474,제이웨이,20200319,관리종목,주권매매거래정지(관리종목지정사유발생),20200319902137,,키워드없음,Y,https://dart.fss.or.kr/dsaf001/main.do?rcpNo=20200319902137
00359474,제이웨이,20210216,시장조치(복합),내부결산시점관리종목지정ㆍ형식적상장폐지ㆍ상장적격성실질심사사유발생,20210216900711,,"둘다(자본잠식,자기자본 / 사외이사,주주총회)",Y,https://dart.fss.or.kr/dsaf001/main.do?rcpNo=20210216900711
00359474,제이웨이,20210323,상장폐지,주권매매거래정지기간변경(상장폐지 사유 발생),20210323901826,,"둘다(감사의견,의견거절 / 상장적격성 실질심사)",Y,https://dart.fss.or.kr/dsaf001/main.do?rcpNo=20210323901826
00359474,제이웨이,20220316,시장조치(복합),내부결산시점관리종목지정ㆍ형식적상장폐지ㆍ상장적격성실질심사사유발생,20220316902376,,"둘다(자본잠식,자기자본 / 사외이사,주주총회)",Y,https://dart.fss.or.kr/dsaf001/main.do?rcpNo=20220316902376
00359474,제이웨이,20220323,상장폐지,주권매매거래정지기간변경(상장폐지 사유 발생),20220323902078,,"둘다(감사의견,의견거절 / 상장적격성 실질심사)",Y,https://dart.fss.or.kr/dsaf001/main.do?rcpNo=20220323902078
00359474,제이웨이,20220816,상장폐지,주권매매거래정지기간변경(상장폐지 사유 발생),20220816903054,,"둘다(감사의견,의견거절 / 상장적격성 실질심사)",Y,https://dart.fss.or.kr/dsaf001/main.do?rcpNo=20220816903054
00361266,코원플레이,20210323,상장폐지,주권매매거래정지기간변경(상장폐지 사유 발생),20210323901710,,"둘다(감사의견,의견거절 / 상장적격성 실질심사)",Y,https://dart.fss.or.kr/dsaf001/main.do?rcpNo=20210323901710
00361266,코원플레이,20220323,상장폐지,주권매매거래정지기간변경(상장폐지 사유 발생),20220323902006,,"둘다(감사의견,의견거절 / 상장적격성 실질심사)",Y,https://dart.fss.or.kr/dsaf001/main.do?rcpNo=20220323902006
00361266,코원플레이,20220816,상장폐지,주권매매거래정지기간변경(상장폐지 사유 발생),20220816902974,,"둘다(감사의견,의견거절 / 상장적격성 실질심사)",Y,https://dart.fss.or.kr/dsaf001/main.do?rcpNo=20220816902974
00361266,코원플레이,20230315,시장조치(복합),내부결산시점관리종목지정ㆍ형식적상장폐지ㆍ상장적격성실질심사사유발생,20230315901838,,"둘다(자본잠식,자기자본 / 사외이사,주주총회)",Y,https://dart.fss.or.kr/dsaf001/main.do?rcpNo=20230315901838
00361594,DMS,20250321,상장폐지,주권매매거래정지              (상장폐지 사유발생),20250321902362,,키워드없음,Y,https://dart.fss.or.kr/dsaf001/main.do?rcpNo=20250321902362
00361725,네이트커뮤니케이션즈,20160114,시장조치(복합),내부결산시점관리종목지정ㆍ형식적상장폐지ㆍ상장적격성실질심사사유발생,20160114900386,,"둘다(자본잠식,자기자본 / 사외이사,주주총회)",Y,https://dart.fss.or.kr/dsaf001/main.do?rcpNo=20160114900386
00361725,네이트커뮤니케이션즈,20160310,관리종목,주권매매거래정지(관리종목지정사유발생),20160310901678,,키워드없음,Y,https://dart.fss.or.kr/dsaf001/main.do?rcpNo=20160310901678
00361725,네이트커뮤니케이션즈,20161124,상장폐지,상장폐지결정,20161124900473,N,"사외이사,주주총회,자진",,https://dart.fss.or.kr/dsaf001/main.do?rcpNo=20161124900473
00361725,네이트커뮤니케이션즈,20170111,시장조치(복합),내부결산시점관리종목지정ㆍ형식적상장폐지ㆍ상장적격성실질심사사유발생,20170111900431,,"둘다(자본잠식,자기자본 / 사외이사,주주총회)",Y,https://dart.fss.or.kr/dsaf001/main.do?rcpNo=20170111900431
00364795,레드로버,20191104,상장폐지,주권매매거래정지기간변경(상장폐지 사유 발생),20191104900552,,키워드없음,Y,https://dart.fss.or.kr/dsaf001/main.do?rcpNo=20191104900552
00364795,레드로버,20200227,시장조치(복합),내부결산시점관리종목지정ㆍ형식적상장폐지ㆍ상장적격성실질심사사유발생,20200227901270,,"둘다(자본잠식,자기자본 / 사외이사,주주총회)",Y,https://dart.fss.or.kr/dsaf001/main.do?rcpNo=20200227901270
00364795,레드로버,20220513,상장폐지,주권매매거래정지기간변경(상장폐지 사유 발생),20220513901503,,둘다(감사의견 / 상장적격성 실질심사),Y,https://dart.fss.or.kr/dsaf001/main.do?rcpNo=20220513901503
00364926,플렉스컴,20160229,시장조치(복합),내부결산시점관리종목지정ㆍ형식적상장폐지ㆍ상장적격성실질심사사유발생,20160229900716,,"둘다(자본잠식,자기자본 / 사외이사)",Y,https://dart.fss.or.kr/dsaf001/main.do?rcpNo=20160229900716
00364926,플렉스컴,20160322,상장폐지,주권매매거래정지기간변경(상장폐지 사유 발생),20160322900958,Y,"감사의견,의견거절,계속기업",,https://dart.fss.or.kr/dsaf001/main.do?rcpNo=20160322900958
00365758,아이앤씨,20160126,시장조치(복합),내부결산시점관리종목지정ㆍ형식적상장폐지ㆍ상장적격성실질심사사유발생,20160126900385,,"둘다(자본잠식,자기자본 / 사외이사,주주총회)",Y,https://dart.fss.or.kr/dsaf001/main.do?rcpNo=20160126900385
00365758,아이앤씨,20160317,관리종목,주권매매거래정지(관리종목지정사유발생),20160317900503,Y,영업손실,,https://dart.fss.or.kr/dsaf001/main.do?rcpNo=20160317900503
00365934,코세스,20150213,시장조치(복합),내부결산시점관리종목지정ㆍ형식적상장폐지ㆍ상장적격성실질심사사유발생,20150213900684,,"둘다(자본잠식,자기자본 / 사외이사)",Y,https://dart.fss.or.kr/dsaf001/main.do?rcpNo=20150213900684
00365934,코세스,20150319,관리종목,주권매매거래정지(관리종목지정사유발생),20150319900565,,키워드없음,Y,https://dart.fss.or.kr/dsaf001/main.do?rcpNo=20150319900565
00365934,코세스,20170201,시장조치(복합),내부결산시점관리종목지정ㆍ형식적상장폐지ㆍ상장적격성실질심사사유발생,20170201900623,,"둘다(자본잠식,자기자본 / 사외이사,주주총회)",Y,https://dart.fss.or.kr/dsaf001/main.do?rcpNo=20170201900623
00366793,에스제이케이,20160322,상장폐지,주권매매거래정지(상장폐지 사유발생),20160322900939,,키워드없음,Y,https://dart.fss.or.kr/dsaf001/main.do?rcpNo=20160322900939
00366793,에스제이케이,20170323,상장폐지,주권매매거래정지(상장폐지 사유발생),20170323901121,,키워드없음,Y,https://dart.fss.or.kr/dsaf001/main.do?rcpNo=20170323901121
00366793,에스제이케이,20190321,관리종목,주권매매거래정지(관리종목지정사유발생),20190321901016,,키워드없음,Y,https://dart.fss.or.kr/dsaf001/main.do?rcpNo=20190321901016
00366793,에스제이케이,20200214,시장조치(복합),내부결산시점관리종목지정ㆍ형식적상장폐지ㆍ상장적격성실질심사사유발생,20200214901148,,"둘다(자본잠식,자기자본 / 사외이사,주주총회)",Y,https://dart.fss.or.kr/dsaf001/main.do?rcpNo=20200214901148
00366793,에스제이케이,20200327,상장폐지,주권매매거래정지기간변경(상장폐지 사유 발생),20200327903853,Y,"의견거절,계속기업",,https://dart.fss.or.kr/dsaf001/main.do?rcpNo=20200327903853
00367482,빛과전자,20190318,상장폐지,주권매매거래정지기간변경(상장폐지 사유 발생),20190318901141,,키워드없음,Y,https://dart.fss.or.kr/dsaf001/main.do?rcpNo=20190318901141
00367695,에이전트AI,20150331,상장폐지,주권매매거래정지기간변경(상장폐지사유 발생 등),20150331904648,,"둘다(감사의견,의견거절 / 상장적격성 실질심사)",Y,https://dart.fss.or.kr/dsaf001/main.do?rcpNo=20150331904648
00367695,에이전트AI,20160217,시장조치(복합),내부결산시점관리종목지정ㆍ형식적상장폐지ㆍ상장적격성실질심사사유발생,20160217900025,,"둘다(자본잠식,자기자본 / 사외이사,주주총회)",Y,https://dart.fss.or.kr/dsaf001/main.do?rcpNo=20160217900025
00367695,에이전트AI,20210208,시장조치(복합),내부결산시점관리종목지정ㆍ형식적상장폐지ㆍ상장적격성실질심사사유발생,20210208900940,,"둘다(자본잠식,자기자본 / 사외이사,주주총회)",Y,https://dart.fss.or.kr/dsaf001/main.do?rcpNo=20210208900940
00370200,아이로보틱스,20180814,관리종목,주권매매거래정지(관리종목지정사유발생),20180814902907,,키워드없음,Y,https://dart.fss.or.kr/dsaf001/main.do?rcpNo=20180814902907
00370200,아이로보틱스,20200214,시장조치(복합),내부결산시점관리종목지정ㆍ형식적상장폐지ㆍ상장적격성실질심사사유발생,20200214901147,,,Y,https://dart.fss.or.kr/dsaf001/main.do?rcpNo=20200214901147
00370200,아이로보틱스,20200327,관리종목,주권매매거래정지(관리종목지정사유발생),20200327903279,,키워드없음,Y,https://dart.fss.or.kr/dsaf001/main.do?rcpNo=20200327903279
00370255,테크엘,20190228,시장조치(복합),내부결산시점관리종목지정ㆍ형식적상장폐지ㆍ상장적격성실질심사사유발생,20190228901551,,"둘다(자본잠식,자기자본 / 사외이사,주주총회)",Y,https://dart.fss.or.kr/dsaf001/main.do?rcpNo=20190228901551
00370255,테크엘,20190814,상장폐지,주권매매거래정지기간변경(상장폐지 사유 발생),20190814903259,,"둘다(자본잠식,감사의견 / 상장적격성 실질심사)",Y,https://dart.fss.or.kr/dsaf001/main.do?rcpNo=20190814903259
00370255,테크엘,20210215,시장조치(복합),내부결산시점관리종목지정ㆍ형식적상장폐지ㆍ상장적격성실질심사사유발생,20210215900611,,"둘다(자본잠식,자기자본 / 사외이사,주주총회)",Y,https://dart.fss.or.kr/dsaf001/main.do?rcpNo=20210215900611
00370255,테크엘,20210913,상장폐지,주권매매거래정지기간변경(상장폐지 사유 발생),20210913900534,N,상장적격성 실질심사,,https://dart.fss.or.kr/dsaf001/main.do?rcpNo=20210913900534
00370255,테크엘,20220318,상장폐지,주권매매거래정지기간변경(상장폐지 사유 발생),20220318901566,,"둘다(감사의견,한정 / 상장적격성 실질심사)",Y,https://dart.fss.or.kr/dsaf001/main.do?rcpNo=20220318901566
00372688,티사이언티픽,20190314,시장조치(복합),내부결산시점관리종목지정ㆍ형식적상장폐지ㆍ상장적격성실질심사사유발생,20190314901149,,"둘다(자본잠식,자기자본 / 사외이사,주주총회)",Y,https://dart.fss.or.kr/dsaf001/main.do?rcpNo=20190314901149
00372688,티사이언티픽,20190314,관리종목,주권매매거래정지(관리종목지정사유발생),20190314900997,,키워드없음,Y,https://dart.fss.or.kr/dsaf001/main.do?rcpNo=20190314900997
00372989,비엔씨컴퍼니,20170322,상장폐지,주권매매거래정지기간변경(상장폐지 사유 발생),20170322900150,,키워드없음,Y,https://dart.fss.or.kr/dsaf001/main.do?rcpNo=20170322900150
00373021,테라사이언스,20170216,시장조치(복합),내부결산시점관리종목지정ㆍ형식적상장폐지ㆍ상장적격성실질심사사유발생,20170216900565,,"둘다(자본잠식,자기자본 / 사외이사,주주총회)",Y,https://dart.fss.or.kr/dsaf001/main.do?rcpNo=20170216900565
00373021,테라사이언스,20240408,상장폐지,주권매매거래정지기간변경              (상장폐지 사유 발생),20240408900769,,"둘다(감사의견,의견거절 / 상장적격성 실질심사)",Y,https://dart.fss.or.kr/dsaf001/main.do?rcpNo=20240408900769
00373021,테라사이언스,20250321,상장폐지,주권매매거래정지기간변경              (상장폐지 사유 발생),20250321902327,,둘다(감사의견 / 상장적격성 실질심사),Y,https://dart.fss.or.kr/dsaf001/main.do?rcpNo=20250321902327
00373571,스타코링크,20250210,시장조치(복합),내부결산시점관리종목지정ㆍ형식적상장폐지ㆍ상장적격성실질심사사유발생,20250210901169,,"둘다(자본잠식,자기자본 / 사외이사,주주총회)",Y,https://dart.fss.or.kr/dsaf001/main.do?rcpNo=20250210901169
00373571,스타코링크,20250714,상장폐지,주권매매거래정지기간변경              (상장폐지사유 발생),20250714900604,,키워드없음,Y,https://dart.fss.or.kr/dsaf001/main.do?rcpNo=20250714900604
00373571,스타코링크,20260209,시장조치(복합),내부결산시점관리종목지정ㆍ형식적상장폐지ㆍ상장적격성실질심사사유발생,20260209901168,,"둘다(자본잠식,자기자본 / 사외이사,주주총회)",Y,https://dart.fss.or.kr/dsaf001/main.do?rcpNo=20260209901168
00374020,이엘피,20170331,상장폐지,상장폐지결정,20170331604606,N,사외이사,,https://dart.fss.or.kr/dsaf001/main.do?rcpNo=20170331604606
00378220,버킷스튜디오,20230331,상장폐지,주권매매거래정지기간변경(상장폐지 사유 발생),20230331903205,,"둘다(감사의견,의견거절 / 상장적격성 실질심사)",Y,https://dart.fss.or.kr/dsaf001/main.do?rcpNo=20230331903205
00378220,버킷스튜디오,20240328,상장폐지,주권매매거래정지기간변경              (상장폐지 사유 발생),20240328903803,,둘다(감사의견 / 상장적격성 실질심사),Y,https://dart.fss.or.kr/dsaf001/main.do?rcpNo=20240328903803
00378220,버킷스튜디오,20260708,상장폐지,주권매매거래정지기간변경              (상장폐지 사유 발생),20260708900864,,키워드없음,Y,https://dart.fss.or.kr/dsaf001/main.do?rcpNo=20260708900864
00379016,이엘케이,20190228,시장조치(복합),내부결산시점관리종목지정ㆍ형식적상장폐지ㆍ상장적격성실질심사사유발생,20190228901691,,"둘다(자본잠식,자기자본 / 사외이사,주주총회)",Y,https://dart.fss.or.kr/dsaf001/main.do?rcpNo=20190228901691
00379016,이엘케이,20190327,상장폐지,주권매매거래정지기간변경(상장폐지 사유 발생),20190327901847,Y,"감사의견,의견거절,계속기업",,https://dart.fss.or.kr/dsaf001/main.do?rcpNo=20190327901847
00379016,이엘케이,20200221,시장조치(복합),내부결산시점관리종목지정ㆍ형식적상장폐지ㆍ상장적격성실질심사사유발생,20200221901105,,"둘다(자본잠식,자기자본 / 사외이사)",Y,https://dart.fss.or.kr/dsaf001/main.do?rcpNo=20200221901105
00379016,이엘케이,20200330,상장폐지,주권매매거래정지기간변경(상장폐지 사유 발생),20200330906347,,"둘다(감사의견,의견거절 / 상장적격성 실질심사)",Y,https://dart.fss.or.kr/dsaf001/main.do?rcpNo=20200330906347
00384948,대유,20230829,상장폐지,주권매매거래정지기간변경(상장폐지사유 발생),20230829900638,,키워드없음,Y,https://dart.fss.or.kr/dsaf001/main.do?rcpNo=20230829900638
00385415,일신바이오,20220407,상장폐지,주권매매거래정지기간변경(상장폐지 사유 발생),20220407900768,Y,한정,,https://dart.fss.or.kr/dsaf001/main.do?rcpNo=20220407900768
00389387,라임,20190320,상장폐지,주권매매거래정지기간변경(상장폐지 사유발생),20190320901013,Y,"의견거절,회생절차",,https://dart.fss.or.kr/dsaf001/main.do?rcpNo=20190320901013
00389679,해피드림,20150323,상장폐지,주권매매거래정지(상장폐지 사유발생),20150323900006,Y,한정,,https://dart.fss.or.kr/dsaf001/main.do?rcpNo=20150323900006
00390408,인크레더블버즈,20210329,관리종목,주권매매거래정지(관리종목지정사유발생),20210329900851,,키워드없음,Y,https://dart.fss.or.kr/dsaf001/main.do?rcpNo=20210329900851
00390408,인크레더블버즈,20230302,시장조치(복합),내부결산시점관리종목지정ㆍ형식적상장폐지ㆍ상장적격성실질심사사유발생,20230302900766,,"둘다(자본잠식,자기자본 / 사외이사,주주총회)",Y,https://dart.fss.or.kr/dsaf001/main.do?rcpNo=20230302900766
00390408,인크레더블버즈,20260407,상장폐지,주권매매거래정지기간변경              (상장폐지 사유 발생),20260407900956,,둘다(감사의견 / 상장적격성 실질심사),Y,https://dart.fss.or.kr/dsaf001/main.do?rcpNo=20260407900956
00390860,대산F&B,20190130,시장조치(복합),내부결산시점관리종목지정ㆍ형식적상장폐지ㆍ상장적격성실질심사사유발생,20190130900827,,"둘다(자본잠식,자기자본 / 사외이사,주주총회)",Y,https://dart.fss.or.kr/dsaf001/main.do?rcpNo=20190130900827
00390860,대산F&B,20190509,상장폐지,주권매매거래정지기간변경(상장폐지 사유 발생),20190509900764,,키워드없음,Y,https://dart.fss.or.kr/dsaf001/main.do?rcpNo=20190509900764
00390860,대산F&B,20200316,시장조치(복합),내부결산시점관리종목지정ㆍ형식적상장폐지ㆍ상장적격성실질심사사유발생,20200316901605,,"둘다(자본잠식,자기자본 / 사외이사,주주총회)",Y,https://dart.fss.or.kr/dsaf001/main.do?rcpNo=20200316901605
00390860,대산F&B,20200323,상장폐지,주권매매거래정지기간변경(상장폐지 사유 발생),20200323902009,Y,의견거절,,https://dart.fss.or.kr/dsaf001/main.do?rcpNo=20200323902009
00390860,대산F&B,20210217,시장조치(복합),내부결산시점관리종목지정ㆍ형식적상장폐지ㆍ상장적격성실질심사사유발생,20210217900003,,"둘다(자본잠식,자기자본 / 사외이사,주주총회)",Y,https://dart.fss.or.kr/dsaf001/main.do?rcpNo=20210217900003
00390860,대산F&B,20240405,상장폐지,주권매매거래정지기간변경              (상장폐지 사유 발생),20240405901013,Y,의견거절,,https://dart.fss.or.kr/dsaf001/main.do?rcpNo=20240405901013
00391197,하이퍼코퍼레이션,20250320,시장조치(복합),내부결산시점관리종목지정ㆍ형식적상장폐지ㆍ상장적격성실질심사사유발생,20250320901952,,"둘다(자본잠식,자기자본 / 사외이사,주주총회)",Y,https://dart.fss.or.kr/dsaf001/main.do?rcpNo=20250320901952
00391197,하이퍼코퍼레이션,20250321,관리종목,주권매매거래정지              (관리종목지정사유발생),20250321901018,,키워드없음,Y,https://dart.fss.or.kr/dsaf001/main.do?rcpNo=20250321901018
00393469,메티스,20220829,상장폐지,주권매매거래정지기간변경(상장폐지 사유 발생),20220829900562,,키워드없음,Y,https://dart.fss.or.kr/dsaf001/main.do?rcpNo=20220829900562
00394778,케이엔씨글로벌,20170118,상장폐지,주권매매거래정지기간변경(상장폐지 사유 발생),20170118900552,N,상장적격성 실질심사,,https://dart.fss.or.kr/dsaf001/main.do?rcpNo=20170118900552
00398701,엘앤에프,20230908,상장폐지,상장폐지승인을위한의안상정결정,20230908900376,N,"사외이사,주주총회",,https://dart.fss.or.kr/dsaf001/main.do?rcpNo=20230908900376
00398701,엘앤에프,20240117,상장폐지,상장폐지결정,20240117900452,N,"사외이사,주주총회",,https://dart.fss.or.kr/dsaf001/main.do?rcpNo=20240117900452
00400121,유아이디,20190211,시장조치(복합),내부결산시점관리종목지정ㆍ형식적상장폐지ㆍ상장적격성실질심사사유발생,20190211900465,,"둘다(자본잠식,자기자본 / 사외이사,주주총회)",Y,https://dart.fss.or.kr/dsaf001/main.do?rcpNo=20190211900465
00400121,유아이디,20190318,관리종목,주권매매거래정지(관리종목지정사유발생),20190318900574,,키워드없음,Y,https://dart.fss.or.kr/dsaf001/main.do?rcpNo=20190318900574
00400121,유아이디,20200210,시장조치(복합),내부결산시점관리종목지정ㆍ형식적상장폐지ㆍ상장적격성실질심사사유발생,20200210900889,,"둘다(자본잠식,자기자본 / 사외이사,주주총회)",Y,https://dart.fss.or.kr/dsaf001/main.do?rcpNo=20200210900889
00400121,유아이디,20210210,시장조치(복합),내부결산시점관리종목지정ㆍ형식적상장폐지ㆍ상장적격성실질심사사유발생,20210210900974,,"둘다(자본잠식,자기자본 / 사외이사,주주총회)",Y,https://dart.fss.or.kr/dsaf001/main.do?rcpNo=20210210900974
00402989,유한코스메틱,20210323,상장폐지,주권매매거래정지기간변경(상장폐지 사유 발생),20210323901854,Y,의견거절,,https://dart.fss.or.kr/dsaf001/main.do?rcpNo=20210323901854
00402989,유한코스메틱,20210824,상장폐지,주권매매거래정지기간변경(상장폐지 사유 발생),20210824900529,Y,"감사의견,의견거절",,https://dart.fss.or.kr/dsaf001/main.do?rcpNo=20210824900529
00402989,유한코스메틱,20220323,상장폐지,주권매매거래정지기간변경(상장폐지 사유 발생),20220323902047,Y,"감사의견,의견거절,계속기업",,https://dart.fss.or.kr/dsaf001/main.do?rcpNo=20220323902047
00402989,유한코스메틱,20220816,상장폐지,주권매매거래정지기간변경(상장폐지 사유 발생),20220816903062,Y,"감사의견,의견거절",,https://dart.fss.or.kr/dsaf001/main.do?rcpNo=20220816903062
00402989,유한코스메틱,20230213,시장조치(복합),내부결산시점관리종목지정ㆍ형식적상장폐지ㆍ상장적격성실질심사사유발생,20230213901309,,"둘다(자본잠식,자기자본 / 사외이사,상장적격성 실질심사)",Y,https://dart.fss.or.kr/dsaf001/main.do?rcpNo=20230213901309
00403766,한국첨단소재,20240207,시장조치(복합),내부결산시점관리종목지정ㆍ형식적상장폐지ㆍ상장적격성실질심사사유발생,20240207901557,,"둘다(자본잠식,자기자본 / 사외이사,주주총회)",Y,https://dart.fss.or.kr/dsaf001/main.do?rcpNo=20240207901557
00406037,CSA 코스믹,20200213,시장조치(복합),내부결산시점관리종목지정ㆍ형식적상장폐지ㆍ상장적격성실질심사사유발생,20200213900867,,"둘다(자본잠식,자기자본 / 사외이사,주주총회)",Y,https://dart.fss.or.kr/dsaf001/main.do?rcpNo=20200213900867
00406037,CSA 코스믹,20230217,시장조치(복합),내부결산시점관리종목지정ㆍ형식적상장폐지ㆍ상장적격성실질심사사유발생,20230217900768,,"둘다(자본잠식,자기자본 / 사외이사,주주총회)",Y,https://dart.fss.or.kr/dsaf001/main.do?rcpNo=20230217900768
00406037,CSA 코스믹,20230322,관리종목,주권매매거래정지(관리종목지정사유 발생),20230322901401,,키워드없음,Y,https://dart.fss.or.kr/dsaf001/main.do?rcpNo=20230322901401
00406329,루멘스,20210407,관리종목,주권매매거래정지(관리종목지정사유발생),20210407900294,,키워드없음,Y,https://dart.fss.or.kr/dsaf001/main.do?rcpNo=20210407900294
00408956,제넨바이오,20160229,시장조치(복합),내부결산시점관리종목지정ㆍ형식적상장폐지ㆍ상장적격성실질심사사유발생,20160229900947,,"둘다(자본잠식,자기자본 / 사외이사)",Y,https://dart.fss.or.kr/dsaf001/main.do?rcpNo=20160229900947
00408956,제넨바이오,20170214,시장조치(복합),내부결산시점관리종목지정ㆍ형식적상장폐지ㆍ상장적격성실질심사사유발생,20170214900829,,"둘다(자본잠식,자기자본 / 사외이사)",Y,https://dart.fss.or.kr/dsaf001/main.do?rcpNo=20170214900829
00408956,제넨바이오,20220209,시장조치(복합),내부결산시점관리종목지정ㆍ형식적상장폐지ㆍ상장적격성실질심사사유발생,20220209900406,,"둘다(자본잠식,자기자본 / 사외이사,주주총회)",Y,https://dart.fss.or.kr/dsaf001/main.do?rcpNo=20220209900406
00408956,제넨바이오,20220321,관리종목,주권매매거래정지(관리종목지정사유발생),20220321901713,,키워드없음,Y,https://dart.fss.or.kr/dsaf001/main.do?rcpNo=20220321901713
00408956,제넨바이오,20240321,상장폐지,주권매매거래정지              (상장폐지 사유발생),20240321902876,Y,"의견거절,계속기업",,https://dart.fss.or.kr/dsaf001/main.do?rcpNo=20240321902876
00408956,제넨바이오,20250228,시장조치(복합),내부결산시점관리종목지정ㆍ형식적상장폐지ㆍ상장적격성실질심사사유발생,20250228901224,,"둘다(자본잠식,자기자본 / 사외이사,주주총회)",Y,https://dart.fss.or.kr/dsaf001/main.do?rcpNo=20250228901224
00408956,제넨바이오,20250320,상장폐지,주권매매거래정지기간변경              (상장폐지 사유 발생),20250320902501,,둘다(감사의견 / 상장적격성 실질심사),Y,https://dart.fss.or.kr/dsaf001/main.do?rcpNo=20250320902501
00409371,인베니아,20260323,관리종목,주권매매거래정지              (관리종목지정사유발생),20260323900943,,키워드없음,Y,https://dart.fss.or.kr/dsaf001/main.do?rcpNo=20260323900943
00410678,다린,20170726,상장폐지,상장폐지결정,20170726600272,N,"사외이사,주주총회,자진",,https://dart.fss.or.kr/dsaf001/main.do?rcpNo=20170726600272
00410739,푸른소나무,20160314,관리종목,주권매매거래정지(관리종목지정사유발생),20160314900025,Y,영업손실,,https://dart.fss.or.kr/dsaf001/main.do?rcpNo=20160314900025
00410739,푸른소나무,20200312,시장조치(복합),내부결산시점관리종목지정ㆍ형식적상장폐지ㆍ상장적격성실질심사사유발생,20200312902287,,"둘다(자본잠식,자기자본 / 사외이사,주주총회)",Y,https://dart.fss.or.kr/dsaf001/main.do?rcpNo=20200312902287
00410739,푸른소나무,20200319,관리종목,주권매매거래정지(관리종목지정사유발생),20200319900387,,키워드없음,Y,https://dart.fss.or.kr/dsaf001/main.do?rcpNo=20200319900387
00410739,푸른소나무,20220322,상장폐지,주권매매거래정지기간변경(상장폐지 사유 발생),20220322901691,Y,의견거절,,https://dart.fss.or.kr/dsaf001/main.do?rcpNo=20220322901691
00410739,푸른소나무,20230321,상장폐지,주권매매거래정지기간변경(상장폐지 사유 발생),20230321902071,,둘다(감사의견 / 상장적격성 실질심사),Y,https://dart.fss.or.kr/dsaf001/main.do?rcpNo=20230321902071
00410739,푸른소나무,20240312,시장조치(복합),내부결산시점관리종목지정ㆍ형식적상장폐지ㆍ상장적격성실질심사사유발생,20240312901497,,"둘다(자본잠식,자기자본 / 사외이사,주주총회)",Y,https://dart.fss.or.kr/dsaf001/main.do?rcpNo=20240312901497
00410739,푸른소나무,20240408,상장폐지,주권매매거래정지기간변경              (상장폐지 사유 발생),20240408900768,,둘다(감사의견 / 상장적격성 실질심사),Y,https://dart.fss.or.kr/dsaf001/main.do?rcpNo=20240408900768
00410739,푸른소나무,20250228,시장조치(복합),내부결산시점관리종목지정ㆍ형식적상장폐지ㆍ상장적격성실질심사사유발생,20250228901696,,"둘다(자본잠식,자기자본 / 사외이사,주주총회)",Y,https://dart.fss.or.kr/dsaf001/main.do?rcpNo=20250228901696
00410739,푸른소나무,20250321,상장폐지,주권매매거래정지기간변경              (상장폐지 사유 발생),20250321901862,,둘다(감사의견 / 상장적격성 실질심사),Y,https://dart.fss.or.kr/dsaf001/main.do?rcpNo=20250321901862
00411905,테라셈,20190128,시장조치(복합),내부결산시점관리종목지정ㆍ형식적상장폐지ㆍ상장적격성실질심사사유발생,20190128900524,,"둘다(자본잠식,자기자본 / 사외이사,주주총회)",Y,https://dart.fss.or.kr/dsaf001/main.do?rcpNo=20190128900524
00411905,테라셈,20190308,관리종목,주권매매거래정지(관리종목지정사유발생),20190308900858,,키워드없음,Y,https://dart.fss.or.kr/dsaf001/main.do?rcpNo=20190308900858
00411905,테라셈,20200128,시장조치(복합),내부결산시점관리종목지정ㆍ형식적상장폐지ㆍ상장적격성실질심사사유발생,20200128900680,,"둘다(자본잠식,자기자본 / 사외이사,주주총회)",Y,https://dart.fss.or.kr/dsaf001/main.do?rcpNo=20200128900680
00411905,테라셈,20210323,상장폐지,주권매매거래정지기간변경(상장폐지 사유 발생),20210323901855,Y,의견거절,,https://dart.fss.or.kr/dsaf001/main.do?rcpNo=20210323901855
00411905,테라셈,20220216,시장조치(복합),내부결산시점관리종목지정ㆍ형식적상장폐지ㆍ상장적격성실질심사사유발생,20220216900894,,"둘다(자본잠식,자기자본 / 사외이사,주주총회)",Y,https://dart.fss.or.kr/dsaf001/main.do?rcpNo=20220216900894
00411905,테라셈,20220323,상장폐지,주권매매거래정지기간변경(상장폐지 사유 발생),20220323902046,,"둘다(감사의견,회생절차 / 상장적격성 실질심사)",Y,https://dart.fss.or.kr/dsaf001/main.do?rcpNo=20220323902046
00413046,셀트리온,20170821,상장폐지,상장폐지승인을위한의안상정결정,20170821900094,N,"사외이사,주주총회",,https://dart.fss.or.kr/dsaf001/main.do?rcpNo=20170821900094
00413046,셀트리온,20180206,상장폐지,상장폐지결정,20180206900126,N,"사외이사,주주총회",,https://dart.fss.or.kr/dsaf001/main.do?rcpNo=20180206900126
00413824,제이앤유글로벌,20160322,상장폐지,주권매매거래정지기간변경(상장폐지 사유 발생),20160322900968,,키워드없음,Y,https://dart.fss.or.kr/dsaf001/main.do?rcpNo=20160322900968
00418476,엠제이비,20160322,상장폐지,주권매매거래정지(상장폐지 사유발생),20160322900828,,키워드없음,Y,https://dart.fss.or.kr/dsaf001/main.do?rcpNo=20160322900828
00440712,리튬포어스,20170228,시장조치(복합),내부결산시점관리종목지정ㆍ형식적상장폐지ㆍ상장적격성실질심사사유발생,20170228901106,,"둘다(자본잠식,자기자본 / 사외이사,주주총회)",Y,https://dart.fss.or.kr/dsaf001/main.do?rcpNo=20170228901106
00440712,리튬포어스,20250213,시장조치(복합),내부결산시점관리종목지정ㆍ형식적상장폐지ㆍ상장적격성실질심사사유발생,20250213901213,,"둘다(자본잠식,자기자본 / 사외이사,주주총회)",Y,https://dart.fss.or.kr/dsaf001/main.do?rcpNo=20250213901213
00440712,리튬포어스,20250321,관리종목,주권매매거래정지              (관리종목지정사유발생),20250321901604,,키워드없음,Y,https://dart.fss.or.kr/dsaf001/main.do?rcpNo=20250321901604
00441128,아리온테크놀로지,20200326,상장폐지,주권매매거래정지기간변경(상장폐지 사유 발생),20200326902384,Y,"감사의견,의견거절,계속기업",,https://dart.fss.or.kr/dsaf001/main.do?rcpNo=20200326902384
00441128,아리온테크놀로지,20210210,시장조치(복합),내부결산시점관리종목지정ㆍ형식적상장폐지ㆍ상장적격성실질심사사유발생,20210210901509,,"둘다(자본잠식,자기자본 / 사외이사,주주총회)",Y,https://dart.fss.or.kr/dsaf001/main.do?rcpNo=20210210901509
00441128,아리온테크놀로지,20210323,상장폐지,주권매매거래정지기간변경(상장폐지 사유 발생),20210323901844,,"둘다(감사의견,의견거절 / 상장적격성 실질심사)",Y,https://dart.fss.or.kr/dsaf001/main.do?rcpNo=20210323901844
00441128,아리온테크놀로지,20210817,상장폐지,주권매매거래정지기간변경(상장폐지 사유 발생),20210817902581,,"둘다(감사의견,의견거절 / 상장적격성 실질심사)",Y,https://dart.fss.or.kr/dsaf001/main.do?rcpNo=20210817902581
00442455,코스나인,20241217,상장폐지,주권매매거래정지기간변경              (상장폐지 사유 발생),20241217900779,N,상장적격성 실질심사,,https://dart.fss.or.kr/dsaf001/main.do?rcpNo=20241217900779
00442455,코스나인,20250228,시장조치(복합),내부결산시점관리종목지정ㆍ형식적상장폐지ㆍ상장적격성실질심사사유발생,20250228901723,,"둘다(자본잠식,자기자본 / 사외이사,주주총회)",Y,https://dart.fss.or.kr/dsaf001/main.do?rcpNo=20250228901723
00442455,코스나인,20250321,상장폐지,주권매매거래정지기간변경              (상장폐지 사유 발생),20250321902384,,키워드없음,Y,https://dart.fss.or.kr/dsaf001/main.do?rcpNo=20250321902384
00442570,제우스,20221115,상장폐지,해외증권시장주권등상장폐지결정(종속회사의주요경영사항),20221115900356,N,사외이사,,https://dart.fss.or.kr/dsaf001/main.do?rcpNo=20221115900356
00442570,제우스,20230821,상장폐지,해외증권시장주권등상장폐지결정(종속회사의주요경영사항),20230821900564,N,"사외이사,정관",,https://dart.fss.or.kr/dsaf001/main.do?rcpNo=20230821900564
00445869,유니포인트,20200320,상장폐지,주권매매거래정지(상장폐지 사유발생),20200320602400,Y,"감사의견,의견거절",,https://dart.fss.or.kr/dsaf001/main.do?rcpNo=20200320602400
00446460,아이디에스,20150212,시장조치(복합),내부결산시점관리종목지정ㆍ형식적상장폐지ㆍ상장적격성실질심사사유발생,20150212900866,,"둘다(자본잠식,자기자본 / 사외이사)",Y,https://dart.fss.or.kr/dsaf001/main.do?rcpNo=20150212900866
00446460,아이디에스,20150817,상장폐지,주권매매거래정지(상장폐지 사유발생),20150817901955,Y,"자본잠식,자기자본,감사의견",,https://dart.fss.or.kr/dsaf001/main.do?rcpNo=20150817901955
00447478,엔에스브이,20160322,상장폐지,주권매매거래정지(상장폐지 사유발생),20160322900944,,키워드없음,Y,https://dart.fss.or.kr/dsaf001/main.do?rcpNo=20160322900944
00447478,엔에스브이,20170315,시장조치(복합),내부결산시점관리종목지정ㆍ형식적상장폐지ㆍ상장적격성실질심사사유발생,20170315901005,,"둘다(자본잠식,자기자본 / 사외이사,주주총회)",Y,https://dart.fss.or.kr/dsaf001/main.do?rcpNo=20170315901005
00447478,엔에스브이,20170322,상장폐지,주권매매거래정지기간변경(상장폐지 사유 발생),20170322900793,,키워드없음,Y,https://dart.fss.or.kr/dsaf001/main.do?rcpNo=20170322900793
00447609,비에이치,20230316,상장폐지,상장폐지승인을위한의안상정결정,20230316900535,N,"사외이사,주주총회",,https://dart.fss.or.kr/dsaf001/main.do?rcpNo=20230316900535
00447609,비에이치,20230613,상장폐지,상장폐지결정,20230613900131,N,"사외이사,주주총회",,https://dart.fss.or.kr/dsaf001/main.do?rcpNo=20230613900131
00450339,에스에프씨,20190329,상장폐지,주권매매거래정지기간변경(상장폐지 사유 발생),20190329900517,Y,의견거절,,https://dart.fss.or.kr/dsaf001/main.do?rcpNo=20190329900517
00450339,에스에프씨,20200320,상장폐지,주권매매거래정지기간변경(상장폐지 사유 발생),20200320902365,,둘다(의견거절 / 상장적격성 실질심사),Y,https://dart.fss.or.kr/dsaf001/main.do?rcpNo=20200320902365
00454265,스틸플라워,20170210,시장조치(복합),내부결산시점관리종목지정ㆍ형식적상장폐지ㆍ상장적격성실질심사사유발생,20170210900872,,"둘다(자본잠식,자기자본 / 사외이사,주주총회)",Y,https://dart.fss.or.kr/dsaf001/main.do?rcpNo=20170210900872
00454265,스틸플라워,20170323,관리종목,주권매매거래정지(관리종목지정사유발생),20170323900974,,키워드없음,Y,https://dart.fss.or.kr/dsaf001/main.do?rcpNo=20170323900974
00454265,스틸플라워,20180207,시장조치(복합),내부결산시점관리종목지정ㆍ형식적상장폐지ㆍ상장적격성실질심사사유발생,20180207901216,,"둘다(자본잠식,자기자본 / 사외이사,주주총회)",Y,https://dart.fss.or.kr/dsaf001/main.do?rcpNo=20180207901216
00455112,금빛,20210215,시장조치(복합),내부결산시점관리종목지정ㆍ형식적상장폐지ㆍ상장적격성실질심사사유발생,20210215901123,,"둘다(자본잠식,자기자본 / 사외이사,주주총회)",Y,https://dart.fss.or.kr/dsaf001/main.do?rcpNo=20210215901123
00455112,금빛,20210323,상장폐지,주권매매거래정지기간변경(상장폐지 사유 발생),20210323901780,Y,"의견거절,계속기업",,https://dart.fss.or.kr/dsaf001/main.do?rcpNo=20210323901780
00458562,에이티세미콘,20170323,관리종목,주권매매거래정지(관리종목지정사유발생),20170323900958,,키워드없음,Y,https://dart.fss.or.kr/dsaf001/main.do?rcpNo=20170323900958
00458562,에이티세미콘,20230905,상장폐지,주권매매거래정지기간변경(상장폐지 사유 발생),20230905900697,,키워드없음,Y,https://dart.fss.or.kr/dsaf001/main.do?rcpNo=20230905900697
00470829,인티큐브,20180327,상장폐지,주권매매거래정지기간변경(상장폐지 사유 발생),20180327901371,,키워드없음,Y,https://dart.fss.or.kr/dsaf001/main.do?rcpNo=20180327901371
00475718,이엠앤아이,20190408,상장폐지,주권매매거래정지기간변경(상장폐지 사유 발생),20190408901091,Y,"감사의견,의견거절,계속기업",,https://dart.fss.or.kr/dsaf001/main.do?rcpNo=20190408901091
00475718,이엠앤아이,20200228,시장조치(복합),내부결산시점관리종목지정ㆍ형식적상장폐지ㆍ상장적격성실질심사사유발생,20200228901461,,"둘다(자본잠식,자기자본 / 사외이사,주주총회)",Y,https://dart.fss.or.kr/dsaf001/main.do?rcpNo=20200228901461
00475718,이엠앤아이,20200807,상장폐지,주권매매거래정지기간변경(상장폐지 사유 발생),20200807900713,N,상장적격성 실질심사,,https://dart.fss.or.kr/dsaf001/main.do?rcpNo=20200807900713
00475718,이엠앤아이,20210216,시장조치(복합),내부결산시점관리종목지정ㆍ형식적상장폐지ㆍ상장적격성실질심사사유발생,20210216900949,,"둘다(자본잠식,자기자본 / 사외이사,주주총회)",Y,https://dart.fss.or.kr/dsaf001/main.do?rcpNo=20210216900949
00475718,이엠앤아이,20210824,상장폐지,주권매매거래정지기간변경(상장폐지 사유 발생),20210824900573,,둘다(감사의견 / 상장적격성 실질심사),Y,https://dart.fss.or.kr/dsaf001/main.do?rcpNo=20210824900573
00475985,시너지이노베이션,20160212,시장조치(복합),내부결산시점관리종목지정ㆍ형식적상장폐지ㆍ상장적격성실질심사사유발생,20160212900914,,"둘다(자본잠식,자기자본 / 사외이사)",Y,https://dart.fss.or.kr/dsaf001/main.do?rcpNo=20160212900914
00477257,지나인제약,20180205,시장조치(복합),내부결산시점관리종목지정ㆍ형식적상장폐지ㆍ상장적격성실질심사사유발생,20180205901032,,"둘다(자본잠식,자기자본 / 사외이사,주주총회)",Y,https://dart.fss.or.kr/dsaf001/main.do?rcpNo=20180205901032
00477257,지나인제약,20180322,관리종목,주권매매거래정지(관리종목지정사유발생),20180322900940,,키워드없음,Y,https://dart.fss.or.kr/dsaf001/main.do?rcpNo=20180322900940
00477257,지나인제약,20210817,관리종목,주권매매거래정지(관리종목지정사유발생),20210817901795,,키워드없음,Y,https://dart.fss.or.kr/dsaf001/main.do?rcpNo=20210817901795
00477257,지나인제약,20220302,시장조치(복합),내부결산시점관리종목지정ㆍ형식적상장폐지ㆍ상장적격성실질심사사유발생,20220302901086,,"둘다(자본잠식,자기자본 / 사외이사)",Y,https://dart.fss.or.kr/dsaf001/main.do?rcpNo=20220302901086
00477257,지나인제약,20220318,상장폐지,주권매매거래정지기간변경(상장폐지 사유 발생),20220318901501,Y,"의견거절,계속기업",,https://dart.fss.or.kr/dsaf001/main.do?rcpNo=20220318901501
00477257,지나인제약,20220816,상장폐지,주권매매거래정지기간변경(상장폐지 사유 발생),20220816902831,,둘다(감사의견 / 상장적격성 실질심사),Y,https://dart.fss.or.kr/dsaf001/main.do?rcpNo=20220816902831
00477257,지나인제약,20230302,시장조치(복합),내부결산시점관리종목지정ㆍ형식적상장폐지ㆍ상장적격성실질심사사유발생,20230302901149,,"둘다(자본잠식,자기자본 / 사외이사,상장적격성 실질심사)",Y,https://dart.fss.or.kr/dsaf001/main.do?rcpNo=20230302901149
00477257,지나인제약,20230323,상장폐지,주권매매거래정지기간변경(상장폐지 사유 발생),20230323902222,,둘다(감사의견 / 상장적격성 실질심사),Y,https://dart.fss.or.kr/dsaf001/main.do?rcpNo=20230323902222
00479705,케스피온,20190321,상장폐지,주권매매거래정지기간변경(상장폐지 사유 발생),20190321901797,Y,의견거절,,https://dart.fss.or.kr/dsaf001/main.do?rcpNo=20190321901797
00479705,케스피온,20200320,상장폐지,주권매매거래정지기간변경(상장폐지 사유 발생),20200320902277,,"둘다(감사의견,의견거절 / 상장적격성 실질심사)",Y,https://dart.fss.or.kr/dsaf001/main.do?rcpNo=20200320902277
00480367,SK오션플랜트,20221207,상장폐지,상장폐지승인을위한의안상정결정,20221207900418,N,"사외이사,주주총회",,https://dart.fss.or.kr/dsaf001/main.do?rcpNo=20221207900418
00480367,SK오션플랜트,20230412,상장폐지,상장폐지결정,20230412900317,N,"사외이사,주주총회",,https://dart.fss.or.kr/dsaf001/main.do?rcpNo=20230412900317
00480756,이트론,20231208,상장폐지,주권매매거래정지기간변경(상장폐지사유 발생),20231208900707,N,상장적격성 실질심사,,https://dart.fss.or.kr/dsaf001/main.do?rcpNo=20231208900707
00491336,잘만테크,20150330,상장폐지,주권매매거래정지기간변경(상장폐지사유 발생),20150330902021,,"둘다(감사의견,의견거절 / 상장적격성 실질심사)",Y,https://dart.fss.or.kr/dsaf001/main.do?rcpNo=20150330902021
00492353,파이오링크,20160328,상장폐지,주권매매거래정지(상장폐지 사유발생),20160328900023,,키워드없음,Y,https://dart.fss.or.kr/dsaf001/main.do?rcpNo=20160328900023
00493431,자안바이오,20210817,관리종목,주권매매거래정지기간변경(관리종목지정사유발생),20210817900271,,키워드없음,Y,https://dart.fss.or.kr/dsaf001/main.do?rcpNo=20210817900271
00493431,자안바이오,20210901,상장폐지,주권매매거래정지기간변경(상장폐지 사유 발생),20210901900632,,키워드없음,Y,https://dart.fss.or.kr/dsaf001/main.do?rcpNo=20210901900632
00493431,자안바이오,20210928,상장폐지,기타경영사항(자율공시)(상장폐지결정무효확인의 소),20210928900602,,키워드없음,Y,https://dart.fss.or.kr/dsaf001/main.do?rcpNo=20210928900602
00494476,이녹스,20190319,시장조치(복합),내부결산시점관리종목지정ㆍ형식적상장폐지ㆍ상장적격성실질심사사유발생(자회사의 주요경영사항),20190319900444,,"둘다(자본잠식,자기자본 / 사외이사)",Y,https://dart.fss.or.kr/dsaf001/main.do?rcpNo=20190319900444
00494476,이녹스,20200207,시장조치(복합),내부결산시점관리종목지정ㆍ형식적상장폐지ㆍ상장적격성실질심사사유발생(자회사의 주요경영사항),20200207900873,,"둘다(자본잠식,자기자본 / 사외이사)",Y,https://dart.fss.or.kr/dsaf001/main.do?rcpNo=20200207900873
00495086,픽셀플러스,20200203,시장조치(복합),내부결산시점관리종목지정ㆍ형식적상장폐지ㆍ상장적격성실질심사사유발생,20200203900922,,"둘다(자본잠식,자기자본 / 사외이사,주주총회)",Y,https://dart.fss.or.kr/dsaf001/main.do?rcpNo=20200203900922
00495086,픽셀플러스,20200313,관리종목,주권매매거래정지(관리종목지정사유발생),20200313902280,,키워드없음,Y,https://dart.fss.or.kr/dsaf001/main.do?rcpNo=20200313902280
00495554,와이앤넥스트,20220105,상장폐지,주권매매거래정지기간변경(상장폐지 사유 발생),20220105900665,,키워드없음,Y,https://dart.fss.or.kr/dsaf001/main.do?rcpNo=20220105900665
00496003,피엘에이,20160211,시장조치(복합),내부결산시점관리종목지정ㆍ형식적상장폐지ㆍ상장적격성실질심사사유발생,20160211900001,,"둘다(자본잠식,자기자본 / 사외이사,주주총회)",Y,https://dart.fss.or.kr/dsaf001/main.do?rcpNo=20160211900001
00496003,피엘에이,20160614,상장폐지,주권매매거래정지기간변경(상장폐지 사유 발생),20160614900548,,키워드없음,Y,https://dart.fss.or.kr/dsaf001/main.do?rcpNo=20160614900548
00496225,이엠네트웍스,20200213,시장조치(복합),내부결산시점관리종목지정ㆍ형식적상장폐지ㆍ상장적격성실질심사사유발생,20200213900003,,"둘다(자본잠식,자기자본 / 사외이사,주주총회)",Y,https://dart.fss.or.kr/dsaf001/main.do?rcpNo=20200213900003
00496225,이엠네트웍스,20200318,관리종목,주권매매거래정지(관리종목지정사유발생),20200318901509,,키워드없음,Y,https://dart.fss.or.kr/dsaf001/main.do?rcpNo=20200318901509
00496225,이엠네트웍스,20200916,상장폐지,주권매매거래정지기간변경(상장폐지 사유 발생),20200916900524,,키워드없음,Y,https://dart.fss.or.kr/dsaf001/main.do?rcpNo=20200916900524
00496225,이엠네트웍스,20210216,시장조치(복합),내부결산시점관리종목지정ㆍ형식적상장폐지ㆍ상장적격성실질심사사유발생,20210216900955,,"둘다(자본잠식,자기자본 / 사외이사,주주총회)",Y,https://dart.fss.or.kr/dsaf001/main.do?rcpNo=20210216900955
00496225,이엠네트웍스,20210517,상장폐지,주권매매거래정지기간변경(상장폐지 사유 발생),20210517902344,,둘다(감사의견 / 상장적격성 실질심사),Y,https://dart.fss.or.kr/dsaf001/main.do?rcpNo=20210517902344
00501970,퀀타피아,20180208,시장조치(복합),내부결산시점관리종목지정ㆍ형식적상장폐지ㆍ상장적격성실질심사사유발생,20180208900998,,"둘다(자본잠식,자기자본 / 사외이사)",Y,https://dart.fss.or.kr/dsaf001/main.do?rcpNo=20180208900998
00501970,퀀타피아,20190214,시장조치(복합),내부결산시점관리종목지정ㆍ형식적상장폐지ㆍ상장적격성실질심사사유발생,20190214900965,,"둘다(자본잠식,자기자본 / 사외이사)",Y,https://dart.fss.or.kr/dsaf001/main.do?rcpNo=20190214900965
00501970,퀀타피아,20240409,상장폐지,주권매매거래정지기간변경              (상장폐지 사유 발생),20240409900807,N,상장적격성 실질심사,,https://dart.fss.or.kr/dsaf001/main.do?rcpNo=20240409900807
00516246,알에프세미,20240329,상장폐지,주권매매거래정지기간변경              (상장폐지 사유 발생),20240329904771,,"둘다(감사의견,의견거절 / 상장적격성 실질심사)",Y,https://dart.fss.or.kr/dsaf001/main.do?rcpNo=20240329904771
00516246,알에프세미,20250331,상장폐지,주권매매거래정지기간변경              (상장폐지 사유 발생),20250331900330,,둘다(감사의견 / 상장적격성 실질심사),Y,https://dart.fss.or.kr/dsaf001/main.do?rcpNo=20250331900330
00523307,다원시스,20260316,시장조치(복합),내부결산시점관리종목지정ㆍ형식적상장폐지ㆍ상장적격성실질심사사유발생,20260316902703,,"둘다(자본잠식,자기자본 / 사외이사,상장적격성 실질심사)",Y,https://dart.fss.or.kr/dsaf001/main.do?rcpNo=20260316902703
00523307,다원시스,20260323,상장폐지,주권매매거래정지기간변경              (상장폐지 사유 발생),20260323902728,,"둘다(의견거절,계속기업 / 상장적격성 실질심사)",Y,https://dart.fss.or.kr/dsaf001/main.do?rcpNo=20260323902728
00523307,다원시스,20260727,상장폐지,주권매매거래정지기간변경              (상장폐지 사유 발생),20260727900778,,둘다(감사의견 / 상장적격성 실질심사),Y,https://dart.fss.or.kr/dsaf001/main.do?rcpNo=20260727900778
00525642,코오롱생명과학,20210128,시장조치(복합),내부결산시점관리종목지정ㆍ형식적상장폐지ㆍ상장적격성실질심사사유발생,20210128900730,,"둘다(자본잠식,자기자본 / 사외이사,주주총회)",Y,https://dart.fss.or.kr/dsaf001/main.do?rcpNo=20210128900730
00525642,코오롱생명과학,20210317,관리종목,주권매매거래정지(관리종목지정사유발생),20210317901538,,키워드없음,Y,https://dart.fss.or.kr/dsaf001/main.do?rcpNo=20210317901538
00525934,LX세미콘,20220817,상장폐지,상장폐지승인을위한의안상정결정,20220817900328,N,"사외이사,주주총회",,https://dart.fss.or.kr/dsaf001/main.do?rcpNo=20220817900328
00525934,LX세미콘,20221027,상장폐지,상장폐지결정,20221027900534,N,"사외이사,주주총회",,https://dart.fss.or.kr/dsaf001/main.do?rcpNo=20221027900534
00526474,동북아14호선박투자회사,20170512,상장폐지,상장폐지결정,20170512800911,N,사외이사,,https://dart.fss.or.kr/dsaf001/main.do?rcpNo=20170512800911
00526678,동방선기,20210203,시장조치(복합),내부결산시점관리종목지정ㆍ형식적상장폐지ㆍ상장적격성실질심사사유발생,20210203900166,,"둘다(자본잠식,자기자본 / 사외이사)",Y,https://dart.fss.or.kr/dsaf001/main.do?rcpNo=20210203900166
00526678,동방선기,20210317,관리종목,주권매매거래정지(관리종목지정사유발생),20210317900117,,키워드없음,Y,https://dart.fss.or.kr/dsaf001/main.do?rcpNo=20210317900117
00526696,웨이브일렉트로,20210223,시장조치(복합),내부결산시점관리종목지정ㆍ형식적상장폐지ㆍ상장적격성실질심사사유발생,20210223900297,,"둘다(자본잠식,자기자본 / 사외이사,주주총회)",Y,https://dart.fss.or.kr/dsaf001/main.do?rcpNo=20210223900297
00526696,웨이브일렉트로,20210330,관리종목,주권매매거래정지(관리종목지정사유발생),20210330900982,,키워드없음,Y,https://dart.fss.or.kr/dsaf001/main.do?rcpNo=20210330900982
00527880,썬테크놀로지스,20181008,상장폐지,주권매매거래정지기간변경(상장폐지 사유 발생),20181008900690,,키워드없음,Y,https://dart.fss.or.kr/dsaf001/main.do?rcpNo=20181008900690
00528791,제일엠앤에스,20250404,상장폐지,주권매매거래정지기간변경              (상장폐지 사유 발생),20250404901194,Y,의견거절,,https://dart.fss.or.kr/dsaf001/main.do?rcpNo=20250404901194
00528791,제일엠앤에스,20260316,시장조치(복합),내부결산시점관리종목지정ㆍ형식적상장폐지ㆍ상장적격성실질심사사유발생,20260316902379,,"둘다(자본잠식,자기자본 / 사외이사,주주총회)",Y,https://dart.fss.or.kr/dsaf001/main.do?rcpNo=20260316902379
00528791,제일엠앤에스,20260323,상장폐지,주권매매거래정지기간변경              (상장폐지 사유 발생),20260323902704,Y,감사의견,,https://dart.fss.or.kr/dsaf001/main.do?rcpNo=20260323902704
00529310,동북아10호선박투자회사,20170512,상장폐지,상장폐지결정,20170512800845,N,사외이사,,https://dart.fss.or.kr/dsaf001/main.do?rcpNo=20170512800845
00529523,동북아11호선박투자회사,20170512,상장폐지,상장폐지결정,20170512800877,N,사외이사,,https://dart.fss.or.kr/dsaf001/main.do?rcpNo=20170512800877
00530121,디에스케이,20180328,상장폐지,주권매매거래정지기간변경(상장폐지 사유 발생),20180328901830,,키워드없음,Y,https://dart.fss.or.kr/dsaf001/main.do?rcpNo=20180328901830
00532855,한국유니온제약,20250217,상장폐지,주권매매거래정지기간변경              (상장폐지사유 발생),20250217901205,N,상장적격성 실질심사,,https://dart.fss.or.kr/dsaf001/main.do?rcpNo=20250217901205
00532855,한국유니온제약,20250321,상장폐지,주권매매거래정지기간변경              (상장폐지 사유 발생),20250321901498,,"둘다(감사의견,의견거절 / 상장적격성 실질심사)",Y,https://dart.fss.or.kr/dsaf001/main.do?rcpNo=20250321901498
00532855,한국유니온제약,20260223,시장조치(복합),내부결산시점관리종목지정ㆍ형식적상장폐지ㆍ상장적격성실질심사사유발생,20260223901363,,"둘다(자본잠식,자기자본 / 사외이사,상장적격성 실질심사)",Y,https://dart.fss.or.kr/dsaf001/main.do?rcpNo=20260223901363
00532855,한국유니온제약,20260330,상장폐지,주권매매거래정지기간변경              (상장폐지 사유 발생),20260330901519,,둘다(감사의견 / 상장적격성 실질심사),Y,https://dart.fss.or.kr/dsaf001/main.do?rcpNo=20260330901519
00533580,아시아퍼시픽10호선박투자회사,20170512,상장폐지,상장폐지결정,20170512801136,N,사외이사,,https://dart.fss.or.kr/dsaf001/main.do?rcpNo=20170512801136
00533696,아시아퍼시픽14호선박투자회사,20170512,상장폐지,상장폐지결정,20170512800528,N,사외이사,,https://dart.fss.or.kr/dsaf001/main.do?rcpNo=20170512800528
00533757,아시아퍼시픽13호선박투자회사,20170512,상장폐지,상장폐지결정,20170512801194,N,사외이사,,https://dart.fss.or.kr/dsaf001/main.do?rcpNo=20170512801194
00533793,아시아퍼시픽11호선박투자회사,20170512,상장폐지,상장폐지결정,20170512801143,N,사외이사,,https://dart.fss.or.kr/dsaf001/main.do?rcpNo=20170512801143
00533836,아시아퍼시픽12호선박투자회사,20170512,상장폐지,상장폐지결정,20170512801159,N,사외이사,,https://dart.fss.or.kr/dsaf001/main.do?rcpNo=20170512801159
00536329,노블엠앤비,20190208,시장조치(복합),내부결산시점관리종목지정ㆍ형식적상장폐지ㆍ상장적격성실질심사사유발생,20190208900930,,,Y,https://dart.fss.or.kr/dsaf001/main.do?rcpNo=20190208900930
00536329,노블엠앤비,20210224,시장조치(복합),내부결산시점관리종목지정ㆍ형식적상장폐지ㆍ상장적격성실질심사사유발생,20210224900934,,"둘다(자본잠식,자기자본 / 사외이사,주주총회)",Y,https://dart.fss.or.kr/dsaf001/main.do?rcpNo=20210224900934
00536329,노블엠앤비,20210330,관리종목,주권매매거래정지(관리종목지정사유발생),20210330902246,,키워드없음,Y,https://dart.fss.or.kr/dsaf001/main.do?rcpNo=20210330902246
00536329,노블엠앤비,20230316,시장조치(복합),내부결산시점관리종목지정ㆍ형식적상장폐지ㆍ상장적격성실질심사사유발생,20230316902254,,"둘다(자본잠식,자기자본 / 사외이사,주주총회)",Y,https://dart.fss.or.kr/dsaf001/main.do?rcpNo=20230316902254
00536329,노블엠앤비,20230407,상장폐지,주권매매거래정지기간변경(상장폐지사유 발생),20230407901289,Y,"의견거절,계속기업",,https://dart.fss.or.kr/dsaf001/main.do?rcpNo=20230407901289
00536329,노블엠앤비,20240418,상장폐지,주권매매거래정지기간변경              (상장폐지 사유 발생),20240418900652,N,상장적격성 실질심사,,https://dart.fss.or.kr/dsaf001/main.do?rcpNo=20240418900652
00536329,노블엠앤비,20250311,시장조치(복합),내부결산시점관리종목지정ㆍ형식적상장폐지ㆍ상장적격성실질심사사유발생,20250311900926,,"둘다(자본잠식,자기자본 / 사외이사,상장적격성 실질심사)",Y,https://dart.fss.or.kr/dsaf001/main.do?rcpNo=20250311900926
00536329,노블엠앤비,20250331,상장폐지,주권매매거래정지기간변경              (상장폐지 사유 발생),20250331903853,,둘다(감사의견 / 상장적격성 실질심사),Y,https://dart.fss.or.kr/dsaf001/main.do?rcpNo=20250331903853
00536541,에코프로,20240227,상장폐지,상장폐지승인을위한의안상정결정(자회사의 주요경영사항),20240227900528,N,"사외이사,주주총회",,https://dart.fss.or.kr/dsaf001/main.do?rcpNo=20240227900528
00537337,앤씨앤,20250220,시장조치(복합),내부결산시점관리종목지정ㆍ형식적상장폐지ㆍ상장적격성실질심사사유발생,20250220900396,,"둘다(자본잠식,자기자본 / 사외이사,주주총회)",Y,https://dart.fss.or.kr/dsaf001/main.do?rcpNo=20250220900396
00537337,앤씨앤,20250318,관리종목,주권매매거래정지              (관리종목지정사유발생),20250318900932,,키워드없음,Y,https://dart.fss.or.kr/dsaf001/main.do?rcpNo=20250318900932
00541437,코렌텍,20190328,상장폐지,주권매매거래정지기간변경( 상장폐지 사유 발생),20190328900081,Y,한정,,https://dart.fss.or.kr/dsaf001/main.do?rcpNo=20190328900081
00542898,케이이엠텍,20190314,시장조치(복합),내부결산시점관리종목지정ㆍ형식적상장폐지ㆍ상장적격성실질심사사유발생,20190314902229,,"둘다(자본잠식,자기자본 / 사외이사)",Y,https://dart.fss.or.kr/dsaf001/main.do?rcpNo=20190314902229
00542898,케이이엠텍,20190322,상장폐지,주권매매거래정지기간변경(상장폐지 사유 발생),20190322900247,Y,"감사의견,의견거절,계속기업",,https://dart.fss.or.kr/dsaf001/main.do?rcpNo=20190322900247
00542898,케이이엠텍,20200323,상장폐지,주권매매거래정지기간변경(상장폐지 사유 발생),20200323900008,,"둘다(감사의견,의견거절 / 상장적격성 실질심사)",Y,https://dart.fss.or.kr/dsaf001/main.do?rcpNo=20200323900008
00542898,케이이엠텍,20210316,시장조치(복합),내부결산시점관리종목지정ㆍ형식적상장폐지ㆍ상장적격성실질심사사유발생,20210316900475,,"둘다(자본잠식,자기자본 / 사외이사)",Y,https://dart.fss.or.kr/dsaf001/main.do?rcpNo=20210316900475
00542898,케이이엠텍,20210913,상장폐지,주권매매거래정지기간변경(상장폐지 사유 발생),20210913900560,,키워드없음,Y,https://dart.fss.or.kr/dsaf001/main.do?rcpNo=20210913900560
00542898,케이이엠텍,20220225,시장조치(복합),내부결산시점관리종목지정ㆍ형식적상장폐지ㆍ상장적격성실질심사사유발생,20220225901652,,"둘다(자본잠식,자기자본 / 사외이사,주주총회)",Y,https://dart.fss.or.kr/dsaf001/main.do?rcpNo=20220225901652
00542898,케이이엠텍,20260417,상장폐지,주권매매거래정지기간변경              (상장폐지 사유 발생),20260417900911,Y,"감사의견,의견거절,계속기업",,https://dart.fss.or.kr/dsaf001/main.do?rcpNo=20260417900911
00548519,큐러블,20250321,상장폐지,주권매매거래정지기간변경              (상장폐지 사유 발생),20250321601709,Y,"감사의견,의견거절",,https://dart.fss.or.kr/dsaf001/main.do?rcpNo=20250321601709
00548519,큐러블,20250522,상장폐지,주권매매거래정지기간변경              (코넥스 주권 상장폐지 사유발생),20250522600539,Y,"감사의견,의견거절",,https://dart.fss.or.kr/dsaf001/main.do?rcpNo=20250522600539
00549891,케어젠,20190318,상장폐지,주권매매거래정지기간변경(상장폐지 사유 발생),20190318901116,,키워드없음,Y,https://dart.fss.or.kr/dsaf001/main.do?rcpNo=20190318901116
00554352,아이큐어,20260213,시장조치(복합),내부결산시점관리종목지정ㆍ형식적상장폐지ㆍ상장적격성실질심사사유발생,20260213902129,,"둘다(자본잠식,자기자본 / 사외이사,주주총회)",Y,https://dart.fss.or.kr/dsaf001/main.do?rcpNo=20260213902129
00562360,에코볼트,20220322,상장폐지,주권매매거래정지(상장폐지 사유발생),20220322901665,Y,한정,,https://dart.fss.or.kr/dsaf001/main.do?rcpNo=20220322901665
00563518,비나텍,20200917,상장폐지,상장폐지결정,20200917600318,N,사외이사,,https://dart.fss.or.kr/dsaf001/main.do?rcpNo=20200917600318
00564562,엠씨넥스,20210308,상장폐지,상장폐지승인을위한의안상정결정,20210308900637,N,"사외이사,주주총회",,https://dart.fss.or.kr/dsaf001/main.do?rcpNo=20210308900637
00564562,엠씨넥스,20210630,상장폐지,상장폐지결정,20210630900512,N,"사외이사,주주총회",,https://dart.fss.or.kr/dsaf001/main.do?rcpNo=20210630900512
00578130,아퓨어스,20260323,상장폐지,주권매매거래정지              (상장폐지사유발생),20260323601942,Y,"감사의견,의견거절,계속기업",,https://dart.fss.or.kr/dsaf001/main.do?rcpNo=20260323601942
00578130,아퓨어스,20260413,상장폐지,주권매매거래정지기간변경              (상장폐지사유 발생),20260413600177,Y,"감사의견,의견거절,계속기업",,https://dart.fss.or.kr/dsaf001/main.do?rcpNo=20260413600177
00584362,케이엑스넥스지,20180322,상장폐지,주권매매거래정지(상장폐지 사유발생),20180322901676,,키워드없음,Y,https://dart.fss.or.kr/dsaf001/main.do?rcpNo=20180322901676
00587101,바다로3호선박투자회사,20160510,상장폐지,상장폐지결정,20160510800429,N,사외이사,,https://dart.fss.or.kr/dsaf001/main.do?rcpNo=20160510800429
00596260,투비소프트,20250321,상장폐지,주권매매거래정지기간변경              (상장폐지 사유 발생),20250321902363,Y,의견거절,,https://dart.fss.or.kr/dsaf001/main.do?rcpNo=20250321902363
00596260,투비소프트,20260323,상장폐지,주권매매거래정지기간변경              (상장폐지 사유 발생),20260323902716,Y,감사의견,,https://dart.fss.or.kr/dsaf001/main.do?rcpNo=20260323902716
00599106,네오리진,20150305,시장조치(복합),내부결산시점관리종목지정ㆍ형식적상장폐지ㆍ상장적격성실질심사사유발생,20150305900614,,"둘다(자본잠식,자기자본 / 사외이사)",Y,https://dart.fss.or.kr/dsaf001/main.do?rcpNo=20150305900614
00599489,청광건설,20230228,상장폐지,상장폐지결정,20230228600715,N,"사외이사,주주총회,자진",,https://dart.fss.or.kr/dsaf001/main.do?rcpNo=20230228600715
00601641,리드,20200226,시장조치(복합),내부결산시점관리종목지정ㆍ형식적상장폐지ㆍ상장적격성실질심사사유발생,20200226901165,,,Y,https://dart.fss.or.kr/dsaf001/main.do?rcpNo=20200226901165
00601641,리드,20200226,상장폐지,주권매매거래정지기간변경(상장폐지 사유 발생),20200226901155,,키워드없음,Y,https://dart.fss.or.kr/dsaf001/main.do?rcpNo=20200226901155
00604426,인터로조,20240405,상장폐지,주권매매거래정지              (상장폐지 사유발생),20240405900932,Y,의견거절,,https://dart.fss.or.kr/dsaf001/main.do?rcpNo=20240405900932
00604815,에스디시스템,20200213,시장조치(복합),내부결산시점관리종목지정ㆍ형식적상장폐지ㆍ상장적격성실질심사사유발생,20200213900578,,"둘다(자본잠식,자기자본 / 사외이사,주주총회)",Y,https://dart.fss.or.kr/dsaf001/main.do?rcpNo=20200213900578
00604815,에스디시스템,20200402,상장폐지,주권매매거래정지기간변경(상장폐지 사유 발생),20200402900823,Y,의견거절,,https://dart.fss.or.kr/dsaf001/main.do?rcpNo=20200402900823
00604815,에스디시스템,20210216,시장조치(복합),내부결산시점관리종목지정ㆍ형식적상장폐지ㆍ상장적격성실질심사사유발생,20210216900538,,"둘다(자본잠식,자기자본 / 사외이사,주주총회)",Y,https://dart.fss.or.kr/dsaf001/main.do?rcpNo=20210216900538
00604815,에스디시스템,20210323,상장폐지,주권매매거래정지기간변경(상장폐지 사유 발생),20210323901856,,"둘다(감사의견,한정 / 정관,상장적격성 실질심사)",Y,https://dart.fss.or.kr/dsaf001/main.do?rcpNo=20210323901856
00604815,에스디시스템,20210825,상장폐지,주권매매거래정지기간변경(상장폐지 사유 발생),20210825900487,,"둘다(감사의견,의견거절 / 상장적격성 실질심사)",Y,https://dart.fss.or.kr/dsaf001/main.do?rcpNo=20210825900487
00604815,에스디시스템,20220321,상장폐지,주권매매거래정지기간변경(상장폐지 사유 발생),20220321902142,,둘다(감사의견 / 상장적격성 실질심사),Y,https://dart.fss.or.kr/dsaf001/main.do?rcpNo=20220321902142
00605124,알파칩스,20170324,상장폐지,주권매매거래정지기간변경(상장폐지 사유 발생),20170324903288,,키워드없음,Y,https://dart.fss.or.kr/dsaf001/main.do?rcpNo=20170324903288
00605124,알파칩스,20230413,상장폐지,주권매매거래정지기간변경(상장폐지 사유 발생),20230413900791,Y,한정,,https://dart.fss.or.kr/dsaf001/main.do?rcpNo=20230413900791
00606886,엔지켐생명과학,20260323,상장폐지,주권매매거래정지기간변경              (상장폐지사유 발생),20260323902749,Y,의견거절,,https://dart.fss.or.kr/dsaf001/main.do?rcpNo=20260323902749
00608839,에이루트,20170323,상장폐지,주권매매거래정지(상장폐지사유 발생),20170323901135,,키워드없음,Y,https://dart.fss.or.kr/dsaf001/main.do?rcpNo=20170323901135
00609254,세왕,20150213,시장조치(복합),내부결산시점관리종목지정ㆍ형식적상장폐지ㆍ상장적격성실질심사사유발생,20150213900939,,"둘다(자본잠식,자기자본 / 사외이사)",Y,https://dart.fss.or.kr/dsaf001/main.do?rcpNo=20150213900939
00609254,세왕,20151208,상장폐지,주권매매거래정지기간변경(상장폐지사유 발생),20151208900572,,키워드없음,Y,https://dart.fss.or.kr/dsaf001/main.do?rcpNo=20151208900572
00609315,멜파스,20220926,상장폐지,주권매매거래정지기간변경(상장폐지 사유 발생),20220926900483,,둘다(회생절차 / 상장적격성 실질심사),Y,https://dart.fss.or.kr/dsaf001/main.do?rcpNo=20220926900483
00609315,멜파스,20230404,상장폐지,기타경영사항(자율공시)(상장폐지결정 무효확인 청구의 소),20230404900106,,키워드없음,Y,https://dart.fss.or.kr/dsaf001/main.do?rcpNo=20230404900106
00609634,아이엠,20250221,시장조치(복합),내부결산시점관리종목지정ㆍ형식적상장폐지ㆍ상장적격성실질심사사유발생,20250221901031,,"둘다(자본잠식,자기자본 / 사외이사,정관)",Y,https://dart.fss.or.kr/dsaf001/main.do?rcpNo=20250221901031
00609634,아이엠,20250407,상장폐지,주권매매거래정지기간변경              (상장폐지 사유 발생),20250407901275,Y,"의견거절,계속기업",,https://dart.fss.or.kr/dsaf001/main.do?rcpNo=20250407901275
00609634,아이엠,20250714,상장폐지,주권매매거래정지기간변경              (상장폐지 사유 발생),20250714900603,,둘다(감사의견 / 상장적격성 실질심사),Y,https://dart.fss.or.kr/dsaf001/main.do?rcpNo=20250714900603
00610490,비디아이,20210817,관리종목,주권매매거래정지기간변경(관리종목지정사유발생),20210817900970,,키워드없음,Y,https://dart.fss.or.kr/dsaf001/main.do?rcpNo=20210817900970
00610490,비디아이,20220302,시장조치(복합),내부결산시점관리종목지정ㆍ형식적상장폐지ㆍ상장적격성실질심사사유발생,20220302900787,,"둘다(자본잠식,자기자본 / 사외이사)",Y,https://dart.fss.or.kr/dsaf001/main.do?rcpNo=20220302900787
00610490,비디아이,20220406,상장폐지,주권매매거래정지기간변경(상장폐지 사유 발생 및 상장적격성 실질심사 대상(사유발생)),20220406900757,,"둘다(감사의견,의견거절 / 상장적격성 실질심사)",Y,https://dart.fss.or.kr/dsaf001/main.do?rcpNo=20220406900757
00610490,비디아이,20220826,상장폐지,주권매매거래정지기간변경(상장폐지 사유 발생),20220826900407,,둘다(감사의견 / 상장적격성 실질심사),Y,https://dart.fss.or.kr/dsaf001/main.do?rcpNo=20220826900407
00610490,비디아이,20230315,시장조치(복합),내부결산시점관리종목지정ㆍ형식적상장폐지ㆍ상장적격성실질심사사유발생,20230315902301,,"둘다(자본잠식,자기자본 / 사외이사,상장적격성 실질심사)",Y,https://dart.fss.or.kr/dsaf001/main.do?rcpNo=20230315902301
00610490,비디아이,20230807,상장폐지,주권매매거래정지기간변경(상장폐지 사유 발생),20230807900556,,키워드없음,Y,https://dart.fss.or.kr/dsaf001/main.do?rcpNo=20230807900556
00610490,비디아이,20240226,시장조치(복합),내부결산시점관리종목지정ㆍ형식적상장폐지ㆍ상장적격성실질심사사유발생,20240226901213,,"둘다(자본잠식,자기자본 / 사외이사,상장적격성 실질심사)",Y,https://dart.fss.or.kr/dsaf001/main.do?rcpNo=20240226901213
00612115,유디피,20180330,상장폐지,주권매매거래정지기간변경(코넥스주권 상장폐지 사유발생),20180330603927,Y,"감사의견,의견거절,계속기업",,https://dart.fss.or.kr/dsaf001/main.do?rcpNo=20180330603927
00615723,MSDI,20160714,상장폐지,상장폐지결정,20160714600250,N,사외이사,,https://dart.fss.or.kr/dsaf001/main.do?rcpNo=20160714600250
00618401,크루셜텍,20200227,시장조치(복합),내부결산시점관리종목지정ㆍ형식적상장폐지ㆍ상장적격성실질심사사유발생,20200227900793,,"둘다(자본잠식,자기자본 / 사외이사,주주총회)",Y,https://dart.fss.or.kr/dsaf001/main.do?rcpNo=20200227900793
00618401,크루셜텍,20200320,관리종목,주권매매거래정지(관리종목지정사유발생),20200320900542,,키워드없음,Y,https://dart.fss.or.kr/dsaf001/main.do?rcpNo=20200320900542
00618401,크루셜텍,20210302,시장조치(복합),내부결산시점관리종목지정ㆍ형식적상장폐지ㆍ상장적격성실질심사사유발생,20210302900548,,"둘다(자본잠식,자기자본 / 사외이사,주주총회)",Y,https://dart.fss.or.kr/dsaf001/main.do?rcpNo=20210302900548
00618401,크루셜텍,20220316,시장조치(복합),내부결산시점관리종목지정ㆍ형식적상장폐지ㆍ상장적격성실질심사사유발생,20220316902360,,"둘다(자본잠식,자기자본 / 사외이사,주주총회)",Y,https://dart.fss.or.kr/dsaf001/main.do?rcpNo=20220316902360
00618401,크루셜텍,20230302,시장조치(복합),내부결산시점관리종목지정ㆍ형식적상장폐지ㆍ상장적격성실질심사사유발생,20230302900184,,"둘다(자본잠식,자기자본 / 사외이사,주주총회)",Y,https://dart.fss.or.kr/dsaf001/main.do?rcpNo=20230302900184
00618401,크루셜텍,20230905,상장폐지,주권매매거래정지기간변경(상장폐지 사유 발생),20230905900691,,키워드없음,Y,https://dart.fss.or.kr/dsaf001/main.do?rcpNo=20230905900691
00618410,KS인더스트리,20230210,시장조치(복합),내부결산시점관리종목지정ㆍ형식적상장폐지ㆍ상장적격성실질심사사유발생,20230210901255,,"둘다(자본잠식,자기자본 / 사외이사,주주총회)",Y,https://dart.fss.or.kr/dsaf001/main.do?rcpNo=20230210901255
00618410,KS인더스트리,20230306,관리종목,주권매매거래정지(관리종목지정사유발생),20230306900442,,키워드없음,Y,https://dart.fss.or.kr/dsaf001/main.do?rcpNo=20230306900442
00620558,루트K,20260223,시장조치(복합),내부결산시점관리종목지정ㆍ형식적상장폐지ㆍ상장적격성실질심사사유발생,20260223901353,,"둘다(자본잠식,자기자본 / 사외이사,주주총회)",Y,https://dart.fss.or.kr/dsaf001/main.do?rcpNo=20260223901353
00620558,루트K,20260323,관리종목,주권매매거래정지              (관리종목지정사유발생),20260323900880,,키워드없음,Y,https://dart.fss.or.kr/dsaf001/main.do?rcpNo=20260323900880
00623184,오늘이엔엠,20180322,상장폐지,주권매매거래정지기간변경(상장폐지사유 발생),20180322901710,,키워드없음,Y,https://dart.fss.or.kr/dsaf001/main.do?rcpNo=20180322901710
00623184,오늘이엔엠,20200813,상장폐지,주권매매거래정지해제(대법원의 상장폐지결정무효 판결에 따른 주권 매매거래정지해제),20200813901057,,키워드없음,Y,https://dart.fss.or.kr/dsaf001/main.do?rcpNo=20200813901057
00627029,DGI,20210325,상장폐지,주권매매거래정지(상장폐지 사유발생),20210325901591,Y,"감사의견,의견거절",,https://dart.fss.or.kr/dsaf001/main.do?rcpNo=20210325901591
00627029,DGI,20220225,시장조치(복합),내부결산시점관리종목지정ㆍ형식적상장폐지ㆍ상장적격성실질심사사유발생,20220225901649,,"둘다(자본잠식,자기자본 / 사외이사,주주총회)",Y,https://dart.fss.or.kr/dsaf001/main.do?rcpNo=20220225901649
00627029,DGI,20220323,상장폐지,주권매매거래정지기간변경(상장폐지 사유 발생),20220323902055,,"둘다(감사의견,의견거절 / 상장적격성 실질심사)",Y,https://dart.fss.or.kr/dsaf001/main.do?rcpNo=20220323902055
00627029,DGI,20220816,상장폐지,주권매매거래정지기간변경(상장폐지 사유 발생),20220816900866,,"둘다(감사의견,회생절차 / 상장적격성 실질심사)",Y,https://dart.fss.or.kr/dsaf001/main.do?rcpNo=20220816900866
00627029,DGI,20230330,상장폐지,주권매매거래정지기간변경(상장폐지 사유 발생),20230330902473,,둘다(감사의견 / 상장적격성 실질심사),Y,https://dart.fss.or.kr/dsaf001/main.do?rcpNo=20230330902473
00627029,DGI,20260511,상장폐지,주권매매거래정지기간변경              (상장폐지사유 발생),20260511900985,,키워드없음,Y,https://dart.fss.or.kr/dsaf001/main.do?rcpNo=20260511900985
00632845,노랑풍선,20220323,관리종목,주권매매거래정지(관리종목지정사유발생),20220323901605,,키워드없음,Y,https://dart.fss.or.kr/dsaf001/main.do?rcpNo=20220323901605
00638539,앤에스,20210323,상장폐지,주권매매거래정지기간변경(상장폐지 사유 발생),20210323901831,Y,"의견거절,계속기업",,https://dart.fss.or.kr/dsaf001/main.do?rcpNo=20210323901831
00638539,앤에스,20220323,상장폐지,주권매매거래정지기간변경(상장폐지 사유 발생),20220323901898,,"둘다(감사의견,의견거절 / 상장적격성 실질심사)",Y,https://dart.fss.or.kr/dsaf001/main.do?rcpNo=20220323901898
00641393,엔시트론,20210216,시장조치(복합),내부결산시점관리종목지정ㆍ형식적상장폐지ㆍ상장적격성실질심사사유발생,20210216900553,,"둘다(자본잠식,자기자본 / 사외이사,주주총회)",Y,https://dart.fss.or.kr/dsaf001/main.do?rcpNo=20210216900553
00643656,위메이드맥스,20160122,시장조치(복합),내부결산시점관리종목지정ㆍ형식적상장폐지ㆍ상장적격성실질심사사유발생,20160122900149,,,Y,https://dart.fss.or.kr/dsaf001/main.do?rcpNo=20160122900149
00643656,위메이드맥스,20160322,관리종목,주권매매거래정지(관리종목지정사유발생),20160322900646,Y,영업손실,,https://dart.fss.or.kr/dsaf001/main.do?rcpNo=20160322900646
00643656,위메이드맥스,20200129,시장조치(복합),내부결산시점관리종목지정ㆍ형식적상장폐지ㆍ상장적격성실질심사사유발생,20200129900431,,"둘다(자본잠식,자기자본 / 사외이사,주주총회)",Y,https://dart.fss.or.kr/dsaf001/main.do?rcpNo=20200129900431
00643656,위메이드맥스,20200319,관리종목,주권매매거래정지(관리종목지정사유발생),20200319902083,,키워드없음,Y,https://dart.fss.or.kr/dsaf001/main.do?rcpNo=20200319902083
00653103,퓨처코어,20170330,상장폐지,주권매매거래정지기간변경(상장폐지 사유 발생 등),20170330902203,,둘다(감사의견 / 상장적격성 실질심사),Y,https://dart.fss.or.kr/dsaf001/main.do?rcpNo=20170330902203
00653103,퓨처코어,20170330,상장폐지,주권매매거래정지기간변경(상장폐지사유 발생 등),20170330902219,,,Y,https://dart.fss.or.kr/dsaf001/main.do?rcpNo=20170330902219
00653103,퓨처코어,20240715,상장폐지,주권매매거래정지기간변경              (상장폐지 사유 발생),20240715900661,,키워드없음,Y,https://dart.fss.or.kr/dsaf001/main.do?rcpNo=20240715900661
00656021,비에프랩스,20240408,상장폐지,주권매매거래정지기간변경              (상장폐지 사유 발생),20240408900284,Y,의견거절,,https://dart.fss.or.kr/dsaf001/main.do?rcpNo=20240408900284
00656021,비에프랩스,20250314,시장조치(복합),내부결산시점관리종목지정ㆍ형식적상장폐지ㆍ상장적격성실질심사사유발생,20250314902289,,"둘다(자본잠식,자기자본 / 사외이사,주주총회)",Y,https://dart.fss.or.kr/dsaf001/main.do?rcpNo=20250314902289
00656021,비에프랩스,20250407,상장폐지,주권매매거래정지기간변경              (상장폐지 사유 발생),20250407901306,,"둘다(감사의견,의견거절 / 상장적격성 실질심사)",Y,https://dart.fss.or.kr/dsaf001/main.do?rcpNo=20250407901306
00659684,장원테크,20230407,상장폐지,주권매매거래정지기간변경(상장폐지사유 발생),20230407900806,Y,한정,,https://dart.fss.or.kr/dsaf001/main.do?rcpNo=20230407900806
00659684,장원테크,20240321,상장폐지,주권매매거래정지기간변경              (상장폐지 사유 발생),20240321902799,Y,감사의견,,https://dart.fss.or.kr/dsaf001/main.do?rcpNo=20240321902799
00660033,씨엔플러스,20170214,시장조치(복합),내부결산시점관리종목지정ㆍ형식적상장폐지ㆍ상장적격성실질심사사유발생,20170214900025,,"둘다(자본잠식,자기자본 / 사외이사)",Y,https://dart.fss.or.kr/dsaf001/main.do?rcpNo=20170214900025
00660033,씨엔플러스,20170315,관리종목,주권매매거래정지(관리종목지정사유발생),20170315901220,,키워드없음,Y,https://dart.fss.or.kr/dsaf001/main.do?rcpNo=20170315901220
00660033,씨엔플러스,20200915,상장폐지,주권매매거래정지기간변경(상장폐지 사유 발생),20200915900498,,키워드없음,Y,https://dart.fss.or.kr/dsaf001/main.do?rcpNo=20200915900498
00660033,씨엔플러스,20210330,상장폐지,주권매매거래정지기간변경(상장폐지 사유 발생),20210330902453,Y,의견거절,,https://dart.fss.or.kr/dsaf001/main.do?rcpNo=20210330902453
00660121,디에이테크놀로지,20250214,시장조치(복합),내부결산시점관리종목지정ㆍ형식적상장폐지ㆍ상장적격성실질심사사유발생,20250214901382,,"둘다(자본잠식,자기자본 / 사외이사,상장적격성 실질심사)",Y,https://dart.fss.or.kr/dsaf001/main.do?rcpNo=20250214901382
00660121,디에이테크놀로지,20250324,상장폐지,주권매매거래정지기간변경              (상장폐지 사유 발생),20250324900580,Y,"감사의견,의견거절,계속기업",,https://dart.fss.or.kr/dsaf001/main.do?rcpNo=20250324900580
00660121,디에이테크놀로지,20251027,상장폐지,주권매매거래정지기간변경              (상장폐지 사유 발생),20251027900670,,둘다(감사의견 / 상장적격성 실질심사),Y,https://dart.fss.or.kr/dsaf001/main.do?rcpNo=20251027900670
00660121,디에이테크놀로지,20260213,시장조치(복합),내부결산시점관리종목지정ㆍ형식적상장폐지ㆍ상장적격성실질심사사유발생,20260213901967,,"둘다(자본잠식,자기자본 / 사외이사,주주총회)",Y,https://dart.fss.or.kr/dsaf001/main.do?rcpNo=20260213901967
00661157,인트로메딕,20220314,상장폐지,주권매매거래정지기간변경(상장폐지 사유 발생),20220314901878,Y,의견거절,,https://dart.fss.or.kr/dsaf001/main.do?rcpNo=20220314901878
00661157,인트로메딕,20230216,시장조치(복합),내부결산시점관리종목지정ㆍ형식적상장폐지ㆍ상장적격성실질심사사유발생,20230216900893,,"둘다(자본잠식,자기자본 / 사외이사,주주총회)",Y,https://dart.fss.or.kr/dsaf001/main.do?rcpNo=20230216900893
00661157,인트로메딕,20230323,상장폐지,주권매매거래정지기간변경(상장폐지 사유 발생),20230323901953,Y,감사의견,,https://dart.fss.or.kr/dsaf001/main.do?rcpNo=20230323901953
00661157,인트로메딕,20240201,시장조치(복합),내부결산시점관리종목지정ㆍ형식적상장폐지ㆍ상장적격성실질심사사유발생,20240201900409,,"둘다(자본잠식,자기자본 / 사외이사,주주총회)",Y,https://dart.fss.or.kr/dsaf001/main.do?rcpNo=20240201900409
00661157,인트로메딕,20250203,시장조치(복합),내부결산시점관리종목지정ㆍ형식적상장폐지ㆍ상장적격성실질심사사유발생,20250203900814,,"둘다(자본잠식,자기자본 / 사외이사,주주총회)",Y,https://dart.fss.or.kr/dsaf001/main.do?rcpNo=20250203900814
00661157,인트로메딕,20250324,상장폐지,주권매매거래정지기간변경              (상장폐지 사유 발생),20250324901078,,키워드없음,Y,https://dart.fss.or.kr/dsaf001/main.do?rcpNo=20250324901078
00664288,스페이스솔루션,20181212,상장폐지,상장폐지결정,20181212600741,N,"사외이사,주주총회,자진",,https://dart.fss.or.kr/dsaf001/main.do?rcpNo=20181212600741
00666064,셀바스AI,20190328,상장폐지,주권매매거래정지기간변경(상장폐지 사유 발생),20190328901597,Y,한정,,https://dart.fss.or.kr/dsaf001/main.do?rcpNo=20190328901597
00669450,바이오프로테크,20200319,상장폐지,주권매매거래정지(상장폐지 사유발생),20200319602466,Y,"감사의견,의견거절",,https://dart.fss.or.kr/dsaf001/main.do?rcpNo=20200319602466
00669450,바이오프로테크,20210323,상장폐지,주권매매거래정지기간변경(상장폐지 사유발생),20210323600640,Y,"감사의견,의견거절",,https://dart.fss.or.kr/dsaf001/main.do?rcpNo=20210323600640
00670085,엘아이에스,20150318,시장조치(복합),내부결산시점관리종목지정ㆍ형식적상장폐지ㆍ상장적격성실질심사사유발생,20150318900053,,"둘다(자본잠식,자기자본 / 사외이사)",Y,https://dart.fss.or.kr/dsaf001/main.do?rcpNo=20150318900053
00670085,엘아이에스,20150323,관리종목,주권매매거래정지(관리종목지정사유발생),20150323900770,,키워드없음,Y,https://dart.fss.or.kr/dsaf001/main.do?rcpNo=20150323900770
00670085,엘아이에스,20221226,상장폐지,주권매매거래정지기간변경(상장폐지사유 발생),20221226900944,,키워드없음,Y,https://dart.fss.or.kr/dsaf001/main.do?rcpNo=20221226900944
00670085,엘아이에스,20230331,상장폐지,주권매매거래정지기간변경(상장폐지 사유 발생),20230331903752,,둘다(감사의견 / 상장적격성 실질심사),Y,https://dart.fss.or.kr/dsaf001/main.do?rcpNo=20230331903752
00671437,파인넥스,20190314,시장조치(복합),내부결산시점관리종목지정ㆍ형식적상장폐지ㆍ상장적격성실질심사사유발생,20190314902422,,"둘다(자본잠식,자기자본 / 사외이사)",Y,https://dart.fss.or.kr/dsaf001/main.do?rcpNo=20190314902422
00671437,파인넥스,20190327,상장폐지,주권매매거래정지기간변경(상장폐지 사유 발생),20190327901831,Y,"감사의견,의견거절,계속기업",,https://dart.fss.or.kr/dsaf001/main.do?rcpNo=20190327901831
00671437,파인넥스,20200323,상장폐지,주권매매거래정지기간변경(상장폐지 사유 발생),20200323902018,,"둘다(의견거절,계속기업 / 상장적격성 실질심사)",Y,https://dart.fss.or.kr/dsaf001/main.do?rcpNo=20200323902018
00673301,전우정밀,20210401,상장폐지,주권매매거래정지기간변경(상장폐지 사유 발생),20210401600347,,키워드없음,Y,https://dart.fss.or.kr/dsaf001/main.do?rcpNo=20210401600347
00673976,지스마트글로벌,20200323,상장폐지,"주권매매거래정지기간변경(상장폐지 사유 발생, 주식의 병합, 분할 등 전자등록 변경, 말소)",20200323902004,Y,"감사의견,의견거절,계속기업",,https://dart.fss.or.kr/dsaf001/main.do?rcpNo=20200323902004
00673976,지스마트글로벌,20210315,상장폐지,주권매매거래정지기간변경(상장폐지 사유 발생),20210315901838,Y,"감사의견,의견거절,계속기업",,https://dart.fss.or.kr/dsaf001/main.do?rcpNo=20210315901838
00673976,지스마트글로벌,20210315,상장폐지,"주권매매거래정지기간변경(상장폐지 사유 발생, 상장적격성 실질심사대상(사유발생))",20210315901847,,"둘다(감사의견,의견거절 / 정관,상장적격성 실질심사)",Y,https://dart.fss.or.kr/dsaf001/main.do?rcpNo=20210315901847
00673976,지스마트글로벌,20210824,상장폐지,주권매매거래정지기간변경(상장폐지 사유 발생),20210824900447,,"둘다(감사의견,의견거절 / 상장적격성 실질심사)",Y,https://dart.fss.or.kr/dsaf001/main.do?rcpNo=20210824900447
00676122,지디,20180322,상장폐지,주권매매거래정지(상장폐지 사유발생 등),20180322901686,,둘다(의견거절 / 상장적격성 실질심사),Y,https://dart.fss.or.kr/dsaf001/main.do?rcpNo=20180322901686
00678096,맥스로텍,20210323,상장폐지,주권매매거래정지기간변경(상장폐지 사유 발생),20210323901766,Y,"감사의견,의견거절",,https://dart.fss.or.kr/dsaf001/main.do?rcpNo=20210323901766
00681373,디지캡,20180831,상장폐지,상장폐지결정,20180831600741,N,사외이사,,https://dart.fss.or.kr/dsaf001/main.do?rcpNo=20180831600741
00689418,지유온,20190321,상장폐지,주권매매거래정지기간변경(상장폐지 사유 발생),20190321901801,,둘다(의견거절 / 상장적격성 실질심사),Y,https://dart.fss.or.kr/dsaf001/main.do?rcpNo=20190321901801
00689418,지유온,20200302,시장조치(복합),내부결산시점관리종목지정ㆍ형식적상장폐지ㆍ상장적격성실질심사사유발생,20200302900959,,"둘다(자본잠식,자기자본 / 사외이사,주주총회)",Y,https://dart.fss.or.kr/dsaf001/main.do?rcpNo=20200302900959
00693651,비덴트,20170323,상장폐지,주권매매거래정지(상장폐지사유 발생),20170323901158,,키워드없음,Y,https://dart.fss.or.kr/dsaf001/main.do?rcpNo=20170323901158
00693651,비덴트,20230331,상장폐지,주권매매거래정지기간변경(상장폐지 사유 발생),20230331901593,Y,의견거절,,https://dart.fss.or.kr/dsaf001/main.do?rcpNo=20230331901593
00693651,비덴트,20240321,상장폐지,주권매매거래정지기간변경              (상장폐지 사유 발생),20240321902813,,둘다(감사의견 / 상장적격성 실질심사),Y,https://dart.fss.or.kr/dsaf001/main.do?rcpNo=20240321902813
00693651,비덴트,20260602,상장폐지,주권매매거래정지기간변경              (상장폐지사유 발생),20260602900871,,키워드없음,Y,https://dart.fss.or.kr/dsaf001/main.do?rcpNo=20260602900871
00694942,이미지스,20210208,시장조치(복합),내부결산시점관리종목지정ㆍ형식적상장폐지ㆍ상장적격성실질심사사유발생,20210208901074,,"둘다(자본잠식,자기자본 / 사외이사)",Y,https://dart.fss.or.kr/dsaf001/main.do?rcpNo=20210208901074
00695464,차이나그레이트스타인터내셔널리미티드,20190418,상장폐지,주권매매거래정지(상장폐지 사유발생),20190418900726,,키워드없음,Y,https://dart.fss.or.kr/dsaf001/main.do?rcpNo=20190418900726
00756163,볼빅,20210415,상장폐지,주권매매거래정지기간변경(상장폐지 사유 발생),20210415600092,Y,"감사의견,의견거절,계속기업",,https://dart.fss.or.kr/dsaf001/main.do?rcpNo=20210415600092
00757816,모다,20180402,상장폐지,주권매매거래정지기간변경(상장폐지 사유 발생),20180402903373,,키워드없음,Y,https://dart.fss.or.kr/dsaf001/main.do?rcpNo=20180402903373
00757816,모다,20190321,상장폐지,주권매매거래정지기간변경(상장폐지 사유 발생),20190321901780,Y,"의견거절,회생절차",,https://dart.fss.or.kr/dsaf001/main.do?rcpNo=20190321901780
00757816,모다,20190814,상장폐지,주권매매거래정지기간변경(상장폐지 사유 발생),20190814903292,Y,"자본잠식,의견거절,부적정",,https://dart.fss.or.kr/dsaf001/main.do?rcpNo=20190814903292
00757816,모다,20200707,상장폐지,기타경영사항(자율공시)(상장폐지결정무효확인 청구의 소),20200707900395,,키워드없음,Y,https://dart.fss.or.kr/dsaf001/main.do?rcpNo=20200707900395
00763358,스마트솔루션즈,20220322,시장조치(복합),내부결산시점관리종목지정ㆍ형식적상장폐지ㆍ상장적격성실질심사사유발생,20220322901098,,"둘다(자본잠식,자기자본 / 사외이사,주주총회)",Y,https://dart.fss.or.kr/dsaf001/main.do?rcpNo=20220322901098
00763358,스마트솔루션즈,20220411,상장폐지,주권매매거래정지기간변경(상장폐지 사유 발생),20220411900697,Y,"감사의견,의견거절,계속기업",,https://dart.fss.or.kr/dsaf001/main.do?rcpNo=20220411900697
00763358,스마트솔루션즈,20230214,시장조치(복합),내부결산시점관리종목지정ㆍ형식적상장폐지ㆍ상장적격성실질심사사유발생,20230214901143,,"둘다(자본잠식,자기자본 / 사외이사,주주총회)",Y,https://dart.fss.or.kr/dsaf001/main.do?rcpNo=20230214901143
00763358,스마트솔루션즈,20230323,상장폐지,주권매매거래정지기간변경(상장폐지 사유 발생),20230323902204,,둘다(감사의견 / 상장적격성 실질심사),Y,https://dart.fss.or.kr/dsaf001/main.do?rcpNo=20230323902204
00763358,스마트솔루션즈,20240215,시장조치(복합),내부결산시점관리종목지정ㆍ형식적상장폐지ㆍ상장적격성실질심사사유발생,20240215900940,,"둘다(자본잠식,자기자본 / 사외이사,주주총회)",Y,https://dart.fss.or.kr/dsaf001/main.do?rcpNo=20240215900940
00763473,코스메카코리아,20240510,상장폐지,상장폐지승인을위한의안상정결정,20240510900649,N,"사외이사,주주총회",,https://dart.fss.or.kr/dsaf001/main.do?rcpNo=20240510900649
00766106,엣지파운드리,20170323,상장폐지,주권매매거래정지(상장폐지사유 발생),20170323901127,,키워드없음,Y,https://dart.fss.or.kr/dsaf001/main.do?rcpNo=20170323901127
00767460,PI첨단소재,20210408,상장폐지,상장폐지승인을위한의안상정결정,20210408900283,N,"사외이사,주주총회",,https://dart.fss.or.kr/dsaf001/main.do?rcpNo=20210408900283
00767460,PI첨단소재,20210802,상장폐지,상장폐지결정,20210802900149,N,"사외이사,주주총회",,https://dart.fss.or.kr/dsaf001/main.do?rcpNo=20210802900149
00781202,파이온엑스,20200522,상장폐지,주권매매거래정지기간변경(상장폐지 사유 발생),20200522900646,Y,"의견거절,계속기업",,https://dart.fss.or.kr/dsaf001/main.do?rcpNo=20200522900646
00786331,에스앤씨엔진그룹리미티드,20200626,상장폐지,주권매매거래정지기간변경(상장폐지 사유 발생),20200626900778,Y,의견거절,,https://dart.fss.or.kr/dsaf001/main.do?rcpNo=20200626900778
00790121,차이나하오란리사이클링유한공사,20180705,상장폐지,주권매매거래정지기간변경(상장폐지 사유 발생),20180705900589,,키워드없음,Y,https://dart.fss.or.kr/dsaf001/main.do?rcpNo=20180705900589
00799070,딥커머스,20190509,상장폐지,주권매매거래정지기간변경(상장폐지 사유 발생),20190509900707,Y,의견거절,,https://dart.fss.or.kr/dsaf001/main.do?rcpNo=20190509900707
00800145,서진오토모티브,20210329,관리종목,주권매매거래정지(관리종목지정사유발생),20210329901777,,키워드없음,Y,https://dart.fss.or.kr/dsaf001/main.do?rcpNo=20210329901777
00806972,매직마이크로,20210323,상장폐지,주권매매거래정지기간변경(상장폐지 사유 발생),20210323901802,,"둘다(감사의견,의견거절 / 상장적격성 실질심사)",Y,https://dart.fss.or.kr/dsaf001/main.do?rcpNo=20210323901802
00806972,매직마이크로,20220325,상장폐지,주권매매거래정지기간변경(상장폐지 사유 발생),20220325901246,,"둘다(감사의견,회생절차 / 상장적격성 실질심사)",Y,https://dart.fss.or.kr/dsaf001/main.do?rcpNo=20220325901246
00807397,코이즈,20260901,상장폐지,주권매매거래정지              (상장폐지 사유발생),20260901900760,,키워드없음,Y,https://dart.fss.or.kr/dsaf001/main.do?rcpNo=20260901900760
00808068,앤로보틱스,20190320,상장폐지,주권매매거래정지(상장폐지 사유발생),20190320901084,,키워드없음,Y,https://dart.fss.or.kr/dsaf001/main.do?rcpNo=20190320901084
00808068,앤로보틱스,20210316,시장조치(복합),내부결산시점관리종목지정ㆍ형식적상장폐지ㆍ상장적격성실질심사사유발생,20210316901633,,"둘다(자본잠식,자기자본 / 사외이사,주주총회)",Y,https://dart.fss.or.kr/dsaf001/main.do?rcpNo=20210316901633
00808068,앤로보틱스,20211022,상장폐지,주권매매거래정지기간변경(상장폐지 사유 발생),20211022900582,,키워드없음,Y,https://dart.fss.or.kr/dsaf001/main.do?rcpNo=20211022900582
00808086,HLB펩,20250204,시장조치(복합),내부결산시점관리종목지정ㆍ형식적상장폐지ㆍ상장적격성실질심사사유발생,20250204900937,,"둘다(자본잠식,자기자본 / 사외이사,주주총회)",Y,https://dart.fss.or.kr/dsaf001/main.do?rcpNo=20250204900937
00808086,HLB펩,20250321,관리종목,주권매매거래정지              (관리종목지정사유발생),20250321901229,,키워드없음,Y,https://dart.fss.or.kr/dsaf001/main.do?rcpNo=20250321901229
00809429,뉴온,20240313,시장조치(복합),내부결산시점관리종목지정ㆍ형식적상장폐지ㆍ상장적격성실질심사사유발생,20240313902327,,"둘다(자본잠식,자기자본 / 사외이사,주주총회)",Y,https://dart.fss.or.kr/dsaf001/main.do?rcpNo=20240313902327
00809517,아이엠텍,20190226,시장조치(복합),내부결산시점관리종목지정ㆍ형식적상장폐지ㆍ상장적격성실질심사사유발생,20190226901153,,"둘다(자본잠식,자기자본 / 사외이사)",Y,https://dart.fss.or.kr/dsaf001/main.do?rcpNo=20190226901153
00809517,아이엠텍,20190321,관리종목,주권매매거래정지(관리종목지정사유발생),20190321901492,,키워드없음,Y,https://dart.fss.or.kr/dsaf001/main.do?rcpNo=20190321901492
00809517,아이엠텍,20200406,상장폐지,주권매매거래정지기간변경(상장폐지 사유 발생),20200406900223,Y,의견거절,,https://dart.fss.or.kr/dsaf001/main.do?rcpNo=20200406900223
00809517,아이엠텍,20210330,상장폐지,주권매매거래정지기간변경(상장폐지 사유 발생),20210330902448,Y,"감사의견,의견거절",,https://dart.fss.or.kr/dsaf001/main.do?rcpNo=20210330902448
00810531,자원메디칼,20150126,상장폐지,상장폐지결정,20150126600298,N,"사외이사,주주총회,자진",,https://dart.fss.or.kr/dsaf001/main.do?rcpNo=20150126600298
00812362,디에스앤엘,20170302,시장조치(복합),내부결산시점관리종목지정ㆍ형식적상장폐지ㆍ상장적격성실질심사사유발생,20170302900967,,"둘다(자본잠식,자기자본 / 사외이사,주주총회)",Y,https://dart.fss.or.kr/dsaf001/main.do?rcpNo=20170302900967
00812362,디에스앤엘,20170323,관리종목,주권매매거래정지(관리종목지정사유발생),20170323900867,,키워드없음,Y,https://dart.fss.or.kr/dsaf001/main.do?rcpNo=20170323900867
00812362,디에스앤엘,20200317,상장폐지,주권매매거래정지기간변경(상장폐지 사유 발생),20200317901594,,"둘다(감사의견,의견거절 / 상장적격성 실질심사)",Y,https://dart.fss.or.kr/dsaf001/main.do?rcpNo=20200317901594
00812362,디에스앤엘,20210308,시장조치(복합),내부결산시점관리종목지정ㆍ형식적상장폐지ㆍ상장적격성실질심사사유발생,20210308900808,,"둘다(자본잠식,자기자본 / 사외이사)",Y,https://dart.fss.or.kr/dsaf001/main.do?rcpNo=20210308900808
00812362,디에스앤엘,20210322,상장폐지,주권매매거래정지기간변경(상장폐지 사유발생 및 풍문 등 조회결과 공시),20210322901026,,"둘다(감사의견,의견거절 / 상장적격성 실질심사)",Y,https://dart.fss.or.kr/dsaf001/main.do?rcpNo=20210322901026
00812362,디에스앤엘,20210817,상장폐지,주권매매거래정지기간변경(상장폐지 사유 발생),20210817902599,,둘다(감사의견 / 상장적격성 실질심사),Y,https://dart.fss.or.kr/dsaf001/main.do?rcpNo=20210817902599
00812362,디에스앤엘,20220215,시장조치(복합),내부결산시점관리종목지정ㆍ형식적상장폐지ㆍ상장적격성실질심사사유발생,20220215900945,,"둘다(자본잠식,자기자본 / 사외이사,주주총회)",Y,https://dart.fss.or.kr/dsaf001/main.do?rcpNo=20220215900945
00812362,디에스앤엘,20220412,상장폐지,주권매매거래정지기간변경(상장폐지 사유 발생),20220412900654,,"둘다(감사의견,의견거절 / 상장적격성 실질심사)",Y,https://dart.fss.or.kr/dsaf001/main.do?rcpNo=20220412900654
00812362,디에스앤엘,20220812,상장폐지,주권매매거래정지기간변경(상장폐지 사유 발생),20220812901507,,둘다(감사의견 / 상장적격성 실질심사),Y,https://dart.fss.or.kr/dsaf001/main.do?rcpNo=20220812901507
00812362,디에스앤엘,20230213,시장조치(복합),내부결산시점관리종목지정ㆍ형식적상장폐지ㆍ상장적격성실질심사사유발생,20230213901372,,"둘다(자본잠식,자기자본 / 사외이사,주주총회)",Y,https://dart.fss.or.kr/dsaf001/main.do?rcpNo=20230213901372
00812362,디에스앤엘,20230724,상장폐지,주권매매거래정지기간변경(상장폐지사유 발생),20230724900576,,키워드없음,Y,https://dart.fss.or.kr/dsaf001/main.do?rcpNo=20230724900576
00814786,티엔엔터테인먼트,20170323,상장폐지,주권매매거래정지(상장폐지사유 발생),20170323901134,,키워드없음,Y,https://dart.fss.or.kr/dsaf001/main.do?rcpNo=20170323901134
00814786,티엔엔터테인먼트,20180126,시장조치(복합),내부결산시점관리종목지정ㆍ형식적상장폐지ㆍ상장적격성실질심사사유발생,20180126900331,,"둘다(자본잠식,자기자본 / 사외이사,주주총회)",Y,https://dart.fss.or.kr/dsaf001/main.do?rcpNo=20180126900331
00814786,티엔엔터테인먼트,20210818,시장조치(복합),내부결산시점관리종목지정ㆍ형식적상장폐지ㆍ상장적격성실질심사사유발생,20210818900386,,"둘다(자본잠식,자기자본 / 사외이사,주주총회)",Y,https://dart.fss.or.kr/dsaf001/main.do?rcpNo=20210818900386
00814786,티엔엔터테인먼트,20210917,관리종목,주권매매거래정지(관리종목지정사유발생),20210917900645,,키워드없음,Y,https://dart.fss.or.kr/dsaf001/main.do?rcpNo=20210917900645
00818472,이큐셀,20200320,상장폐지,주권매매거래정지(상장폐지 사유발생),20200320901521,Y,"감사의견,의견거절,계속기업",,https://dart.fss.or.kr/dsaf001/main.do?rcpNo=20200320901521
00818472,이큐셀,20201008,상장폐지,"주권매매거래정지기간변경(상장폐지 사유 발생, 상장적격성 실질심사대상(사유발생))",20201008900909,,"둘다(의견거절,계속기업 / 상장적격성 실질심사)",Y,https://dart.fss.or.kr/dsaf001/main.do?rcpNo=20201008900909
00818472,이큐셀,20230623,상장폐지,주권매매거래정지기간변경(상장폐지사유 발생),20230623900629,,키워드없음,Y,https://dart.fss.or.kr/dsaf001/main.do?rcpNo=20230623900629
00820389,한울비앤씨,20230302,시장조치(복합),내부결산시점관리종목지정ㆍ형식적상장폐지ㆍ상장적격성실질심사사유발생,20230302901259,,"둘다(자본잠식,자기자본 / 사외이사,주주총회)",Y,https://dart.fss.or.kr/dsaf001/main.do?rcpNo=20230302901259
00820389,한울비앤씨,20230314,상장폐지,주권매매거래정지기간변경(상장폐지 사유 발생),20230314902190,Y,"감사의견,의견거절,계속기업",,https://dart.fss.or.kr/dsaf001/main.do?rcpNo=20230314902190
00820389,한울비앤씨,20240222,시장조치(복합),내부결산시점관리종목지정ㆍ형식적상장폐지ㆍ상장적격성실질심사사유발생,20240222900986,,"둘다(자본잠식,자기자본 / 사외이사,주주총회)",Y,https://dart.fss.or.kr/dsaf001/main.do?rcpNo=20240222900986
00820389,한울비앤씨,20240321,상장폐지,주권매매거래정지기간변경              (상장폐지 사유 발생),20240321902626,,둘다(감사의견 / 상장적격성 실질심사),Y,https://dart.fss.or.kr/dsaf001/main.do?rcpNo=20240321902626
00820389,한울비앤씨,20250313,시장조치(복합),내부결산시점관리종목지정ㆍ형식적상장폐지ㆍ상장적격성실질심사사유발생,20250313900883,,"둘다(자본잠식,자기자본 / 사외이사,주주총회)",Y,https://dart.fss.or.kr/dsaf001/main.do?rcpNo=20250313900883
00821607,알톤,20190319,시장조치(복합),내부결산시점관리종목지정ㆍ형식적상장폐지ㆍ상장적격성실질심사사유발생,20190319900415,,"둘다(자본잠식,자기자본 / 사외이사)",Y,https://dart.fss.or.kr/dsaf001/main.do?rcpNo=20190319900415
00821607,알톤,20200207,시장조치(복합),내부결산시점관리종목지정ㆍ형식적상장폐지ㆍ상장적격성실질심사사유발생,20200207900823,,"둘다(자본잠식,자기자본 / 사외이사)",Y,https://dart.fss.or.kr/dsaf001/main.do?rcpNo=20200207900823
00823687,웨이포트유한공사,20170512,상장폐지,상장폐지결정,20170512901032,N,"사외이사,주주총회",,https://dart.fss.or.kr/dsaf001/main.do?rcpNo=20170512901032
00842327,완리인터내셔널홀딩스,20170427,상장폐지,주권매매거래정지기간변경(상장폐지 사유 발생),20170427900711,,키워드없음,Y,https://dart.fss.or.kr/dsaf001/main.do?rcpNo=20170427900711
00842327,완리인터내셔널홀딩스,20180409,상장폐지,주권매매거래정지기간변경(상장폐지 사유 발생),20180409900912,,키워드없음,Y,https://dart.fss.or.kr/dsaf001/main.do?rcpNo=20180409900912
00855145,하이골드오션2호선박투자회사,20161207,상장폐지,상장폐지결정,20161207800418,N,"사외이사,주주총회",,https://dart.fss.or.kr/dsaf001/main.do?rcpNo=20161207800418
00861720,이즈미디어,20220316,시장조치(복합),내부결산시점관리종목지정ㆍ형식적상장폐지ㆍ상장적격성실질심사사유발생,20220316901971,,"둘다(자본잠식,자기자본 / 사외이사,주주총회)",Y,https://dart.fss.or.kr/dsaf001/main.do?rcpNo=20220316901971
00861720,이즈미디어,20220323,상장폐지,주권매매거래정지(상장폐지 사유발생),20220323902069,Y,의견거절,,https://dart.fss.or.kr/dsaf001/main.do?rcpNo=20220323902069
00861720,이즈미디어,20230322,상장폐지,주권매매거래정지기간변경(상장폐지 사유 발생),20230322901156,,둘다(감사의견 / 상장적격성 실질심사),Y,https://dart.fss.or.kr/dsaf001/main.do?rcpNo=20230322901156
00861720,이즈미디어,20240314,시장조치(복합),내부결산시점관리종목지정ㆍ형식적상장폐지ㆍ상장적격성실질심사사유발생,20240314902800,,"둘다(자본잠식,자기자본 / 사외이사,주주총회)",Y,https://dart.fss.or.kr/dsaf001/main.do?rcpNo=20240314902800
00861997,아고스,20210322,관리종목,주권매매거래정지(관리종목지정사유발생),20210322901570,,키워드없음,Y,https://dart.fss.or.kr/dsaf001/main.do?rcpNo=20210322901570
00863038,캐리,20260225,시장조치(복합),내부결산시점관리종목지정ㆍ형식적상장폐지ㆍ상장적격성실질심사사유발생,20260225902135,,"둘다(자본잠식,자기자본 / 사외이사,주주총회)",Y,https://dart.fss.or.kr/dsaf001/main.do?rcpNo=20260225902135
00863038,캐리,20260331,상장폐지,주권매매거래정지              (상장폐지 사유발생),20260331904813,,키워드없음,Y,https://dart.fss.or.kr/dsaf001/main.do?rcpNo=20260331904813
00866594,미애부,20210415,상장폐지,주권매매거래정지기간변경(상장폐지 사유 발생),20210415600089,Y,"감사의견,의견거절,계속기업",,https://dart.fss.or.kr/dsaf001/main.do?rcpNo=20210415600089
00867478,아시아종묘,20180206,상장폐지,상장폐지결정,20180206600675,N,사외이사,,https://dart.fss.or.kr/dsaf001/main.do?rcpNo=20180206600675
00867478,아시아종묘,20220516,관리종목,주권매매거래정지기간변경(관리종목지정사유 발생),20220516902646,,키워드없음,Y,https://dart.fss.or.kr/dsaf001/main.do?rcpNo=20220516902646
00872452,미래오토스,20200323,상장폐지,주권매매거래정지(상장폐지 사유발생),20200323901995,,키워드없음,Y,https://dart.fss.or.kr/dsaf001/main.do?rcpNo=20200323901995
00872452,미래오토스,20210323,상장폐지,주권매매거래정지기간변경(상장폐지 사유 발생),20210323901689,,"둘다(감사의견,의견거절 / 상장적격성 실질심사)",Y,https://dart.fss.or.kr/dsaf001/main.do?rcpNo=20210323901689
00872452,미래오토스,20210817,상장폐지,주권매매거래정지기간변경(상장폐지 사유 발생),20210817901871,,"둘다(감사의견,의견거절 / 상장적격성 실질심사)",Y,https://dart.fss.or.kr/dsaf001/main.do?rcpNo=20210817901871
00872452,미래오토스,20220215,시장조치(복합),내부결산시점관리종목지정ㆍ형식적상장폐지ㆍ상장적격성실질심사사유발생,20220215900968,,"둘다(자본잠식,자기자본 / 사외이사,주주총회)",Y,https://dart.fss.or.kr/dsaf001/main.do?rcpNo=20220215900968
00872452,미래오토스,20220216,상장폐지,주권매매거래정지기간변경(상장폐지 사유 발생),20220216900995,,키워드없음,Y,https://dart.fss.or.kr/dsaf001/main.do?rcpNo=20220216900995
00872850,비지스틸,20160503,상장폐지,상장폐지결정,20160503600322,N,"사외이사,주주총회,자진",,https://dart.fss.or.kr/dsaf001/main.do?rcpNo=20160503600322
00874195,코썬바이오,20200227,시장조치(복합),내부결산시점관리종목지정ㆍ형식적상장폐지ㆍ상장적격성실질심사사유발생,20200227901337,,"둘다(자본잠식,자기자본 / 사외이사,주주총회)",Y,https://dart.fss.or.kr/dsaf001/main.do?rcpNo=20200227901337
00874195,코썬바이오,20200519,상장폐지,주권매매거래정지기간변경(상장폐지 사유 발생),20200519900529,,키워드없음,Y,https://dart.fss.or.kr/dsaf001/main.do?rcpNo=20200519900529
00890388,지성이씨에스,20180608,상장폐지,상장폐지결정,20180608600659,,,Y,https://dart.fss.or.kr/dsaf001/main.do?rcpNo=20180608600659
00896753,에코글로우,20201207,상장폐지,주권매매거래정지기간변경(상장폐지 사유 발생),20201207900601,,키워드없음,Y,https://dart.fss.or.kr/dsaf001/main.do?rcpNo=20201207900601
00896753,에코글로우,20210201,시장조치(복합),내부결산시점관리종목지정ㆍ형식적상장폐지ㆍ상장적격성실질심사사유발생,20210201900980,,"둘다(자본잠식,자기자본 / 사외이사,주주총회)",Y,https://dart.fss.or.kr/dsaf001/main.do?rcpNo=20210201900980
00910947,바다로19호선박투자회사,20231017,상장폐지,상장폐지결정,20231017800368,N,사외이사,,https://dart.fss.or.kr/dsaf001/main.do?rcpNo=20231017800368
00914341,아이티켐,20260406,상장폐지,주권매매거래정지기간변경              (상장폐지 사유 발생),20260406901137,Y,의견거절,,https://dart.fss.or.kr/dsaf001/main.do?rcpNo=20260406901137
00923792,내츄럴엔도텍,20190211,시장조치(복합),내부결산시점관리종목지정ㆍ형식적상장폐지ㆍ상장적격성실질심사사유발생,20190211901140,,"둘다(자본잠식,자기자본 / 사외이사)",Y,https://dart.fss.or.kr/dsaf001/main.do?rcpNo=20190211901140
00923792,내츄럴엔도텍,20200214,시장조치(복합),내부결산시점관리종목지정ㆍ형식적상장폐지ㆍ상장적격성실질심사사유발생,20200214900951,,"둘다(자본잠식,자기자본 / 사외이사)",Y,https://dart.fss.or.kr/dsaf001/main.do?rcpNo=20200214900951
00923826,일월지엠엘,20190304,시장조치(복합),내부결산시점관리종목지정ㆍ형식적상장폐지ㆍ상장적격성실질심사사유발생,20190304900002,,"둘다(자본잠식,자기자본 / 사외이사,주주총회)",Y,https://dart.fss.or.kr/dsaf001/main.do?rcpNo=20190304900002
00923826,일월지엠엘,20200228,시장조치(복합),내부결산시점관리종목지정ㆍ형식적상장폐지ㆍ상장적격성실질심사사유발생,20200228901395,,"둘다(자본잠식,자기자본 / 사외이사,주주총회)",Y,https://dart.fss.or.kr/dsaf001/main.do?rcpNo=20200228901395
00923826,일월지엠엘,20210317,상장폐지,주권매매거래정지기간변경(상장폐지 사유 발생),20210317900038,Y,의견거절,,https://dart.fss.or.kr/dsaf001/main.do?rcpNo=20210317900038
00923826,일월지엠엘,20220216,시장조치(복합),내부결산시점관리종목지정ㆍ형식적상장폐지ㆍ상장적격성실질심사사유발생,20220216901009,,"둘다(자본잠식,자기자본 / 사외이사,주주총회)",Y,https://dart.fss.or.kr/dsaf001/main.do?rcpNo=20220216901009
00923826,일월지엠엘,20220323,상장폐지,주권매매거래정지기간변경(상장폐지 사유 발생 및 상장적격성 실질심사 대상(사유발생)),20220323902054,,둘다(감사의견 / 상장적격성 실질심사),Y,https://dart.fss.or.kr/dsaf001/main.do?rcpNo=20220323902054
00923826,일월지엠엘,20220816,상장폐지,주권매매거래정지기간변경(상장폐지 사유 발생),20220816902814,,둘다(감사의견 / 상장적격성 실질심사),Y,https://dart.fss.or.kr/dsaf001/main.do?rcpNo=20220816902814
00923899,참존글로벌,20200320,상장폐지,주권매매거래정지기간변경(상장폐지 사유 발생),20200320902454,,"둘다(감사의견,의견거절 / 상장적격성 실질심사)",Y,https://dart.fss.or.kr/dsaf001/main.do?rcpNo=20200320902454
00923899,참존글로벌,20210215,시장조치(복합),내부결산시점관리종목지정ㆍ형식적상장폐지ㆍ상장적격성실질심사사유발생,20210215901248,,"둘다(자본잠식,자기자본 / 사외이사,주주총회)",Y,https://dart.fss.or.kr/dsaf001/main.do?rcpNo=20210215901248
00923899,참존글로벌,20210331,상장폐지,주권매매거래정지기간변경(상장폐지 사유발생),20210331902462,,"둘다(감사의견,의견거절 / 상장적격성 실질심사)",Y,https://dart.fss.or.kr/dsaf001/main.do?rcpNo=20210331902462
00923899,참존글로벌,20211022,상장폐지,주권매매거래정지기간변경(상장폐지 사유 발생),20211022900603,,키워드없음,Y,https://dart.fss.or.kr/dsaf001/main.do?rcpNo=20211022900603
00929228,엔에스컴퍼니,20210401,상장폐지,주권매매거래정지기간변경(상장폐지 사유 발생),20210401600345,,키워드없음,Y,https://dart.fss.or.kr/dsaf001/main.do?rcpNo=20210401600345
00938688,SBI핀테크솔루션즈,20250529,상장폐지,상장폐지결정,20250529900499,N,"사외이사,주주총회,자진",,https://dart.fss.or.kr/dsaf001/main.do?rcpNo=20250529900499
00938688,SBI핀테크솔루션즈,20250529,상장폐지,상장폐지승인을위한의안상정결정,20250529900543,N,"사외이사,주주총회,자진",,https://dart.fss.or.kr/dsaf001/main.do?rcpNo=20250529900543
00945208,더미동,20240329,상장폐지,주권매매거래정지기간변경              (상장폐지 사유 발생),20240329904802,,둘다(감사의견 / 상장적격성 실질심사),Y,https://dart.fss.or.kr/dsaf001/main.do?rcpNo=20240329904802
00945776,지슨,20250807,상장폐지,상장폐지결정              (피흡수 합병(스펙합병)),20250807600577,N,"사외이사,주주총회,정관",,https://dart.fss.or.kr/dsaf001/main.do?rcpNo=20250807600577
00954242,하이골드오션12호국제선박투자회사,20211201,상장폐지,상장폐지결정,20211201800761,N,사외이사,,https://dart.fss.or.kr/dsaf001/main.do?rcpNo=20211201800761
00957568,로아앤코,20170329,상장폐지,주권매매거래정지기간변경(상장폐지 사유 발생),20170329901189,,키워드없음,Y,https://dart.fss.or.kr/dsaf001/main.do?rcpNo=20170329901189
00957568,로아앤코,20220211,시장조치(복합),내부결산시점관리종목지정ㆍ형식적상장폐지ㆍ상장적격성실질심사사유발생,20220211900895,,"둘다(자본잠식,자기자본 / 사외이사,주주총회)",Y,https://dart.fss.or.kr/dsaf001/main.do?rcpNo=20220211900895
00957568,로아앤코,20230731,상장폐지,주권매매거래정지기간변경(상장폐지 사유 발생),20230731900769,,키워드없음,Y,https://dart.fss.or.kr/dsaf001/main.do?rcpNo=20230731900769
00959229,세종메디칼,20240229,시장조치(복합),내부결산시점관리종목지정ㆍ형식적상장폐지ㆍ상장적격성실질심사사유발생,20240229901521,,"둘다(자본잠식,자기자본 / 사외이사,주주총회)",Y,https://dart.fss.or.kr/dsaf001/main.do?rcpNo=20240229901521
00959229,세종메디칼,20240411,상장폐지,주권매매거래정지기간변경              (상장폐지 사유 발생),20240411900699,Y,"감사의견,의견거절,계속기업",,https://dart.fss.or.kr/dsaf001/main.do?rcpNo=20240411900699
00959229,세종메디칼,20250228,시장조치(복합),내부결산시점관리종목지정ㆍ형식적상장폐지ㆍ상장적격성실질심사사유발생,20250228901789,,"둘다(자본잠식,자기자본 / 사외이사,주주총회)",Y,https://dart.fss.or.kr/dsaf001/main.do?rcpNo=20250228901789
00959229,세종메디칼,20250804,상장폐지,주권매매거래정지기간변경              (상장폐지 사유발생),20250804900485,N,상장적격성 실질심사,,https://dart.fss.or.kr/dsaf001/main.do?rcpNo=20250804900485
00961136,씨티네트웍스,20200413,상장폐지,주권매매거래정지기간변경(상장폐지 사유발생),20200413600771,Y,"감사의견,의견거절,계속기업",,https://dart.fss.or.kr/dsaf001/main.do?rcpNo=20200413600771
00962393,포인트모바일,20220329,상장폐지,주권매매거래정지기간변경(상장폐지 사유 발생),20220329902741,Y,한정,,https://dart.fss.or.kr/dsaf001/main.do?rcpNo=20220329902741
00962393,포인트모바일,20230417,상장폐지,주권매매거래정지기간변경(상장폐지 사유 발생),20230417900555,,둘다(감사의견 / 상장적격성 실질심사),Y,https://dart.fss.or.kr/dsaf001/main.do?rcpNo=20230417900555
00967778,나이코,20161031,상장폐지,상장폐지결정,20161031600321,N,"사외이사,주주총회,자진",,https://dart.fss.or.kr/dsaf001/main.do?rcpNo=20161031600321
00971090,어스앤에어로스페이스,20200320,상장폐지,주권매매거래정지(상장폐지 사유발생),20200320902484,Y,"감사의견,의견거절,계속기업",,https://dart.fss.or.kr/dsaf001/main.do?rcpNo=20200320902484
00971090,어스앤에어로스페이스,20210323,상장폐지,주권매매거래정지기간변경(상장폐지 사유 발생 및 상장적격성 실질심사 대상(사유발생)),20210323901698,,"둘다(감사의견,의견거절 / 상장적격성 실질심사)",Y,https://dart.fss.or.kr/dsaf001/main.do?rcpNo=20210323901698
00971090,어스앤에어로스페이스,20210817,상장폐지,주권매매거래정지기간변경(상장폐지 사유 발생),20210817902628,,둘다(감사의견 / 상장적격성 실질심사),Y,https://dart.fss.or.kr/dsaf001/main.do?rcpNo=20210817902628
00971090,어스앤에어로스페이스,20220222,시장조치(복합),내부결산시점관리종목지정ㆍ형식적상장폐지ㆍ상장적격성실질심사사유발생,20220222900941,,"둘다(자본잠식,자기자본 / 사외이사,주주총회)",Y,https://dart.fss.or.kr/dsaf001/main.do?rcpNo=20220222900941
00971090,어스앤에어로스페이스,20221108,상장폐지,주권매매거래정지기간변경(상장폐지 사유 발생),20221108900560,N,상장적격성 실질심사,,https://dart.fss.or.kr/dsaf001/main.do?rcpNo=20221108900560
00971090,어스앤에어로스페이스,20240408,상장폐지,주권매매거래정지기간변경              (상장폐지 사유 발생),20240408900795,,"둘다(감사의견,의견거절 / 상장적격성 실질심사)",Y,https://dart.fss.or.kr/dsaf001/main.do?rcpNo=20240408900795
00972293,파멥신,20240312,시장조치(복합),내부결산시점관리종목지정ㆍ형식적상장폐지ㆍ상장적격성실질심사사유발생,20240312901722,,"둘다(자본잠식,자기자본 / 사외이사,주주총회)",Y,https://dart.fss.or.kr/dsaf001/main.do?rcpNo=20240312901722
00972293,파멥신,20240724,상장폐지,주권매매거래정지기간변경              (상장폐지 사유 발생),20240724900620,,키워드없음,Y,https://dart.fss.or.kr/dsaf001/main.do?rcpNo=20240724900620
00977641,하이로닉,20250407,상장폐지,주권매매거래정지기간변경              (상장폐지 사유 발생),20250407901153,Y,한정,,https://dart.fss.or.kr/dsaf001/main.do?rcpNo=20250407901153
00977650,엔케이젠바이오텍코리아,20240405,상장폐지,주권매매거래정지기간변경              (상장폐지 사유 발생),20240405900971,,"둘다(감사의견,의견거절 / 상장적격성 실질심사)",Y,https://dart.fss.or.kr/dsaf001/main.do?rcpNo=20240405900971
00977650,엔케이젠바이오텍코리아,20250228,시장조치(복합),내부결산시점관리종목지정ㆍ형식적상장폐지ㆍ상장적격성실질심사사유발생,20250228901810,,"둘다(자본잠식,자기자본 / 사외이사,상장적격성 실질심사)",Y,https://dart.fss.or.kr/dsaf001/main.do?rcpNo=20250228901810
00977650,엔케이젠바이오텍코리아,20250321,상장폐지,주권매매거래정지기간변경              (상장폐지 사유 발생),20250321902323,,둘다(감사의견 / 상장적격성 실질심사),Y,https://dart.fss.or.kr/dsaf001/main.do?rcpNo=20250321902323
00977650,엔케이젠바이오텍코리아,20251119,상장폐지,주권매매거래정지기간변경              (상장폐지 사유 발생),20251119900539,,키워드없음,Y,https://dart.fss.or.kr/dsaf001/main.do?rcpNo=20251119900539
00977650,엔케이젠바이오텍코리아,20260227,시장조치(복합),내부결산시점관리종목지정ㆍ형식적상장폐지ㆍ상장적격성실질심사사유발생,20260227901806,,"둘다(자본잠식,자기자본 / 사외이사,주주총회)",Y,https://dart.fss.or.kr/dsaf001/main.do?rcpNo=20260227901806
00977696,넥스쳐,20180321,상장폐지,주권매매거래정지기간변경(상장폐지 사유 발생),20180321901037,,키워드없음,Y,https://dart.fss.or.kr/dsaf001/main.do?rcpNo=20180321901037
00977696,넥스쳐,20190321,상장폐지,주권매매거래정지기간변경(상장폐지 사유 발생),20190321901685,Y,의견거절,,https://dart.fss.or.kr/dsaf001/main.do?rcpNo=20190321901685
00977696,넥스쳐,20190814,상장폐지,주권매매거래정지기간변경(상장폐지 사유 발생),20190814903295,Y,"의견거절,부적정,한정",,https://dart.fss.or.kr/dsaf001/main.do?rcpNo=20190814903295
00989327,엘피케이로보틱스,20190321,상장폐지,주권매매거래정지(상장폐지 사유발생),20190321601779,Y,"감사의견,의견거절",,https://dart.fss.or.kr/dsaf001/main.do?rcpNo=20190321601779
00989327,엘피케이로보틱스,20200320,상장폐지,주권매매거래정지기간변경(상장폐지사유 발생),20200320602423,,"둘다(감사의견,의견거절 / 상장적격성 실질심사)",Y,https://dart.fss.or.kr/dsaf001/main.do?rcpNo=20200320602423
00989619,알테오젠,20251106,상장폐지,상장폐지승인을위한의안상정결정,20251106900183,N,"사외이사,주주총회",,https://dart.fss.or.kr/dsaf001/main.do?rcpNo=20251106900183
00990396,레드우즈,20260331,상장폐지,주권매매거래정지기간변경              (상장폐지사유 발생),20260331600655,Y,"감사의견,의견거절,계속기업",,https://dart.fss.or.kr/dsaf001/main.do?rcpNo=20260331600655
00995993,DXVX,20190320,상장폐지,주권매매거래정지(상장폐지 사유발생),20190320901076,,키워드없음,Y,https://dart.fss.or.kr/dsaf001/main.do?rcpNo=20190320901076
00995993,DXVX,20250213,시장조치(복합),내부결산시점관리종목지정ㆍ형식적상장폐지ㆍ상장적격성실질심사사유발생,20250213900939,,"둘다(자본잠식,자기자본 / 사외이사,주주총회)",Y,https://dart.fss.or.kr/dsaf001/main.do?rcpNo=20250213900939
00995993,DXVX,20250320,관리종목,주권매매거래정지              (관리종목지정사유발생),20250320902091,,키워드없음,Y,https://dart.fss.or.kr/dsaf001/main.do?rcpNo=20250320902091
01010110,더블유게임즈,20180806,상장폐지,상장폐지승인을위한의안상정결정,20180806900017,N,"사외이사,주주총회",,https://dart.fss.or.kr/dsaf001/main.do?rcpNo=20180806900017
01010110,더블유게임즈,20190306,상장폐지,상장폐지결정,20190306900186,N,"사외이사,주주총회",,https://dart.fss.or.kr/dsaf001/main.do?rcpNo=20190306900186
01011395,레몬,20260226,시장조치(복합),내부결산시점관리종목지정ㆍ형식적상장폐지ㆍ상장적격성실질심사사유발생,20260226901706,,"둘다(자본잠식,자기자본 / 사외이사,주주총회)",Y,https://dart.fss.or.kr/dsaf001/main.do?rcpNo=20260226901706
01011395,레몬,20260320,관리종목,주권매매거래정지              (관리종목지정사유발생),20260320901350,,키워드없음,Y,https://dart.fss.or.kr/dsaf001/main.do?rcpNo=20260320901350
01011562,우성아이비,20180320,상장폐지,주권매매거래정지(상장폐지 사유발생),20180320901039,Y,"감사의견,의견거절,계속기업",,https://dart.fss.or.kr/dsaf001/main.do?rcpNo=20180320901039
01016886,테크엔,20240321,상장폐지,주권매매거래정지              (상장폐지 사유발생),20240321602785,Y,"감사의견,의견거절,계속기업",,https://dart.fss.or.kr/dsaf001/main.do?rcpNo=20240321602785
01016886,테크엔,20250331,상장폐지,주권매매거래정지기간변경              (상장폐지 사유 발생),20250331603953,Y,감사의견,,https://dart.fss.or.kr/dsaf001/main.do?rcpNo=20250331603953
01031229,한국비티비,20180914,상장폐지,상장폐지결정,20180914600488,N,사외이사,,https://dart.fss.or.kr/dsaf001/main.do?rcpNo=20180914600488
01031229,한국비티비,20220228,시장조치(복합),내부결산시점관리종목지정ㆍ형식적상장폐지ㆍ상장적격성실질심사사유발생,20220228901355,,"둘다(자본잠식,자기자본 / 사외이사)",Y,https://dart.fss.or.kr/dsaf001/main.do?rcpNo=20220228901355
01031229,한국비티비,20220322,상장폐지,주권매매거래정지기간변경(상장폐지 사유 발생),20220322901684,Y,"의견거절,계속기업",,https://dart.fss.or.kr/dsaf001/main.do?rcpNo=20220322901684
01031229,한국비티비,20220816,상장폐지,주권매매거래정지기간변경(상장폐지 사유 발생),20220816903060,Y,감사의견,,https://dart.fss.or.kr/dsaf001/main.do?rcpNo=20220816903060
01031229,한국비티비,20230210,시장조치(복합),내부결산시점관리종목지정ㆍ형식적상장폐지ㆍ상장적격성실질심사사유발생,20230210901118,,"둘다(자본잠식,자기자본 / 사외이사,주주총회)",Y,https://dart.fss.or.kr/dsaf001/main.do?rcpNo=20230210901118
01031229,한국비티비,20240229,시장조치(복합),내부결산시점관리종목지정ㆍ형식적상장폐지ㆍ상장적격성실질심사사유발생,20240229901612,,"둘다(자본잠식,자기자본 / 사외이사,상장적격성 실질심사)",Y,https://dart.fss.or.kr/dsaf001/main.do?rcpNo=20240229901612
01036367,아크솔루션스,20240214,시장조치(복합),내부결산시점관리종목지정ㆍ형식적상장폐지ㆍ상장적격성실질심사사유발생,20240214901792,,"둘다(자본잠식,자기자본 / 사외이사,주주총회)",Y,https://dart.fss.or.kr/dsaf001/main.do?rcpNo=20240214901792
01036367,아크솔루션스,20250529,상장폐지,주권매매거래정지기간변경              (상장폐지 사유발생),20250529900658,,키워드없음,Y,https://dart.fss.or.kr/dsaf001/main.do?rcpNo=20250529900658
01037214,킵스파마,20170831,상장폐지,상장폐지결정,20170831600233,N,사외이사,,https://dart.fss.or.kr/dsaf001/main.do?rcpNo=20170831600233
01037542,엔피엑스,20250609,상장폐지,주권매매거래정지기간변경              (상장폐지사유 발생),20250609900559,,키워드없음,Y,https://dart.fss.or.kr/dsaf001/main.do?rcpNo=20250609900559
01038161,대우기업인수목적2호,20170516,상장폐지,주권매매거래정지(상장폐지 사유발생),20170516900572,,키워드없음,Y,https://dart.fss.or.kr/dsaf001/main.do?rcpNo=20170516900572
01041217,현대에이블기업인수목적1호,20170601,상장폐지,주권매매거래정지(상장폐지 사유발생),20170601900682,,키워드없음,Y,https://dart.fss.or.kr/dsaf001/main.do?rcpNo=20170601900682
01041828,JTC,20220415,시장조치(복합),내부결산시점관리종목지정ㆍ형식적상장폐지ㆍ상장적격성실질심사사유발생,20220415900668,,"둘다(자본잠식,자기자본 / 사외이사,감사위원회)",Y,https://dart.fss.or.kr/dsaf001/main.do?rcpNo=20220415900668
01041828,JTC,20220527,관리종목,주권매매거래정지(관리종목지정사유발생),20220527900338,,키워드없음,Y,https://dart.fss.or.kr/dsaf001/main.do?rcpNo=20220527900338
01042429,넥써쓰,20190131,시장조치(복합),내부결산시점관리종목지정ㆍ형식적상장폐지ㆍ상장적격성실질심사사유발생,20190131900922,,"둘다(자본잠식,자기자본 / 사외이사,주주총회)",Y,https://dart.fss.or.kr/dsaf001/main.do?rcpNo=20190131900922
01042429,넥써쓰,20190319,관리종목,주권매매거래정지(관리종목지정사유발생),20190319900834,,키워드없음,Y,https://dart.fss.or.kr/dsaf001/main.do?rcpNo=20190319900834
01042429,넥써쓰,20200131,시장조치(복합),내부결산시점관리종목지정ㆍ형식적상장폐지ㆍ상장적격성실질심사사유발생,20200131900649,,"둘다(자본잠식,자기자본 / 사외이사,주주총회)",Y,https://dart.fss.or.kr/dsaf001/main.do?rcpNo=20200131900649
01043853,베노티앤알,20190212,시장조치(복합),내부결산시점관리종목지정ㆍ형식적상장폐지ㆍ상장적격성실질심사사유발생,20190212900744,,"둘다(자본잠식,자기자본 / 사외이사,주주총회)",Y,https://dart.fss.or.kr/dsaf001/main.do?rcpNo=20190212900744
01043853,베노티앤알,20190320,관리종목,주권매매거래정지(관리종목지정사유발생),20190320900598,,키워드없음,Y,https://dart.fss.or.kr/dsaf001/main.do?rcpNo=20190320900598
01043871,케이티비기업인수목적1호,20170626,상장폐지,주권매매거래정지(상장폐지 사유발생),20170626900500,,키워드없음,Y,https://dart.fss.or.kr/dsaf001/main.do?rcpNo=20170626900500
01046179,골든브릿지제2호기업인수목적,20170929,상장폐지,주권매매거래정지(상장폐지 사유발생),20170929901235,,키워드없음,Y,https://dart.fss.or.kr/dsaf001/main.do?rcpNo=20170929901235
01046203,로아앤코홀딩스,20240408,상장폐지,주권매매거래정지기간변경              (상장폐지 사유 발생),20240408900777,Y,한정,,https://dart.fss.or.kr/dsaf001/main.do?rcpNo=20240408900777
01046203,로아앤코홀딩스,20250407,상장폐지,주권매매거래정지기간변경              (상장폐지 사유 발생),20250407901202,Y,감사의견,,https://dart.fss.or.kr/dsaf001/main.do?rcpNo=20250407901202
01047451,셀바스헬스케어,20190812,시장조치(복합),내부결산시점관리종목지정ㆍ형식적상장폐지ㆍ상장적격성실질심사사유발생,20190812900523,,"둘다(자본잠식,자기자본 / 사외이사)",Y,https://dart.fss.or.kr/dsaf001/main.do?rcpNo=20190812900523
01047451,셀바스헬스케어,20190814,관리종목,주권매매거래정지(관리종목지정사유발생),20190814900006,,키워드없음,Y,https://dart.fss.or.kr/dsaf001/main.do?rcpNo=20190814900006
01047567,엔에이치에스엘기업인수목적,20170925,상장폐지,주권매매거래정지(상장폐지 사유발생),20170925900664,,키워드없음,Y,https://dart.fss.or.kr/dsaf001/main.do?rcpNo=20170925900664
01047716,하나머스트3호기업인수목적,20170718,상장폐지,주권매매거래정지(상장폐지 사유발생),20170718900474,,키워드없음,Y,https://dart.fss.or.kr/dsaf001/main.do?rcpNo=20170718900474
01047929,에스케이제1호기업인수목적,20171024,상장폐지,주권매매거래정지(상장폐지 사유발생),20171024900515,,키워드없음,Y,https://dart.fss.or.kr/dsaf001/main.do?rcpNo=20171024900515
01049167,롤링스톤,20260211,시장조치(복합),내부결산시점관리종목지정ㆍ형식적상장폐지ㆍ상장적격성실질심사사유발생,20260211901839,,"둘다(자본잠식,자기자본 / 사외이사,주주총회)",Y,https://dart.fss.or.kr/dsaf001/main.do?rcpNo=20260211901839
01049167,롤링스톤,20260323,상장폐지,주권매매거래정지기간변경              (상장폐지 사유 발생),20260323902729,Y,의견거절,,https://dart.fss.or.kr/dsaf001/main.do?rcpNo=20260323902729
01049422,썸에이지,20210215,시장조치(복합),내부결산시점관리종목지정ㆍ형식적상장폐지ㆍ상장적격성실질심사사유발생,20210215900918,,"둘다(자본잠식,자기자본 / 사외이사,주주총회)",Y,https://dart.fss.or.kr/dsaf001/main.do?rcpNo=20210215900918
01049422,썸에이지,20210322,관리종목,주권매매거래정지(관리종목지정사유발생),20210322900914,,키워드없음,Y,https://dart.fss.or.kr/dsaf001/main.do?rcpNo=20210322900914
01051092,피씨엘,20240313,시장조치(복합),내부결산시점관리종목지정ㆍ형식적상장폐지ㆍ상장적격성실질심사사유발생,20240313901844,,"둘다(자본잠식,자기자본 / 사외이사,주주총회)",Y,https://dart.fss.or.kr/dsaf001/main.do?rcpNo=20240313901844
01051092,피씨엘,20250721,상장폐지,주권매매거래정지기간변경              (상장폐지 사유 발생),20250721900610,,키워드없음,Y,https://dart.fss.or.kr/dsaf001/main.do?rcpNo=20250721900610
01055317,비엔디생활건강,20220415,상장폐지,주권매매거래정지기간변경(상장폐지 사유 발생),20220415600741,Y,"감사의견,의견거절,계속기업",,https://dart.fss.or.kr/dsaf001/main.do?rcpNo=20220415600741
01055317,비엔디생활건강,20230317,상장폐지,주권매매거래정지기간변경(상장폐지 사유 발생),20230317600988,,"둘다(감사의견,의견거절 / 상장적격성 실질심사)",Y,https://dart.fss.or.kr/dsaf001/main.do?rcpNo=20230317600988
01060735,로지스몬,20190415,상장폐지,주권매매거래정지기간변경(상장폐지 사유발생),20190415600823,Y,"감사의견,의견거절,계속기업",,https://dart.fss.or.kr/dsaf001/main.do?rcpNo=20190415600823
01060735,로지스몬,20200413,상장폐지,주권매매거래정지기간변경(상장폐지 사유발생),20200413600765,Y,"감사의견,의견거절,계속기업",,https://dart.fss.or.kr/dsaf001/main.do?rcpNo=20200413600765
01063884,솔디펜스,20220322,상장폐지,주권매매거래정지기간변경(상장폐지 사유 발생),20220322901681,,"둘다(감사의견,의견거절 / 상장적격성 실질심사)",Y,https://dart.fss.or.kr/dsaf001/main.do?rcpNo=20220322901681
01063884,솔디펜스,20230323,상장폐지,주권매매거래정지기간변경(상장폐지 사유 발생),20230323902174,,둘다(감사의견 / 상장적격성 실질심사),Y,https://dart.fss.or.kr/dsaf001/main.do?rcpNo=20230323902174
01066030,드림티엔터테인먼트,20190319,상장폐지,주권매매거래정지(상장폐지 사유발생),20190319601174,Y,"감사의견,의견거절",,https://dart.fss.or.kr/dsaf001/main.do?rcpNo=20190319601174
01068658,선샤인푸드,20240313,시장조치(복합),내부결산시점관리종목지정ㆍ형식적상장폐지ㆍ상장적격성실질심사사유발생,20240313902846,,"둘다(자본잠식,자기자본 / 사외이사,주주총회)",Y,https://dart.fss.or.kr/dsaf001/main.do?rcpNo=20240313902846
01068658,선샤인푸드,20240411,상장폐지,주권매매거래정지기간변경              (상장폐지 사유 발생),20240411900590,Y,"감사의견,의견거절,계속기업",,https://dart.fss.or.kr/dsaf001/main.do?rcpNo=20240411900590
01068658,선샤인푸드,20250217,시장조치(복합),내부결산시점관리종목지정ㆍ형식적상장폐지ㆍ상장적격성실질심사사유발생,20250217901250,,"둘다(자본잠식,자기자본 / 사외이사,주주총회)",Y,https://dart.fss.or.kr/dsaf001/main.do?rcpNo=20250217901250
01068658,선샤인푸드,20250321,상장폐지,주권매매거래정지기간변경              (상장폐지 사유 발생),20250321902364,Y,감사의견,,https://dart.fss.or.kr/dsaf001/main.do?rcpNo=20250321902364
01070149,올리패스,20240312,시장조치(복합),내부결산시점관리종목지정ㆍ형식적상장폐지ㆍ상장적격성실질심사사유발생,20240312901693,,"둘다(자본잠식,자기자본 / 사외이사,주주총회)",Y,https://dart.fss.or.kr/dsaf001/main.do?rcpNo=20240312901693
01070149,올리패스,20250122,시장조치(복합),내부결산시점관리종목지정ㆍ형식적상장폐지ㆍ상장적격성실질심사사유발생,20250122900541,,"둘다(자본잠식,자기자본 / 사외이사,주주총회)",Y,https://dart.fss.or.kr/dsaf001/main.do?rcpNo=20250122900541
01070149,올리패스,20250407,상장폐지,주권매매거래정지              (상장폐지 사유발생),20250407901339,Y,한정,,https://dart.fss.or.kr/dsaf001/main.do?rcpNo=20250407901339
01070149,올리패스,20250820,상장폐지,주권매매거래정지기간변경              (상장폐지 사유 발생),20250820900467,,둘다(감사의견 / 상장적격성 실질심사),Y,https://dart.fss.or.kr/dsaf001/main.do?rcpNo=20250820900467
01070149,올리패스,20260225,시장조치(복합),내부결산시점관리종목지정ㆍ형식적상장폐지ㆍ상장적격성실질심사사유발생,20260225901549,,"둘다(자본잠식,자기자본 / 사외이사,주주총회)",Y,https://dart.fss.or.kr/dsaf001/main.do?rcpNo=20260225901549
01075126,사토시홀딩스,20190320,관리종목,주권매매거래정지(관리종목지정사유발생),20190320900925,,키워드없음,Y,https://dart.fss.or.kr/dsaf001/main.do?rcpNo=20190320900925
01075126,사토시홀딩스,20210608,상장폐지,주권매매거래정지기간변경(상장폐지 사유 발생),20210608900493,,키워드없음,Y,https://dart.fss.or.kr/dsaf001/main.do?rcpNo=20210608900493
01076550,주노콜렉션,20190408,상장폐지,주권매매거래정지기간변경(상장폐지 사유발생),20190408601087,Y,"감사의견,의견거절",,https://dart.fss.or.kr/dsaf001/main.do?rcpNo=20190408601087
01084364,다산디엠씨,20200831,관리종목,주권매매거래정지(관리종목지정사유발생),20200831900472,,키워드없음,Y,https://dart.fss.or.kr/dsaf001/main.do?rcpNo=20200831900472
01084364,다산디엠씨,20210407,상장폐지,주권매매거래정지(상장폐지 사유발생),20210407900751,,키워드없음,Y,https://dart.fss.or.kr/dsaf001/main.do?rcpNo=20210407900751
01084364,다산디엠씨,20210830,상장폐지,주권매매거래정지기간변경(상장폐지 사유 발생),20210830900538,,"둘다(감사의견,의견거절 / 상장적격성 실질심사)",Y,https://dart.fss.or.kr/dsaf001/main.do?rcpNo=20210830900538
01084364,다산디엠씨,20220323,상장폐지,주권매매거래정지기간변경(상장폐지 사유 발생 및 상장적격성 실질심사 대상(사유발생)),20220323902023,,"둘다(감사의견,의견거절 / 상장적격성 실질심사)",Y,https://dart.fss.or.kr/dsaf001/main.do?rcpNo=20220323902023
01084364,다산디엠씨,20220808,상장폐지,주권매매거래정지기간변경(상장폐지 사유 발생),20220808900444,,"둘다(감사의견,의견거절 / 상장적격성 실질심사)",Y,https://dart.fss.or.kr/dsaf001/main.do?rcpNo=20220808900444
01084364,다산디엠씨,20230417,상장폐지,주권매매거래정지기간변경(상장폐지 사유 발생),20230417900498,,"둘다(감사의견,의견거절 / 상장적격성 실질심사)",Y,https://dart.fss.or.kr/dsaf001/main.do?rcpNo=20230417900498
01084364,다산디엠씨,20240208,시장조치(복합),내부결산시점관리종목지정ㆍ형식적상장폐지ㆍ상장적격성실질심사사유발생,20240208901383,,"둘다(자본잠식,자기자본 / 사외이사,주주총회)",Y,https://dart.fss.or.kr/dsaf001/main.do?rcpNo=20240208901383
01085442,오건에코텍,20250417,상장폐지,주권매매거래정지기간변경              (상장폐지 사유 발생),20250417600962,Y,"감사의견,의견거절,계속기업",,https://dart.fss.or.kr/dsaf001/main.do?rcpNo=20250417600962
01085442,오건에코텍,20260331,상장폐지,주권매매거래정지기간변경              (상장폐지 사유 발생),20260331604766,Y,"감사의견,의견거절",,https://dart.fss.or.kr/dsaf001/main.do?rcpNo=20260331604766
01086812,케미메디,20190321,상장폐지,주권매매거래정지기간변경(상장폐지 사유발생),20190321601775,Y,"감사의견,의견거절",,https://dart.fss.or.kr/dsaf001/main.do?rcpNo=20190321601775
01086812,케미메디,20200324,상장폐지,주권매매거래정지기간변경(상장폐지 사유 발생),20200324601137,Y,"감사의견,의견거절",,https://dart.fss.or.kr/dsaf001/main.do?rcpNo=20200324601137
01087079,한화에이스기업인수목적2호,20180214,상장폐지,주권매매거래정지(상장폐지 사유발생),20180214901371,,키워드없음,Y,https://dart.fss.or.kr/dsaf001/main.do?rcpNo=20180214901371
01088458,극동자동화,20180927,상장폐지,상장폐지결정,20180927600491,N,"사외이사,주주총회,자진",,https://dart.fss.or.kr/dsaf001/main.do?rcpNo=20180927600491
01089378,디와이디,20220214,시장조치(복합),내부결산시점관리종목지정ㆍ형식적상장폐지ㆍ상장적격성실질심사사유발생,20220214900721,,"둘다(자본잠식,자기자본 / 사외이사,주주총회)",Y,https://dart.fss.or.kr/dsaf001/main.do?rcpNo=20220214900721
01089378,디와이디,20220323,관리종목,주권매매거래정지(관리종목지정사유발생),20220323901299,,키워드없음,Y,https://dart.fss.or.kr/dsaf001/main.do?rcpNo=20220323901299
01089378,디와이디,20250214,시장조치(복합),내부결산시점관리종목지정ㆍ형식적상장폐지ㆍ상장적격성실질심사사유발생,20250214900978,,"둘다(자본잠식,자기자본 / 사외이사,주주총회)",Y,https://dart.fss.or.kr/dsaf001/main.do?rcpNo=20250214900978
01089378,디와이디,20250321,관리종목,주권매매거래정지              (관리종목지정사유발생),20250321902048,,키워드없음,Y,https://dart.fss.or.kr/dsaf001/main.do?rcpNo=20250321902048
01089378,디와이디,20260206,시장조치(복합),내부결산시점관리종목지정ㆍ형식적상장폐지ㆍ상장적격성실질심사사유발생,20260206902834,,"둘다(자본잠식,자기자본 / 사외이사,주주총회)",Y,https://dart.fss.or.kr/dsaf001/main.do?rcpNo=20260206902834
01089387,유안타제2호기업인수목적,20180208,상장폐지,주권매매거래정지(상장폐지 사유발생),20180208901455,,키워드없음,Y,https://dart.fss.or.kr/dsaf001/main.do?rcpNo=20180208901455
01089855,맘스터치앤컴퍼니,20220218,상장폐지,상장폐지결정,20220218900640,N,"사외이사,주주총회",,https://dart.fss.or.kr/dsaf001/main.do?rcpNo=20220218900640
01089855,맘스터치앤컴퍼니,20220315,상장폐지,상장폐지승인을위한의안상정결정,20220315901961,N,"사외이사,주주총회,자진",,https://dart.fss.or.kr/dsaf001/main.do?rcpNo=20220315901961
01091382,세토피아,20200217,시장조치(복합),내부결산시점관리종목지정ㆍ형식적상장폐지ㆍ상장적격성실질심사사유발생,20200217900687,,"둘다(자본잠식,자기자본 / 사외이사,주주총회)",Y,https://dart.fss.or.kr/dsaf001/main.do?rcpNo=20200217900687
01091382,세토피아,20210125,시장조치(복합),내부결산시점관리종목지정ㆍ형식적상장폐지ㆍ상장적격성실질심사사유발생,20210125900941,,"둘다(자본잠식,자기자본 / 사외이사,주주총회)",Y,https://dart.fss.or.kr/dsaf001/main.do?rcpNo=20210125900941
01091382,세토피아,20240404,상장폐지,주권매매거래정지기간변경              (상장폐지 사유 발생),20240404900775,Y,"의견거절,계속기업",,https://dart.fss.or.kr/dsaf001/main.do?rcpNo=20240404900775
01091382,세토피아,20250228,시장조치(복합),내부결산시점관리종목지정ㆍ형식적상장폐지ㆍ상장적격성실질심사사유발생,20250228901721,,"둘다(자본잠식,자기자본 / 사외이사,주주총회)",Y,https://dart.fss.or.kr/dsaf001/main.do?rcpNo=20250228901721
01094565,이베스트기업인수목적3호,20180514,상장폐지,주권매매거래정지(상장폐지 사유발생),20180514901064,,키워드없음,Y,https://dart.fss.or.kr/dsaf001/main.do?rcpNo=20180514901064
01095892,태경피엔에스,20180323,상장폐지,주권매매거래정지기간변경(코넥스주권 상장폐지 사유발생),20180323601301,Y,"감사의견,의견거절",,https://dart.fss.or.kr/dsaf001/main.do?rcpNo=20180323601301
01097906,케이에이치건설,20230406,상장폐지,주권매매거래정지기간변경(상장폐지 사유 발생),20230406900862,Y,의견거절,,https://dart.fss.or.kr/dsaf001/main.do?rcpNo=20230406900862
01097906,케이에이치건설,20240321,상장폐지,주권매매거래정지기간변경              (상장폐지 사유 발생),20240321902866,Y,감사의견,,https://dart.fss.or.kr/dsaf001/main.do?rcpNo=20240321902866
01099667,에스디생명공학,20230322,상장폐지,주권매매거래정지기간변경(상장폐지 사유 발생),20230322901667,Y,"의견거절,계속기업",,https://dart.fss.or.kr/dsaf001/main.do?rcpNo=20230322901667
01099667,에스디생명공학,20240216,시장조치(복합),내부결산시점관리종목지정ㆍ형식적상장폐지ㆍ상장적격성실질심사사유발생,20240216900839,,"둘다(자본잠식,자기자본 / 사외이사,상장적격성 실질심사)",Y,https://dart.fss.or.kr/dsaf001/main.do?rcpNo=20240216900839
01099667,에스디생명공학,20250725,상장폐지,주권매매거래정지기간변경              (상장폐지 사유 발생),20250725900840,,키워드없음,Y,https://dart.fss.or.kr/dsaf001/main.do?rcpNo=20250725900840
01101722,시스네오텍,20220323,상장폐지,주권매매거래정지기간변경(상장폐지 사유 발생),20220323902033,Y,의견거절,,https://dart.fss.or.kr/dsaf001/main.do?rcpNo=20220323902033
01101722,시스네오텍,20230413,상장폐지,주권매매거래정지기간변경(상장폐지 사유 발생 등),20230413900784,,"둘다(감사의견,의견거절 / 상장적격성 실질심사)",Y,https://dart.fss.or.kr/dsaf001/main.do?rcpNo=20230413900784
01101722,시스네오텍,20240527,상장폐지,주권매매거래정지기간변경              (상장폐지 사유 발생),20240527900811,,키워드없음,Y,https://dart.fss.or.kr/dsaf001/main.do?rcpNo=20240527900811
01101722,시스네오텍,20250311,시장조치(복합),내부결산시점관리종목지정ㆍ형식적상장폐지ㆍ상장적격성실질심사사유발생,20250311902140,,"둘다(자본잠식,자기자본 / 사외이사,주주총회)",Y,https://dart.fss.or.kr/dsaf001/main.do?rcpNo=20250311902140
01102095,쿠첸,20190614,상장폐지,상장폐지결정,20190614900448,N,"사외이사,주주총회,자진",,https://dart.fss.or.kr/dsaf001/main.do?rcpNo=20190614900448
01102800,키움제4호기업인수목적,20180523,상장폐지,주권매매거래정지(상장폐지 사유발생),20180523900661,,키워드없음,Y,https://dart.fss.or.kr/dsaf001/main.do?rcpNo=20180523900661
01109122,에스엘테라퓨틱스,20250328,상장폐지,주권매매거래정지              (상장폐지 사유발생),20250328603289,Y,"감사의견,의견거절,계속기업",,https://dart.fss.or.kr/dsaf001/main.do?rcpNo=20250328603289
01109186,동부제4호기업인수목적,20180713,상장폐지,주권매매거래정지(상장폐지사유 발생 ),20180713900630,,키워드없음,Y,https://dart.fss.or.kr/dsaf001/main.do?rcpNo=20180713900630
01109955,링크제니시스,20180130,상장폐지,상장폐지결정,20180130600649,N,사외이사,,https://dart.fss.or.kr/dsaf001/main.do?rcpNo=20180130600649
01110076,비유테크놀러지,20190321,상장폐지,주권매매거래정지기간변경(상장폐지 사유 발생),20190321901765,,키워드없음,Y,https://dart.fss.or.kr/dsaf001/main.do?rcpNo=20190321901765
01110076,비유테크놀러지,20240215,시장조치(복합),내부결산시점관리종목지정ㆍ형식적상장폐지ㆍ상장적격성실질심사사유발생,20240215901170,,"둘다(자본잠식,자기자본 / 사외이사,주주총회)",Y,https://dart.fss.or.kr/dsaf001/main.do?rcpNo=20240215901170
01110076,비유테크놀러지,20240321,상장폐지,주권매매거래정지기간변경              (상장폐지 사유 발생),20240321902834,Y,"의견거절,계속기업",,https://dart.fss.or.kr/dsaf001/main.do?rcpNo=20240321902834
01110076,비유테크놀러지,20250314,시장조치(복합),내부결산시점관리종목지정ㆍ형식적상장폐지ㆍ상장적격성실질심사사유발생,20250314901443,,"둘다(자본잠식,자기자본 / 사외이사,주주총회)",Y,https://dart.fss.or.kr/dsaf001/main.do?rcpNo=20250314901443
01110076,비유테크놀러지,20250321,상장폐지,주권매매거래정지기간변경              (상장폐지 사유 발생),20250321901631,,둘다(감사의견 / 상장적격성 실질심사),Y,https://dart.fss.or.kr/dsaf001/main.do?rcpNo=20250321901631
01110474,풍전약품,20250314,시장조치(복합),내부결산시점관리종목지정ㆍ형식적상장폐지ㆍ상장적격성실질심사사유발생,20250314901595,,"둘다(자본잠식,자기자본 / 사외이사,주주총회)",Y,https://dart.fss.or.kr/dsaf001/main.do?rcpNo=20250314901595
01110474,풍전약품,20250321,관리종목,주권매매거래정지              (관리종목지정사유발생),20250321901081,,키워드없음,Y,https://dart.fss.or.kr/dsaf001/main.do?rcpNo=20250321901081
01110678,유틸렉스,20260213,시장조치(복합),내부결산시점관리종목지정ㆍ형식적상장폐지ㆍ상장적격성실질심사사유발생,20260213901926,,"둘다(자본잠식,자기자본 / 사외이사,상장적격성 실질심사)",Y,https://dart.fss.or.kr/dsaf001/main.do?rcpNo=20260213901926
01110678,유틸렉스,20260327,상장폐지,주권매매거래정지기간변경              (상장폐지 사유 발생),20260327902893,,"둘다(감사의견,회생절차 / 상장적격성 실질심사)",Y,https://dart.fss.or.kr/dsaf001/main.do?rcpNo=20260327902893
01111020,케이비제9호기업인수목적,20180927,상장폐지,주권매매거래정지(상장폐지 사유발생),20180927900697,,키워드없음,Y,https://dart.fss.or.kr/dsaf001/main.do?rcpNo=20180927900697
01111570,에스케이제3호기업인수목적,20190819,상장폐지,주권매매거래정지(상장폐지사유 발생),20190819900438,,키워드없음,Y,https://dart.fss.or.kr/dsaf001/main.do?rcpNo=20190819900438
01111765,에스엠로보틱스,20180402,상장폐지,주권매매거래정지기간변경(상장폐지사유 발생),20180402603383,Y,"감사의견,의견거절,계속기업",,https://dart.fss.or.kr/dsaf001/main.do?rcpNo=20180402603383
01112700,에스엘에스바이오,20250908,상장폐지,주권매매거래정지기간변경              (상장폐지 사유 발생),20250908900529,N,상장적격성 실질심사,,https://dart.fss.or.kr/dsaf001/main.do?rcpNo=20250908900529
01112700,에스엘에스바이오,20260225,시장조치(복합),내부결산시점관리종목지정ㆍ형식적상장폐지ㆍ상장적격성실질심사사유발생,20260225901013,,"둘다(자본잠식,자기자본 / 사외이사,주주총회)",Y,https://dart.fss.or.kr/dsaf001/main.do?rcpNo=20260225901013
01113781,영현무역,20190321,상장폐지,주권매매거래정지(상장폐지 사유발생),20190321601777,Y,"감사의견,의견거절,한정",,https://dart.fss.or.kr/dsaf001/main.do?rcpNo=20190321601777
01113949,퓨전,20190314,시장조치(복합),내부결산시점관리종목지정ㆍ형식적상장폐지ㆍ상장적격성실질심사사유발생,20190314901522,,"둘다(자본잠식,자기자본 / 사외이사,주주총회)",Y,https://dart.fss.or.kr/dsaf001/main.do?rcpNo=20190314901522
01113949,퓨전,20190401,관리종목,주권매매거래정지(관리종목지정사유발생),20190401900231,Y,"자본잠식,자기자본",,https://dart.fss.or.kr/dsaf001/main.do?rcpNo=20190401900231
01113949,퓨전,20200406,상장폐지,주권매매거래정지기간변경(상장폐지 사유 발생),20200406900975,Y,"의견거절,계속기업",,https://dart.fss.or.kr/dsaf001/main.do?rcpNo=20200406900975
01113949,퓨전,20210216,시장조치(복합),내부결산시점관리종목지정ㆍ형식적상장폐지ㆍ상장적격성실질심사사유발생,20210216900883,,"둘다(자본잠식,자기자본 / 사외이사,주주총회)",Y,https://dart.fss.or.kr/dsaf001/main.do?rcpNo=20210216900883
01113949,퓨전,20210323,상장폐지,주권매매거래정지기간변경(상장폐지 사유 발생),20210323901730,,"둘다(감사의견,의견거절 / 상장적격성 실질심사)",Y,https://dart.fss.or.kr/dsaf001/main.do?rcpNo=20210323901730
01115257,시냅스엠,20180320,상장폐지,주권매매거래정지(코넥스주권 상장폐지 사유발생),20180320600277,Y,"감사의견,의견거절,계속기업",,https://dart.fss.or.kr/dsaf001/main.do?rcpNo=20180320600277
01117103,하이에이아이1호기업인수목적,20180927,상장폐지,주권매매거래정지(상장폐지 사유발생),20180927900691,,키워드없음,Y,https://dart.fss.or.kr/dsaf001/main.do?rcpNo=20180927900691
01117592,인터코스,20210415,상장폐지,주권매매거래정지기간변경(상장폐지 사유 발생),20210415600091,Y,"감사의견,의견거절,계속기업",,https://dart.fss.or.kr/dsaf001/main.do?rcpNo=20210415600091
01117592,인터코스,20220415,상장폐지,주권매매거래정지기간변경(상장폐지 사유 발생),20220415600805,Y,"감사의견,의견거절,계속기업",,https://dart.fss.or.kr/dsaf001/main.do?rcpNo=20220415600805
01118643,솔루믹스,20250404,상장폐지,주권매매거래정지              (상장폐지 사유발생),20250404600862,Y,"감사의견,의견거절",,https://dart.fss.or.kr/dsaf001/main.do?rcpNo=20250404600862
01118643,솔루믹스,20260330,상장폐지,주권매매거래정지기간변경              (상장폐지 사유 발생),20260330601223,Y,"감사의견,의견거절",,https://dart.fss.or.kr/dsaf001/main.do?rcpNo=20260330601223
01119651,엘리비젼,20250407,상장폐지,주권매매거래정지              (상장폐지 사유발생),20250407601118,,"둘다(감사의견,의견거절 / 정관)",Y,https://dart.fss.or.kr/dsaf001/main.do?rcpNo=20250407601118
01119651,엘리비젼,20250418,상장폐지,주권매매거래정지기간변경              (상장폐지 사유 발생),20250418600782,Y,"감사의견,의견거절,계속기업",,https://dart.fss.or.kr/dsaf001/main.do?rcpNo=20250418600782
01130937,한국제4호기업인수목적,20190116,상장폐지,주권매매거래정지(상장폐지 사유발생),20190116900620,,키워드없음,Y,https://dart.fss.or.kr/dsaf001/main.do?rcpNo=20190116900620
01137897,에스지에이클라우드서비스,20210401,상장폐지,주권매매거래정지기간변경(상장폐지 사유 발생),20210401600350,,키워드없음,Y,https://dart.fss.or.kr/dsaf001/main.do?rcpNo=20210401600350
01144569,피엔티엠에스,20210316,상장폐지,주권매매거래정지기간변경(상장폐지 사유 발생),20210316902166,,"둘다(감사의견,의견거절 / 상장적격성 실질심사)",Y,https://dart.fss.or.kr/dsaf001/main.do?rcpNo=20210316902166
01144569,피엔티엠에스,20220328,상장폐지,주권매매거래정지기간변경(상장폐지 사유 발생),20220328901180,,"둘다(감사의견,의견거절 / 상장적격성 실질심사)",Y,https://dart.fss.or.kr/dsaf001/main.do?rcpNo=20220328901180
01144569,피엔티엠에스,20220816,상장폐지,주권매매거래정지기간변경(상장폐지 사유 발생),20220816901696,,"둘다(감사의견,의견거절 / 상장적격성 실질심사)",Y,https://dart.fss.or.kr/dsaf001/main.do?rcpNo=20220816901696
01157235,아스타,20260324,상장폐지,주권매매거래정지기간변경              (상장폐지 사유 발생),20260324901767,Y,의견거절,,https://dart.fss.or.kr/dsaf001/main.do?rcpNo=20260324901767
01160363,에코프로비엠,20240227,상장폐지,상장폐지승인을위한의안상정결정,20240227900523,N,"사외이사,주주총회",,https://dart.fss.or.kr/dsaf001/main.do?rcpNo=20240227900523
01168143,케이만금세기차륜집단유한공사,20240422,상장폐지,주권매매거래정지기간변경              (상장폐지 사유 발생),20240422900691,Y,의견거절,,https://dart.fss.or.kr/dsaf001/main.do?rcpNo=20240422900691
01168143,케이만금세기차륜집단유한공사,20241129,상장폐지,주권매매거래정지기간변경              (상장폐지 사유 발생),20241129900819,,,Y,https://dart.fss.or.kr/dsaf001/main.do?rcpNo=20241129900819
01170962,GRT,20201027,상장폐지,주권매매거래정지기간변경(상장폐지 사유 발생),20201027900286,Y,한정,,https://dart.fss.or.kr/dsaf001/main.do?rcpNo=20201027900286
01175499,큐에이드,20240320,상장폐지,주권매매거래정지기간변경              (상장폐지 사유 발생),20240320902749,,"둘다(감사의견,의견거절 / 상장적격성 실질심사)",Y,https://dart.fss.or.kr/dsaf001/main.do?rcpNo=20240320902749
01175499,큐에이드,20250410,상장폐지,주권매매거래정지기간변경              (상장폐지 사유 발생),20250410901146,,둘다(감사의견 / 상장적격성 실질심사),Y,https://dart.fss.or.kr/dsaf001/main.do?rcpNo=20250410901146
01179839,신한제3호기업인수목적,20190918,상장폐지,주권매매거래정지(상장폐지 사유발생),20190918900444,,키워드없음,Y,https://dart.fss.or.kr/dsaf001/main.do?rcpNo=20190918900444
01182444,셀리버리,20230323,상장폐지,주권매매거래정지기간변경(상장폐지 사유 발생),20230323902230,Y,"의견거절,계속기업",,https://dart.fss.or.kr/dsaf001/main.do?rcpNo=20230323902230
01182444,셀리버리,20240311,시장조치(복합),내부결산시점관리종목지정ㆍ형식적상장폐지ㆍ상장적격성실질심사사유발생,20240311900971,,"둘다(자본잠식,자기자본 / 사외이사,주주총회)",Y,https://dart.fss.or.kr/dsaf001/main.do?rcpNo=20240311900971
01182444,셀리버리,20240321,상장폐지,주권매매거래정지기간변경              (상장폐지 사유 발생),20240321902814,Y,감사의견,,https://dart.fss.or.kr/dsaf001/main.do?rcpNo=20240321902814
01182550,EDGC,20240418,상장폐지,주권매매거래정지기간변경              (상장폐지 사유 발생),20240418900679,Y,"감사의견,의견거절,계속기업",,https://dart.fss.or.kr/dsaf001/main.do?rcpNo=20240418900679
01182550,EDGC,20250227,시장조치(복합),내부결산시점관리종목지정ㆍ형식적상장폐지ㆍ상장적격성실질심사사유발생,20250227901386,,"둘다(자본잠식,자기자본 / 사외이사,주주총회)",Y,https://dart.fss.or.kr/dsaf001/main.do?rcpNo=20250227901386
01182550,EDGC,20250410,상장폐지,"주권매매거래정지기간변경              (상장폐지 사유발생, 회생절차 개시신청)",20250410901148,,"둘다(감사의견,의견거절 / 상장적격성 실질심사)",Y,https://dart.fss.or.kr/dsaf001/main.do?rcpNo=20250410901148
01182550,EDGC,20260227,시장조치(복합),내부결산시점관리종목지정ㆍ형식적상장폐지ㆍ상장적격성실질심사사유발생,20260227901919,,"둘다(자본잠식,자기자본 / 사외이사,주주총회)",Y,https://dart.fss.or.kr/dsaf001/main.do?rcpNo=20260227901919
01183407,이십일스토어,20200330,상장폐지,주권매매거래정지기간변경(상장폐지 사유 발생),20200330600026,Y,"감사의견,의견거절",,https://dart.fss.or.kr/dsaf001/main.do?rcpNo=20200330600026
01183407,이십일스토어,20210331,상장폐지,주권매매거래정지(상장폐지 사유발생),20210331603167,Y,"감사의견,의견거절",,https://dart.fss.or.kr/dsaf001/main.do?rcpNo=20210331603167
01185566,휴엠앤씨,20211118,상장폐지,주권매매거래정지기간변경(상장폐지사유 발생),20211118900480,,키워드없음,Y,https://dart.fss.or.kr/dsaf001/main.do?rcpNo=20211118900480
01185566,휴엠앤씨,20220221,시장조치(복합),내부결산시점관리종목지정ㆍ형식적상장폐지ㆍ상장적격성실질심사사유발생,20220221900631,,"둘다(자본잠식,자기자본 / 사외이사,주주총회)",Y,https://dart.fss.or.kr/dsaf001/main.do?rcpNo=20220221900631
01186671,바이오시네틱스,20220415,상장폐지,주권매매거래정지기간변경(상장폐지 사유 발생),20220415600729,Y,"감사의견,의견거절,계속기업",,https://dart.fss.or.kr/dsaf001/main.do?rcpNo=20220415600729
01188378,시스웍,20220323,상장폐지,주권매매거래정지기간변경(상장폐지 사유 발생),20220323902045,Y,"감사의견,의견거절",,https://dart.fss.or.kr/dsaf001/main.do?rcpNo=20220323902045
01188378,시스웍,20230322,상장폐지,주권매매거래정지기간변경(상장폐지 사유 발생),20230322901716,,"둘다(감사의견,의견거절 / 상장적격성 실질심사)",Y,https://dart.fss.or.kr/dsaf001/main.do?rcpNo=20230322901716
01188378,시스웍,20240229,시장조치(복합),내부결산시점관리종목지정ㆍ형식적상장폐지ㆍ상장적격성실질심사사유발생,20240229901493,,"둘다(자본잠식,자기자본 / 사외이사,주주총회)",Y,https://dart.fss.or.kr/dsaf001/main.do?rcpNo=20240229901493
01188378,시스웍,20240418,상장폐지,주권매매거래정지기간변경              (상장폐지 사유 발생),20240418900628,,"둘다(감사의견,의견거절 / 상장적격성 실질심사)",Y,https://dart.fss.or.kr/dsaf001/main.do?rcpNo=20240418900628
01188378,시스웍,20250224,시장조치(복합),내부결산시점관리종목지정ㆍ형식적상장폐지ㆍ상장적격성실질심사사유발생,20250224900433,,"둘다(자본잠식,자기자본 / 사외이사,주주총회)",Y,https://dart.fss.or.kr/dsaf001/main.do?rcpNo=20250224900433
01188378,시스웍,20250410,상장폐지,주권매매거래정지기간변경              (상장폐지 사유 발생),20250410901185,,"둘다(감사의견,의견거절 / 상장적격성 실질심사)",Y,https://dart.fss.or.kr/dsaf001/main.do?rcpNo=20250410901185
01188378,시스웍,20260225,시장조치(복합),내부결산시점관리종목지정ㆍ형식적상장폐지ㆍ상장적격성실질심사사유발생,20260225901924,,"둘다(자본잠식,자기자본 / 사외이사,주주총회)",Y,https://dart.fss.or.kr/dsaf001/main.do?rcpNo=20260225901924
01194759,대신밸런스제4호기업인수목적,20190925,상장폐지,주권매매거래정지(상장폐지 사유발생),20190925900473,,키워드없음,Y,https://dart.fss.or.kr/dsaf001/main.do?rcpNo=20190925900473
01197428,한화에이스기업인수목적3호,20191125,상장폐지,주권매매거래정지(상장폐지 사유발생),20191125900477,,키워드없음,Y,https://dart.fss.or.kr/dsaf001/main.do?rcpNo=20191125900477
01199985,미래에셋대우기업인수목적1호,20191218,상장폐지,주권매매거래정지(상장폐지 사유발생),20191218900525,,키워드없음,Y,https://dart.fss.or.kr/dsaf001/main.do?rcpNo=20191218900525
01201581,한화수성기업인수목적,20200102,상장폐지,주권매매거래정지(상장폐지사유 발생),20200102900552,,키워드없음,Y,https://dart.fss.or.kr/dsaf001/main.do?rcpNo=20200102900552
01201970,셀레스트라,20250404,상장폐지,주권매매거래정지기간변경              (상장폐지 사유 발생),20250404901199,Y,"감사의견,의견거절,계속기업",,https://dart.fss.or.kr/dsaf001/main.do?rcpNo=20250404901199
01201970,셀레스트라,20260407,상장폐지,주권매매거래정지기간변경              (상장폐지 사유 발생),20260407900932,Y,감사의견,,https://dart.fss.or.kr/dsaf001/main.do?rcpNo=20260407900932
01207761,프로브잇,20250314,시장조치(복합),내부결산시점관리종목지정ㆍ형식적상장폐지ㆍ상장적격성실질심사사유발생,20250314902408,,"둘다(자본잠식,자기자본 / 사외이사,주주총회)",Y,https://dart.fss.or.kr/dsaf001/main.do?rcpNo=20250314902408
01207761,프로브잇,20250407,상장폐지,주권매매거래정지기간변경              (상장폐지 사유 발생 등),20250407901358,,"둘다(감사의견,의견거절 / 상장적격성 실질심사)",Y,https://dart.fss.or.kr/dsaf001/main.do?rcpNo=20250407901358
01207761,프로브잇,20250513,상장폐지,주권매매거래정지기간변경              (상장폐지 사유 발생),20250513900998,,둘다(감사의견 / 상장적격성 실질심사),Y,https://dart.fss.or.kr/dsaf001/main.do?rcpNo=20250513900998
01208821,팡스카이,20250407,상장폐지,주권매매거래정지              (상장폐지 사유발생),20250407600649,Y,"감사의견,의견거절,계속기업",,https://dart.fss.or.kr/dsaf001/main.do?rcpNo=20250407600649
01208821,팡스카이,20250418,상장폐지,주권매매거래정지기간변경              (상장폐지 사유 발생),20250418600809,Y,"감사의견,의견거절,계속기업",,https://dart.fss.or.kr/dsaf001/main.do?rcpNo=20250418600809
01208821,팡스카이,20260323,상장폐지,주권매매거래정지기간변경              (상장폐지 사유 발생),20260323602557,Y,"감사의견,의견거절,계속기업",,https://dart.fss.or.kr/dsaf001/main.do?rcpNo=20260323602557
01221947,비엔에프머티리얼즈,20200929,상장폐지,상장폐지결정,20200929600481,N,"사외이사,주주총회,정관",,https://dart.fss.or.kr/dsaf001/main.do?rcpNo=20200929600481
01227039,파라택시스코리아,20250310,시장조치(복합),내부결산시점관리종목지정ㆍ형식적상장폐지ㆍ상장적격성실질심사사유발생,20250310900973,,"둘다(자본잠식,자기자본 / 사외이사,주주총회)",Y,https://dart.fss.or.kr/dsaf001/main.do?rcpNo=20250310900973
01227039,파라택시스코리아,20260701,상장폐지,주권매매거래정지기간변경              (상장폐지 사유 발생),20260701901070,,키워드없음,Y,https://dart.fss.or.kr/dsaf001/main.do?rcpNo=20260701901070
01234525,한국제5호기업인수목적,20200219,상장폐지,주권매매거래정지(상장폐지 사유발생),20200219900654,,키워드없음,Y,https://dart.fss.or.kr/dsaf001/main.do?rcpNo=20200219900654
01243550,아이비케이에스제7호기업인수목적,20200605,상장폐지,주권매매거래정지(상장폐지 사유발생),20200605900616,,키워드없음,Y,https://dart.fss.or.kr/dsaf001/main.do?rcpNo=20200605900616
01243772,신한제4호기업인수목적,20200806,상장폐지,주권매매거래정지(상장폐지 사유발생),20200806900558,,키워드없음,Y,https://dart.fss.or.kr/dsaf001/main.do?rcpNo=20200806900558
01245062,코오롱티슈진,20200316,상장폐지,주권매매거래정지기간변경(상장폐지 사유 발생),20200316901983,Y,의견거절,,https://dart.fss.or.kr/dsaf001/main.do?rcpNo=20200316901983
01245062,코오롱티슈진,20200828,상장폐지,주권매매거래정지기간변경(상장폐지 사유 발생),20200828900333,,둘다(감사의견 / 상장적격성 실질심사),Y,https://dart.fss.or.kr/dsaf001/main.do?rcpNo=20200828900333
01246742,테크트랜스,20260323,상장폐지,주권매매거래정지              (상장폐지사유발생),20260323601130,Y,"감사의견,의견거절,계속기업",,https://dart.fss.or.kr/dsaf001/main.do?rcpNo=20260323601130
01246742,테크트랜스,20260413,상장폐지,주권매매거래정지기간변경              (상장폐지사유 발생),20260413600176,Y,"감사의견,의견거절,계속기업",,https://dart.fss.or.kr/dsaf001/main.do?rcpNo=20260413600176
01247918,한화에이스기업인수목적4호,20200622,상장폐지,주권매매거래정지(상장폐지사유 발생),20200622900502,,키워드없음,Y,https://dart.fss.or.kr/dsaf001/main.do?rcpNo=20200622900502
01257526,한국제6호기업인수목적,20200714,상장폐지,주권매매거래정지(상장폐지 사유발생),20200714900329,,키워드없음,Y,https://dart.fss.or.kr/dsaf001/main.do?rcpNo=20200714900329
01259056,애닉,20210225,시장조치(복합),내부결산시점관리종목지정ㆍ형식적상장폐지ㆍ상장적격성실질심사사유발생,20210225900168,,"둘다(자본잠식,자기자본 / 사외이사,주주총회)",Y,https://dart.fss.or.kr/dsaf001/main.do?rcpNo=20210225900168
01259056,애닉,20210323,관리종목,주권매매거래정지(관리종목지정사유 발생),20210323901080,,키워드없음,Y,https://dart.fss.or.kr/dsaf001/main.do?rcpNo=20210323901080
01259056,애닉,20220207,시장조치(복합),내부결산시점관리종목지정ㆍ형식적상장폐지ㆍ상장적격성실질심사사유발생,20220207901078,,"둘다(자본잠식,자기자본 / 사외이사,주주총회)",Y,https://dart.fss.or.kr/dsaf001/main.do?rcpNo=20220207901078
01259056,애닉,20220317,상장폐지,주권매매거래정지기간변경(상장폐지사유 발생),20220317901774,Y,의견거절,,https://dart.fss.or.kr/dsaf001/main.do?rcpNo=20220317901774
01259056,애닉,20230118,시장조치(복합),내부결산시점관리종목지정ㆍ형식적상장폐지ㆍ상장적격성실질심사사유발생,20230118900388,,"둘다(자본잠식,자기자본 / 사외이사,주주총회)",Y,https://dart.fss.or.kr/dsaf001/main.do?rcpNo=20230118900388
01259056,애닉,20230330,상장폐지,주권매매거래정지기간변경(상장폐지 사유 발생),20230330902731,Y,감사의견,,https://dart.fss.or.kr/dsaf001/main.do?rcpNo=20230330902731
01259056,애닉,20240215,시장조치(복합),내부결산시점관리종목지정ㆍ형식적상장폐지ㆍ상장적격성실질심사사유발생,20240215901211,,"둘다(자본잠식,자기자본 / 사외이사,주주총회)",Y,https://dart.fss.or.kr/dsaf001/main.do?rcpNo=20240215901211
01259056,애닉,20240524,상장폐지,주권매매거래정지기간변경              (상장폐지 사유 발생),20240524900697,N,상장적격성 실질심사,,https://dart.fss.or.kr/dsaf001/main.do?rcpNo=20240524900697
01259311,푸드나무,20250313,시장조치(복합),내부결산시점관리종목지정ㆍ형식적상장폐지ㆍ상장적격성실질심사사유발생,20250313901632,,"둘다(자본잠식,자기자본 / 사외이사,주주총회)",Y,https://dart.fss.or.kr/dsaf001/main.do?rcpNo=20250313901632
01263527,카이노스메드,20250228,시장조치(복합),내부결산시점관리종목지정ㆍ형식적상장폐지ㆍ상장적격성실질심사사유발생,20250228901801,,"둘다(자본잠식,자기자본 / 사외이사,주주총회)",Y,https://dart.fss.or.kr/dsaf001/main.do?rcpNo=20250228901801
01263527,카이노스메드,20250321,관리종목,주권매매거래정지              (관리종목지정사유발생),20250321900954,,키워드없음,Y,https://dart.fss.or.kr/dsaf001/main.do?rcpNo=20250321900954
01263527,카이노스메드,20251121,상장폐지,주권매매거래정지기간변경              (상장폐지 사유 발생),20251121900719,,키워드없음,Y,https://dart.fss.or.kr/dsaf001/main.do?rcpNo=20251121900719
01263527,카이노스메드,20260316,시장조치(복합),내부결산시점관리종목지정ㆍ형식적상장폐지ㆍ상장적격성실질심사사유발생,20260316902688,,"둘다(자본잠식,자기자본 / 사외이사,상장적격성 실질심사)",Y,https://dart.fss.or.kr/dsaf001/main.do?rcpNo=20260316902688
01267550,나라소프트,20210330,상장폐지,주권매매거래정지(상장폐지 사유발생),20210330602434,Y,"감사의견,의견거절",,https://dart.fss.or.kr/dsaf001/main.do?rcpNo=20210330602434
01267550,나라소프트,20250417,상장폐지,주권매매거래정지기간변경              (상장폐지 사유발생),20250417600957,Y,"감사의견,의견거절,계속기업",,https://dart.fss.or.kr/dsaf001/main.do?rcpNo=20250417600957
01267550,나라소프트,20250423,상장폐지,기타주요경영사항(자율공시)              (상장폐지결정 취소 소송 제기),20250423600754,,키워드없음,Y,https://dart.fss.or.kr/dsaf001/main.do?rcpNo=20250423600754
01274310,이오플로우,20250314,시장조치(복합),내부결산시점관리종목지정ㆍ형식적상장폐지ㆍ상장적격성실질심사사유발생,20250314902138,,"둘다(자본잠식,자기자본 / 사외이사,주주총회)",Y,https://dart.fss.or.kr/dsaf001/main.do?rcpNo=20250314902138
01274310,이오플로우,20250321,상장폐지,주권매매거래정지기간변경              (상장폐지 사유 발생),20250321902379,Y,"의견거절,계속기업",,https://dart.fss.or.kr/dsaf001/main.do?rcpNo=20250321902379
01274310,이오플로우,20260327,상장폐지,주권매매거래정지기간변경              (상장폐지 사유 발생),20260327903332,Y,감사의견,,https://dart.fss.or.kr/dsaf001/main.do?rcpNo=20260327903332
01274310,이오플로우,20260819,상장폐지,주권매매거래정지기간변경              (상장폐지 사유 발생),20260819900604,,둘다(감사의견 / 상장적격성 실질심사),Y,https://dart.fss.or.kr/dsaf001/main.do?rcpNo=20260819900604
01277928,한국제7호기업인수목적,20210104,상장폐지,주권매매거래정지(상장폐지 사유발생),20210104900778,,키워드없음,Y,https://dart.fss.or.kr/dsaf001/main.do?rcpNo=20210104900778
01290248,스코넥,20260407,상장폐지,주권매매거래정지기간변경              (상장폐지 사유 발생),20260407901164,Y,의견거절,,https://dart.fss.or.kr/dsaf001/main.do?rcpNo=20260407901164
01309069,타이드,20260406,상장폐지,주권매매거래정지기간변경              (상장폐지사유 발생),20260406600317,Y,"감사의견,의견거절,계속기업",,https://dart.fss.or.kr/dsaf001/main.do?rcpNo=20260406600317
01326260,하나머스트제6호기업인수목적,20210625,상장폐지,주권매매거래정지(상장폐지 사유발생),20210625900588,,키워드없음,Y,https://dart.fss.or.kr/dsaf001/main.do?rcpNo=20210625900588
01326279,아이엘,20260305,시장조치(복합),내부결산시점관리종목지정ㆍ형식적상장폐지ㆍ상장적격성실질심사사유발생,20260305901973,,"둘다(자본잠식,자기자본 / 사외이사,주주총회)",Y,https://dart.fss.or.kr/dsaf001/main.do?rcpNo=20260305901973
01332137,노보믹스,20250407,상장폐지,주권매매거래정지              (상장폐지 사유발생),20250407601121,Y,"감사의견,의견거절,계속기업",,https://dart.fss.or.kr/dsaf001/main.do?rcpNo=20250407601121
01332137,노보믹스,20250418,상장폐지,주권매매거래정지기간변경              (상장폐지 사유 발생),20250418600772,Y,"감사의견,의견거절,계속기업",,https://dart.fss.or.kr/dsaf001/main.do?rcpNo=20250418600772
01336285,에스케이에이씨피씨제4호기업인수목적,20210630,상장폐지,주권매매거래정지(상장폐지 사유발생),20210630901011,,키워드없음,Y,https://dart.fss.or.kr/dsaf001/main.do?rcpNo=20210630901011
01336391,엔에이치기업인수목적13호,20210907,상장폐지,주권매매거래정지(상장폐지사유 발생),20210907900507,,키워드없음,Y,https://dart.fss.or.kr/dsaf001/main.do?rcpNo=20210907900507
01336735,펨토바이오메드,20260330,상장폐지,주권매매거래정지              (상장폐지사유 발생),20260330601579,Y,"감사의견,계속기업",,https://dart.fss.or.kr/dsaf001/main.do?rcpNo=20260330601579
01336735,펨토바이오메드,20260413,상장폐지,주권매매거래정지기간변경              (상장폐지사유 발생),20260413600178,Y,"감사의견,의견거절,계속기업",,https://dart.fss.or.kr/dsaf001/main.do?rcpNo=20260413600178
01337114,구스앤홈,20200413,상장폐지,주권매매거래정지기간변경(상장폐지 사유 발생),20200413600760,Y,"감사의견,의견거절,계속기업",,https://dart.fss.or.kr/dsaf001/main.do?rcpNo=20200413600760
01337114,구스앤홈,20210323,상장폐지,주권매매거래정지기간변경(상장폐지 사유발생),20210323600211,Y,"감사의견,의견거절",,https://dart.fss.or.kr/dsaf001/main.do?rcpNo=20210323600211
01337220,키움제5호기업인수목적,20210720,상장폐지,주권매매거래정지(상장폐지 사유발생),20210720900496,,키워드없음,Y,https://dart.fss.or.kr/dsaf001/main.do?rcpNo=20210720900496
01338724,에스앤케이,20220216,상장폐지,상장폐지결정,20220216900822,N,"사외이사,주주총회",,https://dart.fss.or.kr/dsaf001/main.do?rcpNo=20220216900822
01338724,에스앤케이,20220329,상장폐지,상장폐지승인을위한의안상정결정,20220329902609,N,"사외이사,주주총회,자진",,https://dart.fss.or.kr/dsaf001/main.do?rcpNo=20220329902609
01343735,데이드림엔터테인먼트,20230607,상장폐지,상장폐지결정,20230607600075,,,Y,https://dart.fss.or.kr/dsaf001/main.do?rcpNo=20230607600075
01343920,유안타제4호기업인수목적,20211124,상장폐지,주권매매거래정지(상장폐지 사유발생),20211124900637,,키워드없음,Y,https://dart.fss.or.kr/dsaf001/main.do?rcpNo=20211124900637
01344752,케어룸의료산업,20211223,상장폐지,상장폐지결정,20211223600265,N,"사외이사,주주총회,자진",,https://dart.fss.or.kr/dsaf001/main.do?rcpNo=20211223600265
01350638,티티씨디펜스,20200514,상장폐지,주권매매거래정지기간변경(상장폐지 사유 발생),20200514600882,,키워드없음,Y,https://dart.fss.or.kr/dsaf001/main.do?rcpNo=20200514600882
01351114,케이비제17호기업인수목적,20211022,상장폐지,주권매매거래정지(상장폐지 사유발생),20211022900605,,키워드없음,Y,https://dart.fss.or.kr/dsaf001/main.do?rcpNo=20211022900605
01351822,한화에스비아이기업인수목적,20211124,상장폐지,주권매매거래정지(상장폐지 사유발생),20211124900618,,키워드없음,Y,https://dart.fss.or.kr/dsaf001/main.do?rcpNo=20211124900618
01353848,이노벡스,20260323,상장폐지,주권매매거래정지기간변경              (상장폐지 사유발생),20260323602052,,"둘다(감사의견,의견거절 / 상장적격성 실질심사)",Y,https://dart.fss.or.kr/dsaf001/main.do?rcpNo=20260323602052
01366365,이베스트이안기업인수목적1호,20220204,상장폐지,주권매매거래정지(상장폐지 사유발생),20220204901086,,키워드없음,Y,https://dart.fss.or.kr/dsaf001/main.do?rcpNo=20220204901086
01368637,성원에너텍,20260410,상장폐지,주권매매거래정지기간변경              (상장폐지 사유 발생),20260410901184,Y,"감사의견,의견거절,계속기업",,https://dart.fss.or.kr/dsaf001/main.do?rcpNo=20260410901184
01371312,케이비제18호기업인수목적,20220119,상장폐지,주권매매거래정지(상장폐지사유발생),20220119900629,,키워드없음,Y,https://dart.fss.or.kr/dsaf001/main.do?rcpNo=20220119900629
01384477,엠에프엠코리아,20240314,시장조치(복합),내부결산시점관리종목지정ㆍ형식적상장폐지ㆍ상장적격성실질심사사유발생,20240314902812,,"둘다(자본잠식,자기자본 / 사외이사,주주총회)",Y,https://dart.fss.or.kr/dsaf001/main.do?rcpNo=20240314902812
01384477,엠에프엠코리아,20240321,관리종목,주권매매거래정지              (관리종목지정사유발생),20240321901564,,키워드없음,Y,https://dart.fss.or.kr/dsaf001/main.do?rcpNo=20240321901564
01384477,엠에프엠코리아,20241111,상장폐지,주권매매거래정지기간변경              (상장폐지 사유 발생),20241111900711,,키워드없음,Y,https://dart.fss.or.kr/dsaf001/main.do?rcpNo=20241111900711
01390876,상상인이안제2호기업인수목적,20220322,상장폐지,주권매매거래정지(상장폐지 사유발생),20220322901606,,키워드없음,Y,https://dart.fss.or.kr/dsaf001/main.do?rcpNo=20220322901606
01393299,케이비제19호기업인수목적,20220425,상장폐지,주권매매거래정지(상장폐지 사유발생),20220425900599,,키워드없음,Y,https://dart.fss.or.kr/dsaf001/main.do?rcpNo=20220425900599
01395279,하나금융14호기업인수목적,20220913,상장폐지,주권매매거래정지(상장폐지 사유발생),20220913900430,,키워드없음,Y,https://dart.fss.or.kr/dsaf001/main.do?rcpNo=20220913900430
01406618,비올메디컬,20250929,상장폐지,상장폐지결정,20250929900484,N,"사외이사,주주총회,자진",,https://dart.fss.or.kr/dsaf001/main.do?rcpNo=20250929900484
01409095,비트맥스,20260223,시장조치(복합),내부결산시점관리종목지정ㆍ형식적상장폐지ㆍ상장적격성실질심사사유발생,20260223901354,,"둘다(자본잠식,자기자본 / 사외이사,상장적격성 실질심사)",Y,https://dart.fss.or.kr/dsaf001/main.do?rcpNo=20260223901354
01409095,비트맥스,20260316,관리종목,주권매매거래정지              (관리종목지정사유발생),20260316902218,,키워드없음,Y,https://dart.fss.or.kr/dsaf001/main.do?rcpNo=20260316902218
01414370,하이제5호기업인수목적,20220715,상장폐지,주권매매거래정지(상장폐지 사유발생),20220715900592,,키워드없음,Y,https://dart.fss.or.kr/dsaf001/main.do?rcpNo=20220715900592
01414936,에스케이제6호기업인수목적,20221004,상장폐지,주권매매거래정지(상장폐지 사유발생),20221004900676,,키워드없음,Y,https://dart.fss.or.kr/dsaf001/main.do?rcpNo=20221004900676
01419384,하나금융16호기업인수목적,20230216,상장폐지,주권매매거래정지(상장폐지 사유발생),20230216900949,,키워드없음,Y,https://dart.fss.or.kr/dsaf001/main.do?rcpNo=20230216900949
01428249,케이프이에스제4호기업인수목적,20221018,상장폐지,주권매매거래정지(상장폐지 사유발생),20221018900603,,키워드없음,Y,https://dart.fss.or.kr/dsaf001/main.do?rcpNo=20221018900603
01436336,이베스트기업인수목적5호,20221213,상장폐지,주권매매거래정지(상장폐지 사유발생),20221213900760,,키워드없음,Y,https://dart.fss.or.kr/dsaf001/main.do?rcpNo=20221213900760
01436479,토마토시스템,20230421,상장폐지,상장폐지결정,20230421600255,N,사외이사,,https://dart.fss.or.kr/dsaf001/main.do?rcpNo=20230421600255
01440481,아이비케이에스제13호기업인수목적,20230208,상장폐지,주권매매거래정지(상장폐지 사유발생),20230208901121,,키워드없음,Y,https://dart.fss.or.kr/dsaf001/main.do?rcpNo=20230208901121
01447217,에이치엠씨아이비제4호기업인수목적,20230224,상장폐지,주권매매거래정지(상장폐지 사유발생),20230224901110,,키워드없음,Y,https://dart.fss.or.kr/dsaf001/main.do?rcpNo=20230224901110
01447244,에이치엠씨아이비제5호기업인수목적,20230911,상장폐지,주권매매거래정지(상장폐지 사유발생),20230911900588,,키워드없음,Y,https://dart.fss.or.kr/dsaf001/main.do?rcpNo=20230911900588
01450105,미래에셋대우기업인수목적5호,20230503,상장폐지,주권매매거래정지(상장폐지 사유발생),20230503900784,,키워드없음,Y,https://dart.fss.or.kr/dsaf001/main.do?rcpNo=20230503900784
01467336,창대정밀,20260407,상장폐지,주권매매거래정지기간변경              (상장폐지사유 발생),20260407600626,Y,"감사의견,한정",,https://dart.fss.or.kr/dsaf001/main.do?rcpNo=20260407600626
01505450,디비금융제8호기업인수목적,20230704,상장폐지,주권매매거래정지(상장폐지사유 발생),20230704900826,,키워드없음,Y,https://dart.fss.or.kr/dsaf001/main.do?rcpNo=20230704900826
01506990,옵티코어,20260323,상장폐지,주권매매거래정지기간변경              (상장폐지 사유 발생),20260323902705,,키워드없음,Y,https://dart.fss.or.kr/dsaf001/main.do?rcpNo=20260323902705
01514519,유진기업인수목적6호,20231130,상장폐지,주권매매거래정지(상장폐지 사유발생),20231130900749,,키워드없음,Y,https://dart.fss.or.kr/dsaf001/main.do?rcpNo=20231130900749
01528530,삼성기업인수목적4호,20231213,상장폐지,주권매매거래정지(상장폐지 사유발생),20231213900936,,키워드없음,Y,https://dart.fss.or.kr/dsaf001/main.do?rcpNo=20231213900936
01534522,삼성머스트기업인수목적5호,20240110,상장폐지,주권매매거래정지(상장폐지 사유발생),20240110900794,,키워드없음,Y,https://dart.fss.or.kr/dsaf001/main.do?rcpNo=20240110900794
01549472,대진첨단소재,20260407,상장폐지,주권매매거래정지기간변경              (상장폐지 사유 발생),20260407901240,,둘다(감사의견 / 상장적격성 실질심사),Y,https://dart.fss.or.kr/dsaf001/main.do?rcpNo=20260407901240
01562589,LX홀딩스,20220817,상장폐지,상장폐지승인을위한의안상정결정(자회사의 주요경영사항),20220817800337,N,"사외이사,주주총회",,https://dart.fss.or.kr/dsaf001/main.do?rcpNo=20220817800337
01562589,LX홀딩스,20221027,상장폐지,상장폐지결정(자회사의 주요경영사항),20221027800543,N,"사외이사,주주총회",,https://dart.fss.or.kr/dsaf001/main.do?rcpNo=20221027800543
01569838,유진기업인수목적7호,20240619,상장폐지,주권매매거래정지              (상장폐지 사유발생),20240619900836,,키워드없음,Y,https://dart.fss.or.kr/dsaf001/main.do?rcpNo=20240619900836
01572489,한화플러스제2호기업인수목적,20240603,상장폐지,주권매매거래정지              (상장폐지 사유발생),20240603900628,,키워드없음,Y,https://dart.fss.or.kr/dsaf001/main.do?rcpNo=20240603900628
01573974,엔에이치기업인수목적20호,20240429,상장폐지,주권매매거래정지              (상장폐지 사유발생),20240429900825,,키워드없음,Y,https://dart.fss.or.kr/dsaf001/main.do?rcpNo=20240429900825
01574760,신한제8호기업인수목적,20240417,상장폐지,주권매매거래정지              (상장폐지 사유발생),20240417900713,N,합병,,https://dart.fss.or.kr/dsaf001/main.do?rcpNo=20240417900713
01575361,세븐브로이맥주,20250821,상장폐지,주권매매거래정지기간변경              (코넥스 주권 상장폐지 사유발생),20250821600632,,키워드없음,Y,https://dart.fss.or.kr/dsaf001/main.do?rcpNo=20250821600632
01575361,세븐브로이맥주,20260323,상장폐지,주권매매거래정지기간변경              (상장폐지 사유 발생),20260323602499,,"둘다(감사의견,의견거절 / 상장적격성 실질심사)",Y,https://dart.fss.or.kr/dsaf001/main.do?rcpNo=20260323602499
01575839,플라즈맵,20250306,시장조치(복합),내부결산시점관리종목지정ㆍ형식적상장폐지ㆍ상장적격성실질심사사유발생,20250306900442,,"둘다(자본잠식,자기자본 / 사외이사,주주총회)",Y,https://dart.fss.or.kr/dsaf001/main.do?rcpNo=20250306900442
01575839,플라즈맵,20250317,관리종목,주권매매거래정지              (관리종목지정사유발생),20250317900499,,키워드없음,Y,https://dart.fss.or.kr/dsaf001/main.do?rcpNo=20250317900499
01579570,시큐레터,20240405,상장폐지,주권매매거래정지기간변경              (상장폐지 사유 발생),20240405900982,Y,의견거절,,https://dart.fss.or.kr/dsaf001/main.do?rcpNo=20240405900982
01604371,상상인제3호기업인수목적,20241121,상장폐지,주권매매거래정지              (상장폐지 사유발생),20241121900599,N,합병,,https://dart.fss.or.kr/dsaf001/main.do?rcpNo=20241121900599
01616482,신한제10호기업인수목적,20250324,상장폐지,주권매매거래정지              (상장폐지사유 발생),20250324900998,N,합병,,https://dart.fss.or.kr/dsaf001/main.do?rcpNo=20250324900998
01619513,엔에이치기업인수목적23호,20250122,상장폐지,주권매매거래정지              (상장폐지 사유발생),20250122900761,,키워드없음,Y,https://dart.fss.or.kr/dsaf001/main.do?rcpNo=20250122900761
01621280,케이비제21호기업인수목적,20250116,상장폐지,주권매매거래정지              (상장폐지 사유발생),20250116900477,,키워드없음,Y,https://dart.fss.or.kr/dsaf001/main.do?rcpNo=20250116900477
01624162,삼성기업인수목적6호,20250123,상장폐지,주권매매거래정지              (상장폐지 사유발생),20250123901115,,키워드없음,Y,https://dart.fss.or.kr/dsaf001/main.do?rcpNo=20250123901115
01663639,유안타제9호기업인수목적,20250304,상장폐지,주권매매거래정지              (상장폐지 사유발생),20250304901021,N,합병,,https://dart.fss.or.kr/dsaf001/main.do?rcpNo=20250304901021
01669475,하나금융25호기업인수목적,20250513,상장폐지,주권매매거래정지              (상장폐지 사유발생),20250513900961,,키워드없음,Y,https://dart.fss.or.kr/dsaf001/main.do?rcpNo=20250513900961
01670675,유안타제10호기업인수목적,20250428,상장폐지,주권매매거래정지              (상장폐지 사유발생),20250428901088,N,합병,,https://dart.fss.or.kr/dsaf001/main.do?rcpNo=20250428901088
01671197,에스케이증권제8호기업인수목적,20250430,상장폐지,주권매매거래정지              (상장폐지 사유발생),20250430901540,N,합병,,https://dart.fss.or.kr/dsaf001/main.do?rcpNo=20250430901540
01674468,엔에이치기업인수목적25호,20250527,상장폐지,주권매매거래정지              (상장폐지사유 발생),20250527900625,N,합병,,https://dart.fss.or.kr/dsaf001/main.do?rcpNo=20250527900625
01674538,엔에이치기업인수목적24호,20250513,상장폐지,주권매매거래정지              (상장폐지사유 발생),20250513900982,N,합병,,https://dart.fss.or.kr/dsaf001/main.do?rcpNo=20250513900982
01675227,삼성기업인수목적7호,20250520,상장폐지,주권매매거래정지              (상장폐지 사유발생),20250520900554,N,합병,,https://dart.fss.or.kr/dsaf001/main.do?rcpNo=20250520900554
01675254,엔에이치기업인수목적26호,20250625,상장폐지,주권매매거래정지              (상장폐지 사유발생),20250625900699,,키워드없음,Y,https://dart.fss.or.kr/dsaf001/main.do?rcpNo=20250625900699
01675421,아이비케이에스제20호기업인수목적,20250520,상장폐지,주권매매거래정지              (상장폐지사유 발생),20250520900574,N,합병,,https://dart.fss.or.kr/dsaf001/main.do?rcpNo=20250520900574
01677429,엔에이치기업인수목적27호,20250708,상장폐지,주권매매거래정지              (상장폐지 사유발생),20250708900567,,키워드없음,Y,https://dart.fss.or.kr/dsaf001/main.do?rcpNo=20250708900567
01677678,교보13호기업인수목적,20250630,상장폐지,주권매매거래정지              (상장폐지 사유발생),20250630901119,,키워드없음,Y,https://dart.fss.or.kr/dsaf001/main.do?rcpNo=20250630901119
01678835,유진기업인수목적9호,20250626,상장폐지,주권매매거래정지              (상장폐지 사유발생),20250626900780,,키워드없음,Y,https://dart.fss.or.kr/dsaf001/main.do?rcpNo=20250626900780
01683387,미래에셋드림기업인수목적1호,20251010,상장폐지,주권매매거래정지              (상장폐지 사유발생),20251010900489,N,합병,,https://dart.fss.or.kr/dsaf001/main.do?rcpNo=20251010900489
01688346,유안타제11호기업인수목적,20260324,상장폐지,주권매매거래정지              (상장폐지 사유발생),20260324901736,,키워드없음,Y,https://dart.fss.or.kr/dsaf001/main.do?rcpNo=20260324901736
01689336,비엔케이제1호기업인수목적,20250715,상장폐지,주권매매거래정지              (상장폐지 사유발생),20250715900541,N,합병,,https://dart.fss.or.kr/dsaf001/main.do?rcpNo=20250715900541
01689938,신영해피투모로우제9호기업인수목적,20250721,상장폐지,주권매매거래정지              (상장폐지 사유발생),20250721900585,N,합병,,https://dart.fss.or.kr/dsaf001/main.do?rcpNo=20250721900585
01690235,유안타제12호기업인수목적,20260115,상장폐지,주권매매거래정지              (상장폐지 사유발생),20260115900681,N,합병,,https://dart.fss.or.kr/dsaf001/main.do?rcpNo=20260115900681
01696275,하나26호기업인수목적,20250926,상장폐지,주권매매거래정지              (상장폐지 사유발생),20250926900920,N,합병,,https://dart.fss.or.kr/dsaf001/main.do?rcpNo=20250926900920
01696451,대신밸런스제14호기업인수목적,20250630,상장폐지,주권매매거래정지              (상장폐지 사유발생),20250630901120,,키워드없음,Y,https://dart.fss.or.kr/dsaf001/main.do?rcpNo=20250630901120
01700374,하나27호기업인수목적,20251031,상장폐지,주권매매거래정지              (상장폐지 사유발생),20251031900947,N,합병,,https://dart.fss.or.kr/dsaf001/main.do?rcpNo=20251031900947
01700921,삼성기업인수목적8호,20250924,상장폐지,주권매매거래정지              (상장폐지 사유발생),20250924900548,N,합병,,https://dart.fss.or.kr/dsaf001/main.do?rcpNo=20250924900548
01701753,유안타제13호기업인수목적,20250922,상장폐지,주권매매거래정지              (상장폐지 사유발생),20250922900553,N,합병,,https://dart.fss.or.kr/dsaf001/main.do?rcpNo=20250922900553
01705625,하이제8호기업인수목적,20260116,상장폐지,주권매매거래정지              (상장폐지 사유발생),20260116900901,,키워드없음,Y,https://dart.fss.or.kr/dsaf001/main.do?rcpNo=20260116900901
01706819,유안타제14호기업인수목적,20260219,상장폐지,주권매매거래정지              (상장폐지 사유 발생),20260219901036,N,합병,,https://dart.fss.or.kr/dsaf001/main.do?rcpNo=20260219901036
01717170,상상인제4호기업인수목적,20260408,상장폐지,주권매매거래정지              (상장폐지 사유발생),20260408901366,,키워드없음,Y,https://dart.fss.or.kr/dsaf001/main.do?rcpNo=20260408901366
01719105,신한제11호기업인수목적,20260422,상장폐지,주권매매거래정지              (상장폐지 사유발생),20260422900826,N,합병,,https://dart.fss.or.kr/dsaf001/main.do?rcpNo=20260422900826
01724417,하나29호기업인수목적,20260122,상장폐지,주권매매거래정지              (상장폐지 사유발생),20260122900796,,키워드없음,Y,https://dart.fss.or.kr/dsaf001/main.do?rcpNo=20260122900796
01724709,케이비제25호기업인수목적,20260115,상장폐지,주권매매거래정지              (상장폐지 사유발생),20260115900698,N,합병,,https://dart.fss.or.kr/dsaf001/main.do?rcpNo=20260115900698
01725160,한화플러스제4호기업인수목적,20260402,상장폐지,주권매매거래정지              (상장폐지 사유발생),20260402901187,N,합병,,https://dart.fss.or.kr/dsaf001/main.do?rcpNo=20260402901187
01725577,에스케이증권제9호기업인수목적,20260213,상장폐지,주권매매거래정지              (상장폐지 사유발생),20260213902083,N,합병,,https://dart.fss.or.kr/dsaf001/main.do?rcpNo=20260213902083
01738483,대신밸런스제16호기업인수목적,20260402,상장폐지,주권매매거래정지              (상장폐지사유 발생),20260402901150,,키워드없음,Y,https://dart.fss.or.kr/dsaf001/main.do?rcpNo=20260402901150
01744703,에스케이증권제10호기업인수목적,20260303,상장폐지,주권매매거래정지              (상장폐지 사유발생),20260303901389,N,합병,,https://dart.fss.or.kr/dsaf001/main.do?rcpNo=20260303901389
01760640,교보14호기업인수목적,20260128,상장폐지,주권매매거래정지              (상장폐지 사유발생),20260128900962,,키워드없음,Y,https://dart.fss.or.kr/dsaf001/main.do?rcpNo=20260128900962
01761296,한국제12호기업인수목적,20260323,상장폐지,주권매매거래정지              (상장폐지 사유발생),20260323902414,,키워드없음,Y,https://dart.fss.or.kr/dsaf001/main.do?rcpNo=20260323902414
01767494,에이치엠씨아이비제6호기업인수목적,20260506,상장폐지,주권매매거래정지              (상장폐지 사유발생),20260506901124,,키워드없음,Y,https://dart.fss.or.kr/dsaf001/main.do?rcpNo=20260506901124
01775952,한국제13호기업인수목적,20260605,상장폐지,주권매매거래정지              (상장폐지 사유발생),20260605900930,,키워드없음,Y,https://dart.fss.or.kr/dsaf001/main.do?rcpNo=20260605900930
01781847,교보15호스팩,20260902,상장폐지,주권매매거래정지              (상장폐지 사유발생),20260902900620,,키워드없음,Y,https://dart.fss.or.kr/dsaf001/main.do?rcpNo=20260902900620
01785551,케이비제27호기업인수목적,20260526,상장폐지,주권매매거래정지              (상장폐지 사유발생),20260526900858,,키워드없음,Y,https://dart.fss.or.kr/dsaf001/main.do?rcpNo=20260526900858
01785700,아이비케이에스제23호기업인수목적,20260714,상장폐지,주권매매거래정지              (상장폐지 사유발생),20260714900793,,키워드없음,Y,https://dart.fss.or.kr/dsaf001/main.do?rcpNo=20260714900793
01791321,하나30호기업인수목적,20260720,상장폐지,주권매매거래정지              (상장폐지 사유발생),20260720900762,,키워드없음,Y,https://dart.fss.or.kr/dsaf001/main.do?rcpNo=20260720900762
01792825,대신밸런스제17호기업인수목적,20260819,상장폐지,주권매매거래정지              (상장폐지 사유발생),20260819900668,N,합병,,https://dart.fss.or.kr/dsaf001/main.do?rcpNo=20260819900668
01796858,신영스팩10호,20260831,상장폐지,주권매매거래정지              (상장폐지 사유발생),20260831900942,,키워드없음,Y,https://dart.fss.or.kr/dsaf001/main.do?rcpNo=20260831900942
01872893,에이엠시지,20251106,상장폐지,상장폐지결정              (상장폐지 결정),20251106600746,N,"사외이사,주주총회,자진",,https://dart.fss.or.kr/dsaf001/main.do?rcpNo=20251106600746
