corp_code,corp_name,event_date,event_type,detail,rcept_no,reason_is_financial,판정근거,확인필요,검토그룹,원문확인메모,사유분류
00100258,에스마크,20180214,시장조치(복합),내부결산시점관리종목지정ㆍ형식적상장폐지ㆍ상장적격성실질심사사유발생,20180214901076,Y,"자본잠식,자기자본,영업손실",,,,재무(Y)
00100258,에스마크,20190214,시장조치(복합),내부결산시점관리종목지정ㆍ형식적상장폐지ㆍ상장적격성실질심사사유발생,20190214901256,Y,"자본잠식,자기자본,영업손실",,,,재무(Y)
00100258,에스마크,20190321,상장폐지,주권매매거래정지기간변경(상장폐지 사유 발생),20190321901751,Y,의견거절,,,,재무(Y)
00100258,에스마크,20190821,상장폐지,주권매매거래정지기간변경(상장폐지 사유 발생),20190821900613,Y,"의견거절,계속기업",,,,재무(Y)
00100258,에스마크,20200214,시장조치(복합),내부결산시점관리종목지정ㆍ형식적상장폐지ㆍ상장적격성실질심사사유발생,20200214900936,Y,"자본잠식,자기자본,영업손실",,,,재무(Y)
00100258,에스마크,20200320,상장폐지,주권매매거래정지기간변경(상장폐지 사유 발생),20200320902418,Y,"감사의견,의견거절,계속기업",,,,재무(Y)
00100601,강원에너지,20200403,상장폐지,주권매매거래정지기간변경(상장폐지 사유 발생),20200403901247,Y,[원문확인] 감사범위제한으로 인한 한정(감사의견),,,,재무(Y)
00100717,아이이,20170329,상장폐지,주권매매거래정지(상장폐지 사유발생),20170329901193,Y,[원문확인-시장안내] 감사범위제한으로 인한 의견거절(감사의견),,,,재무(Y)
00100717,아이이,20171108,상장폐지,주권매매거래정지기간변경(상장폐지 사유 발생),20171108900547,Y,[원문확인-시장안내] 감사범위제한으로 인한 의견거절(감사의견),,,,재무(Y)
00101336,경남에너지,20160302,상장폐지,상장폐지결정,20160302800540,N,[원문확인] 최대주주(경남테크) 요청에 의한 자진 상장폐지,,,,비재무(N)
00103635,광림,20230613,상장폐지,주권매매거래정지기간변경(상장폐지사유 발생),20230613900493,,"[원문확인, 사유불명] 기업심사위/코스닥시장위 심의결과 확인했으나 구체적 재무사유는 비공개(규정조항만 인용). 실질심사 특성상 세부사유 비공개 사례.",Y,,,별도-사유비공개(실질심사)
00104573,국일제지,20230410,상장폐지,주권매매거래정지기간변경(상장폐지 사유 발생),20230410900928,Y,"감사의견,의견거절,계속기업",,,,재무(Y)
00110750,GMI벤처,20160517,시장조치(복합),내부결산시점관리종목지정ㆍ형식적상장폐지ㆍ상장적격성실질심사사유발생,20160517900430,Y,"자본잠식,자기자본,영업손실",,,,재무(Y)
00110750,GMI벤처,20160621,관리종목,주권매매거래정지(관리종목지정사유발생),20160621900416,Y,"[자동승계:35일 전 판정 '자본잠식,자기자본,영업손실' 상속]",,,,재무(Y)
00110884,엠젠솔루션,20210622,상장폐지,주권매매거래정지기간변경(상장폐지 사유 발생),20210622900547,Y,[원문확인-시장안내] 5개 사업연도 연속 영업손실 공시 확인(회계처리위반 실질심사 사유와 별개로 영업손실 지속 사유 명시됨),,,,재무(Y)
00111218,KD,20190318,상장폐지,주권매매거래정지(상장폐지 사유발생),20190318901125,Y,[원문확인-시장안내] 감사범위제한으로 인한 의견거절(감사의견),,,,재무(Y)
00111218,KD,20200330,상장폐지,주권매매거래정지기간변경(상장폐지 사유 발생),20200330906336,Y,[원문확인-시장안내] 감사범위제한으로 인한 의견거절(감사의견),,,,재무(Y)
00111218,KD,20260323,상장폐지,주권매매거래정지              (상장폐지 사유발생),20260323902688,Y,[원문확인-시장안내] 감사범위제한으로 인한 의견거절(감사의견),,,,재무(Y)
00111227,대양제지공업,20240408,상장폐지,상장폐지결정,20240408900326,N,[원문확인] 공개매수를 통한 자발적 상장폐지,,,,비재무(N)
00111227,대양제지공업,20240408,상장폐지,상장폐지승인을위한의안상정결정,20240408900330,N,[원문확인] 공개매수를 통한 자발적 상장폐지,,,,비재무(N)
00111227,대양제지공업,20240417,상장폐지,주권매매거래정지              (상장폐지 사유발생),20240417900706,N,주식분산 미달,,,,비재무(N)
00111865,미래SCI,20150216,시장조치(복합),내부결산시점관리종목지정ㆍ형식적상장폐지ㆍ상장적격성실질심사사유발생,20150216900597,Y,"자본잠식,자기자본,영업손실",,,,재무(Y)
00111865,미래SCI,20150320,관리종목,주권매매거래정지(관리종목지정사유발생),20150320902204,Y,"[자동승계:32일 전 판정 '자본잠식,자기자본,영업손실' 상속]",,,,재무(Y)
00111865,미래SCI,20200226,시장조치(복합),내부결산시점관리종목지정ㆍ형식적상장폐지ㆍ상장적격성실질심사사유발생,20200226901167,Y,"자본잠식,자기자본,영업손실",,,,재무(Y)
00111865,미래SCI,20200323,상장폐지,주권매매거래정지기간변경(상장폐지 사유 발생),20200323901946,Y,"의견거절,계속기업",,,,재무(Y)
00111865,미래SCI,20200824,상장폐지,주권매매거래정지기간변경(상장폐지 사유 발생),20200824900554,Y,"감사의견,의견거절",,,,재무(Y)
00111865,미래SCI,20210331,상장폐지,주권매매거래정지기간변경(상장폐지 사유 발생),20210331900650,Y,의견거절,,,,재무(Y)
00112819,데코앤에프,20190321,상장폐지,주권매매거래정지(상장폐지 사유 발생),20190321901753,Y,의견거절,,,,재무(Y)
00112819,데코앤에프,20190826,상장폐지,주권매매거래정지기간변경(상장폐지 사유 발생),20190826900275,Y,의견거절,,,,재무(Y)
00116426,이렘,20210112,상장폐지,주권매매거래정지기간변경(상장폐지 사유 발생),20210112900529,,"[원문확인, 사유불명] 기업심사위 심의결과 확인했으나 구체적 재무사유는 비공개",Y,,,별도-사유비공개(실질심사)
00116426,이렘,20210315,시장조치(복합),내부결산시점관리종목지정ㆍ형식적상장폐지ㆍ상장적격성실질심사사유발생,20210315901121,Y,"[원문확인, 사유불명] 기업심사위 심의결과 확인했으나 구체적 재무사유는 비공개",,,,재무(Y)
00116426,이렘,20220331,상장폐지,주권매매거래정지기간변경(상장폐지 사유 발생),20220331901486,Y,"[원문확인, 사유불명] 기업심사위 심의결과 확인했으나 구체적 재무사유는 비공개",,,,재무(Y)
00118460,태림페이퍼,20160601,상장폐지,상장폐지결정,20160601800439,N,[원문확인] 최대주주(트리니티원) 요청에 의한 자진 상장폐지,,,,비재무(N)
00120021,LG,20150720,상장폐지,주요사항보고서(해외증권시장주권등상장폐지결정)(자회사의 주요경영사항),20150720800020,N,"[도메인판단, 원문미확인] 자회사/종속회사의 해외상장폐지 보고 - 상장사 본인(모회사)의 재무부실과 무관. 모회사는 대형 우량기업.",,,,비재무(N)
00120906,에스아이리소스,20200514,상장폐지,주권매매거래정지기간변경(상장폐지 사유 발생),20200514901065,,"[원문확인, 애매] 감사의견은 ""적정""이지만 내부회계관리제도 비적정, 당기순손실 확대(-19억→-110억). 영업이익은 오히려 흑자전환. 재무사유 명확치 않음, 판단 필요",Y,,,애매-판단필요
00121154,엠에스씨,20170216,상장폐지,상장폐지승인을위한의안상정결정,20170216900239,N,[원문확인] 유가증권시장 이전상장,,,,비재무(N)
00122205,졸스,20150515,시장조치(복합),내부결산시점관리종목지정ㆍ형식적상장폐지ㆍ상장적격성실질심사사유발생,20150515901875,Y,"자본잠식,자기자본,영업손실",,,,재무(Y)
00122205,졸스,20200611,시장조치(복합),내부결산시점관리종목지정ㆍ형식적상장폐지ㆍ상장적격성실질심사사유발생,20200611900410,Y,"자본잠식,자기자본,영업손실",,,,재무(Y)
00122205,졸스,20200615,관리종목,주권매매거래정지(관리종목지정사유발생),20200615900487,Y,"[자동승계:4일 전 판정 '자본잠식,자기자본,영업손실' 상속]",,,,재무(Y)
00122339,이매진아시아,20191011,상장폐지,주권매매거래정지기간변경(상장폐지 사유 발생),20191011900561,,"[원문확인-시장안내, 새 카테고리] 횡령ㆍ배임 혐의 발생 - 원 Y/N 정의(자본잠식/매출액미달/영업손실지속/감사의견 vs 공시불이행/사외이사/지분분산/회생절차) 어디에도 명확히 안 들어감. 팀 판단 필요",Y,,,별도-횡령·배임
00122339,이매진아시아,20200227,시장조치(복합),내부결산시점관리종목지정ㆍ형식적상장폐지ㆍ상장적격성실질심사사유발생,20200227901348,Y,"[원문확인-시장안내, 새 카테고리] 횡령ㆍ배임 혐의 발생 - 원 Y/N 정의(자본잠식/매출액미달/영업손실지속/감사의견 vs 공시불이행/사외이사/지분분산/회생절차) 어디에도 명확히 안 들어감. 팀 판단 필요",,,,재무(Y)
00122339,이매진아시아,20200319,상장폐지,주권매매거래정지기간변경(상장폐지 사유 발생),20200319902568,Y,"[원문확인-시장안내, 새 카테고리] 횡령ㆍ배임 혐의 발생 - 원 Y/N 정의(자본잠식/매출액미달/영업손실지속/감사의견 vs 공시불이행/사외이사/지분분산/회생절차) 어디에도 명확히 안 들어감. 팀 판단 필요",,,,재무(Y)
00122339,이매진아시아,20200814,상장폐지,주권매매거래정지기간변경(상장폐지 사유 발생),20200814903233,Y,"[원문확인-시장안내, 새 카테고리] 횡령ㆍ배임 혐의 발생 - 원 Y/N 정의(자본잠식/매출액미달/영업손실지속/감사의견 vs 공시불이행/사외이사/지분분산/회생절차) 어디에도 명확히 안 들어감. 팀 판단 필요",,,,재무(Y)
00125965,케이에이치미래물산,20230407,상장폐지,주권매매거래정지기간변경(상장폐지 사유 발생),20230407901288,Y,의견거절,,,,재무(Y)
00125965,케이에이치미래물산,20240321,상장폐지,주권매매거래정지기간변경              (상장폐지 사유 발생),20240321902819,Y,감사의견,,,,재무(Y)
00127699,유네코,20210513,시장조치(복합),내부결산시점관리종목지정ㆍ형식적상장폐지ㆍ상장적격성실질심사사유발생,20210513900645,Y,"자본잠식,자기자본,영업손실",,,,재무(Y)
00127699,유네코,20210517,상장폐지,주권매매거래정지(상장폐지 사유발생),20210517901477,Y,"의견거절,계속기업",,,,재무(Y)
00127699,유네코,20220516,상장폐지,주권매매거래정지기간변경(상장폐지 사유 발생),20220516902744,Y,"감사의견,의견거절",,,,재무(Y)
00127699,유네코,20220816,상장폐지,주권매매거래정지기간변경(상장폐지 사유 발생),20220816903030,Y,"감사의견,의견거절",,,,재무(Y)
00130587,서울전자통신,20250226,시장조치(복합),내부결산시점관리종목지정ㆍ형식적상장폐지ㆍ상장적격성실질심사사유발생,20250226901017,Y,"자본잠식,자기자본",,,,재무(Y)
00130587,서울전자통신,20250320,관리종목,주권매매거래정지              (관리종목지정사유발생),20250320901589,Y,"[자동승계:22일 전 판정 '자본잠식,자기자본' 상속]",,,,재무(Y)
00133663,세동,20200914,관리종목,주권매매거래정지(관리종목지정사유발생),20200914900399,Y,[원문확인-보고서제목] 반기검토의견부적정등사실확인(자본잠식률50%이상 또는 자기자본10억원미만),,,,재무(Y)
00136101,메이슨캐피탈,20150622,시장조치(복합),내부결산시점관리종목지정ㆍ형식적상장폐지ㆍ상장적격성실질심사사유발생,20150622900399,Y,"자본잠식,자기자본,영업손실",,,,재무(Y)
00136101,메이슨캐피탈,20200514,시장조치(복합),내부결산시점관리종목지정ㆍ형식적상장폐지ㆍ상장적격성실질심사사유발생,20200514900854,Y,"자본잠식,자기자본,영업손실",,,,재무(Y)
00136101,메이슨캐피탈,20200618,관리종목,주권매매거래정지(관리종목지정사유발생),20200618900414,Y,"[자동승계:35일 전 판정 '자본잠식,자기자본,영업손실' 상속]",,,,재무(Y)
00136341,신성통상,20250717,상장폐지,상장폐지결정,20250717800316,N,자진 상장폐지,,,,비재무(N)
00136642,에스유앤피,20170216,시장조치(복합),내부결산시점관리종목지정ㆍ형식적상장폐지ㆍ상장적격성실질심사사유발생,20170216900732,Y,"자본잠식,자기자본,영업손실",,,,재무(Y)
00136642,에스유앤피,20170322,관리종목,주권매매거래정지(관리종목지정사유발생),20170322900686,Y,"[자동승계:34일 전 판정 '자본잠식,자기자본,영업손실' 상속]",,,,재무(Y)
00136642,에스유앤피,20180321,상장폐지,주권매매거래정지(상장폐지 사유발생),20180321901055,Y,"[자동승계:398일 전 판정 '자본잠식,자기자본,영업손실' 상속]",,,,재무(Y)
00136642,에스유앤피,20240319,상장폐지,주권매매거래정지기간변경              (상장폐지 사유 발생),20240319901240,Y,의견거절,,,,재무(Y)
00136642,에스유앤피,20250123,상장폐지,주권매매거래정지기간변경              (상장폐지 사유 발생),20250123901145,Y,[자동승계:310일 전 판정 '의견거절' 상속],,,,재무(Y)
00136642,에스유앤피,20250314,시장조치(복합),내부결산시점관리종목지정ㆍ형식적상장폐지ㆍ상장적격성실질심사사유발생,20250314901813,Y,"자본잠식,자기자본",,,,재무(Y)
00137012,에스앤더블류,20200212,시장조치(복합),내부결산시점관리종목지정ㆍ형식적상장폐지ㆍ상장적격성실질심사사유발생,20200212900675,Y,"자본잠식,자기자본,영업손실",,,,재무(Y)
00137012,에스앤더블류,20200318,관리종목,주권매매거래정지(관리종목지정사유발생),20200318900671,Y,"[자동승계:35일 전 판정 '자본잠식,자기자본,영업손실' 상속]",,,,재무(Y)
00137012,에스앤더블류,20210215,시장조치(복합),내부결산시점관리종목지정ㆍ형식적상장폐지ㆍ상장적격성실질심사사유발생,20210215900493,Y,"자본잠식,자기자본,영업손실",,,,재무(Y)
00137012,에스앤더블류,20220211,시장조치(복합),내부결산시점관리종목지정ㆍ형식적상장폐지ㆍ상장적격성실질심사사유발생,20220211900480,Y,"자본잠식,자기자본,영업손실",,,,재무(Y)
00138303,아이티센엔텍,20180208,시장조치(복합),내부결산시점관리종목지정ㆍ형식적상장폐지ㆍ상장적격성실질심사사유발생,20180208900051,Y,"자본잠식,자기자본,영업손실",,,,재무(Y)
00138303,아이티센엔텍,20180319,관리종목,주권매매거래정지(관리종목지정사유발생),20180319900786,Y,"[자동승계:39일 전 판정 '자본잠식,자기자본,영업손실' 상속]",,,,재무(Y)
00140858,와이엠,20190321,상장폐지,주권매매거래정지(상장폐지 사유발생),20190321901735,Y,[원문확인-시장안내] 감사범위제한으로 인한 한정(감사의견),,,,재무(Y)
00140964,영원무역홀딩스,20220511,상장폐지,주요사항보고서(해외증권시장주권등상장폐지결정)(자회사의 주요경영사항),20220511800616,N,"[도메인판단, 원문미확인] 자회사/종속회사의 해외상장폐지 보고 - 상장사 본인(모회사)의 재무부실과 무관. 모회사는 대형 우량기업.",,,,비재무(N)
00141608,오리엔탈정공,20150205,시장조치(복합),내부결산시점관리종목지정ㆍ형식적상장폐지ㆍ상장적격성실질심사사유발생,20150205900210,Y,"자본잠식,자기자본,영업손실",,,,재무(Y)
00141608,오리엔탈정공,20150312,관리종목,주권매매거래정지(관리종목지정사유발생),20150312901022,Y,"[자동승계:35일 전 판정 '자본잠식,자기자본,영업손실' 상속]",,,,재무(Y)
00141608,오리엔탈정공,20170209,시장조치(복합),내부결산시점관리종목지정ㆍ형식적상장폐지ㆍ상장적격성실질심사사유발생,20170209901092,Y,"자본잠식,자기자본,영업손실",,,,재무(Y)
00141608,오리엔탈정공,20170316,관리종목,주권매매거래정지(관리종목지정사유발생),20170316901530,Y,"[자동승계:35일 전 판정 '자본잠식,자기자본,영업손실' 상속]",,,,재무(Y)
00144021,원풍물산,20220214,시장조치(복합),내부결산시점관리종목지정ㆍ형식적상장폐지ㆍ상장적격성실질심사사유발생,20220214901196,Y,"자본잠식,자기자본,영업손실",,,,재무(Y)
00144021,원풍물산,20260908,상장폐지,주권매매거래정지              (상장폐지사유 발생),20260908900687,,"[원문확인, 애매] 시가총액 200억원 미달 - 재무사유 정의(자본잠식/매출액미달/영업손실지속)에 명확히 해당 안 함, 판단 필요",Y,,,별도-시가총액미달
00144395,동서,20160229,상장폐지,상장폐지승인을위한의안상정결정,20160229900893,N,[원문확인] 유가증권시장(코스피) 이전상장,,,,비재무(N)
00144395,동서,20160707,상장폐지,상장폐지결정,20160707900209,N,[원문확인] 유가증권시장(코스피) 이전상장 확정,,,,비재무(N)
00144766,호반산업,20150313,시장조치(복합),내부결산시점관리종목지정ㆍ형식적상장폐지ㆍ상장적격성실질심사사유발생,20150313901469,Y,"자본잠식,자기자본,영업손실",,,,재무(Y)
00145668,이화공영,20250402,상장폐지,주권매매거래정지기간변경              (상장폐지 사유 발생),20250402900415,Y,"감사의견,의견거절,계속기업",,,,재무(Y)
00145668,이화공영,20260521,상장폐지,주권매매거래정지기간변경              (상장폐지 사유 발생),20260521900688,Y,"[자동승계:414일 전 판정 '감사의견,의견거절,계속기업' 상속]",,,,재무(Y)
00145738,이화전기공업,20231208,상장폐지,주권매매거래정지기간변경(상장폐지사유 발생),20231208900712,,"[원문확인-시장안내, 새 카테고리] 횡령ㆍ배임 혐의 발생 - 팀 판단 필요",Y,,,별도-횡령·배임
00145738,이화전기공업,20240321,상장폐지,주권매매거래정지기간변경              (상장폐지 사유 발생),20240321902839,Y,"[원문확인-시장안내, 새 카테고리] 횡령ㆍ배임 혐의 발생 - 팀 판단 필요",,,,재무(Y)
00146427,한주에이알티,20210205,시장조치(복합),내부결산시점관리종목지정ㆍ형식적상장폐지ㆍ상장적격성실질심사사유발생,20210205901068,Y,"자본잠식,자기자본,영업손실",,,,재무(Y)
00148364,하림지주,20210614,상장폐지,주요사항보고서(해외증권시장주권등상장폐지결정)(자회사의 주요경영사항),20210614900076,N,"[도메인판단, 원문미확인] 자회사/종속회사의 해외상장폐지 보고 - 상장사 본인(모회사)의 재무부실과 무관. 모회사는 대형 우량기업.",,,,비재무(N)
00148364,하림지주,20211119,상장폐지,상장폐지결정(자회사의 주요경영사항),20211119900496,N,자진상장폐지,,,,비재무(N)
00148531,제이스코홀딩스,20260323,상장폐지,주권매매거래정지기간변경              (상장폐지 사유 발생),20260323902737,Y,"의견거절,계속기업",,,,재무(Y)
00149266,씨앤에이치,20250228,시장조치(복합),내부결산시점관리종목지정ㆍ형식적상장폐지ㆍ상장적격성실질심사사유발생,20250228901619,Y,"자본잠식,자기자본",,,,재무(Y)
00149266,씨앤에이치,20250310,상장폐지,주권매매거래정지기간변경              (상장폐지 사유 발생),20250310901491,Y,"[자동승계:10일 전 판정 '자본잠식,자기자본' 상속]",,,,재무(Y)
00155212,포스코DX,20230823,상장폐지,상장폐지승인을위한의안상정결정,20230823900217,N,[원문확인] 유가증권시장 이전상장,,,,비재무(N)
00155212,포스코DX,20231213,상장폐지,상장폐지결정,20231213900857,N,[원문확인] 유가증권시장 이전상장,,,,비재무(N)
00155276,포스코퓨처엠,20190227,상장폐지,상장폐지승인을위한의안상정결정,20190227901081,N,[원문확인] 유가증권시장 이전상장(당시 포스코켐텍),,,,비재무(N)
00155276,포스코퓨처엠,20190523,상장폐지,상장폐지결정,20190523900356,N,[원문확인] 유가증권시장 이전상장(당시 포스코켐텍),,,,비재무(N)
00155382,바이오빌,20190325,상장폐지,주권매매거래정지기간변경(상장폐지 사유 발생),20190325901096,Y,"감사의견,의견거절,계속기업",,,,재무(Y)
00155382,바이오빌,20200330,상장폐지,주권매매거래정지기간변경(상장폐지 사유 발생),20200330906305,Y,"감사의견,의견거절,계속기업",,,,재무(Y)
00156600,한주라이트메탈,20161209,상장폐지,상장폐지결정,20161209600768,N,자진 상장폐지,,,,비재무(N)
00158325,NICE평가정보,20230310,상장폐지,상장폐지승인을위한의안상정결정,20230310900679,N,[원문확인] 유가증권시장 이전상장,,,,비재무(N)
00158325,NICE평가정보,20230801,상장폐지,상장폐지결정,20230801900171,N,"[패턴추정, 개별미확인] 대형 우량기업/선박투자회사 - 33개 원문 샘플 전부 이전상장/자진상장폐지(공개매수)/합병/펀드만기청산으로 확인됨. 같은 계열로 추정. 시간 제약상 개별 원문은 미확인.",Y-패턴추정,,,비재무(N)
00159005,생고뱅코리아홀딩스,20180919,상장폐지,상장폐지결정,20180919800435,N,자진 상장폐지,,,,비재무(N)
00162461,한화솔루션,20181016,상장폐지,해외증권시장주권등상장폐지결정(종속회사의주요경영사항),20181016800103,N,"[도메인판단, 원문미확인] 자회사/종속회사의 해외상장폐지 보고 - 상장사 본인(모회사)의 재무부실과 무관. 모회사는 대형 우량기업.",,,,비재무(N)
00164362,행남사,20180212,시장조치(복합),내부결산시점관리종목지정ㆍ형식적상장폐지ㆍ상장적격성실질심사사유발생,20180212900935,Y,"자본잠식,자기자본,영업손실",,,,재무(Y)
00164362,행남사,20180322,관리종목,주권매매거래정지(관리종목지정사유발생),20180322901219,Y,"[자동승계:38일 전 판정 '자본잠식,자기자본,영업손실' 상속]",,,,재무(Y)
00164362,행남사,20191028,상장폐지,주권매매거래정지기간변경(상장폐지 사유 발생),20191028900508,Y,"[자동승계:623일 전 판정 '자본잠식,자기자본,영업손실' 상속]",,,,재무(Y)
00164362,행남사,20200228,시장조치(복합),내부결산시점관리종목지정ㆍ형식적상장폐지ㆍ상장적격성실질심사사유발생,20200228901472,Y,"자본잠식,자기자본,영업손실",,,,재무(Y)
00164362,행남사,20200401,상장폐지,주권매매거래정지기간변경(상장폐지 사유 발생),20200401901072,Y,의견거절,,,,재무(Y)
00164362,행남사,20210216,시장조치(복합),내부결산시점관리종목지정ㆍ형식적상장폐지ㆍ상장적격성실질심사사유발생,20210216900845,Y,"자본잠식,자기자본,영업손실",,,,재무(Y)
00164618,현대사료,20240229,시장조치(복합),내부결산시점관리종목지정ㆍ형식적상장폐지ㆍ상장적격성실질심사사유발생,20240229901374,Y,"자본잠식,자기자본",,,,재무(Y)
00164618,현대사료,20240321,상장폐지,주권매매거래정지기간변경              (상장폐지 사유 발생),20240321902870,Y,"의견거절,계속기업",,,,재무(Y)
00164618,현대사료,20250804,상장폐지,주권매매거래정지기간변경              (상장폐지 사유 발생),20250804900427,Y,"[자동승계:501일 전 판정 '의견거절,계속기업' 상속]",,,,재무(Y)
00166333,화신테크,20200429,상장폐지,주권매매거래정지기간변경(상장폐지사유 발생),20200429901240,Y,의견거절,,,,재무(Y)
00166333,화신테크,20210331,상장폐지,주권매매거래정지기간변경(상장폐지 사유 발생),20210331902809,Y,"감사의견,의견거절,계속기업",,,,재무(Y)
00171265,파라다이스,20240306,상장폐지,상장폐지승인을위한의안상정결정,20240306900741,N,[원문확인] 유가증권시장 이전상장,,,,비재무(N)
00171265,파라다이스,20240617,상장폐지,상장폐지결정,20240617900126,N,"[패턴추정, 개별미확인] 대형 우량기업/선박투자회사 - 33개 원문 샘플 전부 이전상장/자진상장폐지(공개매수)/합병/펀드만기청산으로 확인됨. 같은 계열로 추정. 시간 제약상 개별 원문은 미확인.",Y-패턴추정,,,비재무(N)
00172079,HLB파나진,20200211,시장조치(복합),내부결산시점관리종목지정ㆍ형식적상장폐지ㆍ상장적격성실질심사사유발생,20200211900680,Y,"자본잠식,자기자본,영업손실",,,,재무(Y)
00172079,HLB파나진,20200318,관리종목,주권매매거래정지(관리종목지정사유발생),20200318901047,Y,"[자동승계:36일 전 판정 '자본잠식,자기자본,영업손실' 상속]",,,,재무(Y)
00172945,동일스틸럭스,20160129,시장조치(복합),내부결산시점관리종목지정ㆍ형식적상장폐지ㆍ상장적격성실질심사사유발생,20160129900759,Y,"자본잠식,자기자본,영업손실",,,,재무(Y)
00172945,동일스틸럭스,20160317,관리종목,주권매매거래정지(관리종목지정사유발생),20160317901265,Y,"[자동승계:48일 전 판정 '자본잠식,자기자본,영업손실' 상속]",,,,재무(Y)
00172945,동일스틸럭스,20240213,시장조치(복합),내부결산시점관리종목지정ㆍ형식적상장폐지ㆍ상장적격성실질심사사유발생,20240213900588,Y,"자본잠식,자기자본",,,,재무(Y)
00173449,빌리언스,20180213,시장조치(복합),내부결산시점관리종목지정ㆍ형식적상장폐지ㆍ상장적격성실질심사사유발생,20180213900789,Y,"자본잠식,자기자본,영업손실",,,,재무(Y)
00173449,빌리언스,20200814,관리종목,주권매매거래정지(관리종목지정사유발생),20200814902441,Y,"[자동승계:913일 전 판정 '자본잠식,자기자본,영업손실' 상속]",,,,재무(Y)
00173731,씨앤에스자산관리,20180315,시장조치(복합),내부결산시점관리종목지정ㆍ형식적상장폐지ㆍ상장적격성실질심사사유발생,20180315902181,Y,"자본잠식,자기자본,영업손실",,,,재무(Y)
00173731,씨앤에스자산관리,20180322,상장폐지,주권매매거래정지기간변경(상장폐지 사유 발생),20180322901701,Y,"감사의견,의견거절,계속기업",,,,재무(Y)
00175650,케이씨더블류,20150827,상장폐지,주권매매거래정지기간변경(상장폐지 사유 발생),20150827900578,,"[원문확인, 사유불명] 실질심사 대상결정 - 종합적 요건이라고만 함, 구체적 사유 비공개",Y,,,별도-사유비공개(실질심사)
00180263,리더스코스메틱,20220210,시장조치(복합),내부결산시점관리종목지정ㆍ형식적상장폐지ㆍ상장적격성실질심사사유발생,20220210900711,Y,"자본잠식,자기자본,영업손실",,,,재무(Y)
00180263,리더스코스메틱,20220321,관리종목,주권매매거래정지(관리종목지정사유발생),20220321901636,Y,"[자동승계:39일 전 판정 '자본잠식,자기자본,영업손실' 상속]",,,,재무(Y)
00180865,디에이치엑스컴퍼니,20260316,시장조치(복합),내부결산시점관리종목지정ㆍ형식적상장폐지ㆍ상장적격성실질심사사유발생,20260316902630,Y,"자본잠식,자기자본,영업손실",,,,재무(Y)
00180865,디에이치엑스컴퍼니,20260403,상장폐지,주권매매거래정지기간변경              (상장폐지 사유 발생),20260403901517,Y,의견거절,,,,재무(Y)
00181712,SK,20230623,상장폐지,주요사항보고서(해외증권시장주권등상장폐지결정)(자회사의 주요경영사항),20230623800003,N,"[도메인판단, 원문미확인] 자회사/종속회사의 해외상장폐지 보고 - 상장사 본인(모회사)의 재무부실과 무관. 모회사는 대형 우량기업.",,,,비재무(N)
00185505,제일바이오,20240321,상장폐지,주권매매거래정지기간변경              (상장폐지 사유 발생),20240321902867,Y,감사의견,,,,재무(Y)
00185505,제일바이오,20250108,상장폐지,주권매매거래정지기간변경              (상장폐지 사유 발생),20250108900775,Y,감사의견,,,,재무(Y)
00186452,광무,20220208,시장조치(복합),내부결산시점관리종목지정ㆍ형식적상장폐지ㆍ상장적격성실질심사사유발생,20220208900798,Y,"자본잠식,자기자본,영업손실",,,,재무(Y)
00186452,광무,20220318,관리종목,주권매매거래정지(관리종목지정사유발생),20220318900758,Y,"[자동승계:38일 전 판정 '자본잠식,자기자본,영업손실' 상속]",,,,재무(Y)
00186799,태웅,20210322,상장폐지,주권매매거래정지기간변경(상장폐지 사유 발생),20210322901787,Y,[원문확인] 감사범위제한으로 인한 한정(감사의견),,,,재무(Y)
00188715,현진소재,20180205,시장조치(복합),내부결산시점관리종목지정ㆍ형식적상장폐지ㆍ상장적격성실질심사사유발생,20180205901205,Y,"자본잠식,자기자본,영업손실",,,,재무(Y)
00188715,현진소재,20200228,시장조치(복합),내부결산시점관리종목지정ㆍ형식적상장폐지ㆍ상장적격성실질심사사유발생,20200228901176,Y,"자본잠식,자기자본,영업손실",,,,재무(Y)
00188715,현진소재,20200402,상장폐지,주권매매거래정지기간변경(상장폐지 사유 발생),20200402900973,Y,"감사의견,의견거절,계속기업",,,,재무(Y)
00188715,현진소재,20210302,시장조치(복합),내부결산시점관리종목지정ㆍ형식적상장폐지ㆍ상장적격성실질심사사유발생,20210302901010,Y,"자본잠식,자기자본,영업손실",,,,재무(Y)
00188715,현진소재,20210331,상장폐지,주권매매거래정지기간변경(상장폐지 사유 발생 및 상장적격성 실질심사 대상(사유발생)),20210331903144,Y,"감사의견,의견거절,계속기업",,,,재무(Y)
00188715,현진소재,20210823,상장폐지,주권매매거래정지기간변경(상장폐지 사유 발생),20210823900554,Y,감사의견,,,,재무(Y)
00194275,코너스톤네트웍스,20180214,시장조치(복합),내부결산시점관리종목지정ㆍ형식적상장폐지ㆍ상장적격성실질심사사유발생,20180214901125,Y,"자본잠식,자기자본,영업손실",,,,재무(Y)
00194275,코너스톤네트웍스,20200228,시장조치(복합),내부결산시점관리종목지정ㆍ형식적상장폐지ㆍ상장적격성실질심사사유발생,20200228901450,Y,"자본잠식,자기자본,영업손실",,,,재무(Y)
00194275,코너스톤네트웍스,20200320,상장폐지,주권매매거래정지기간변경(상장폐지 사유 발생),20200320902482,Y,"의견거절,계속기업",,,,재무(Y)
00194275,코너스톤네트웍스,20210316,시장조치(복합),내부결산시점관리종목지정ㆍ형식적상장폐지ㆍ상장적격성실질심사사유발생,20210316902181,Y,"자본잠식,자기자본,영업손실",,,,재무(Y)
00194275,코너스톤네트웍스,20210330,상장폐지,주권매매거래정지기간변경(상장폐지 사유 발생 및 상장적격성 실질심사 대상(사유발생)),20210330902420,Y,"감사의견,의견거절,계속기업",,,,재무(Y)
00199252,HLB,20231017,상장폐지,상장폐지승인을위한의안상정결정,20231017900167,N,[원문확인] 유가증권시장 이전상장,,,,비재무(N)
00201432,비츠로시스,20190701,상장폐지,주권매매거래정지기간변경(상장폐지 사유 발생),20190701900731,Y,"감사의견,의견거절,계속기업",,,,재무(Y)
00201432,비츠로시스,20200515,시장조치(복합),내부결산시점관리종목지정ㆍ형식적상장폐지ㆍ상장적격성실질심사사유발생,20200515902816,Y,"자본잠식,자기자본,영업손실",,,,재무(Y)
00201432,비츠로시스,20200706,상장폐지,주권매매거래정지기간변경(상장폐지 사유 발생),20200706900492,Y,"의견거절,계속기업",,,,재무(Y)
00201432,비츠로시스,20210216,상장폐지,주권매매거래정지기간변경(상장폐지 사유 발생),20210216900986,Y,"[자동승계:225일 전 판정 '의견거절,계속기업' 상속]",,,,재무(Y)
00201432,비츠로시스,20210503,시장조치(복합),내부결산시점관리종목지정ㆍ형식적상장폐지ㆍ상장적격성실질심사사유발생,20210503900394,Y,"자본잠식,자기자본,영업손실",,,,재무(Y)
00201432,비츠로시스,20211125,상장폐지,주권매매거래정지기간변경(상장폐지 사유 발생),20211125900635,Y,감사의견,,,,재무(Y)
00201788,제낙스,20200313,시장조치(복합),내부결산시점관리종목지정ㆍ형식적상장폐지ㆍ상장적격성실질심사사유발생,20200313901480,Y,"자본잠식,자기자본,영업손실",,,,재무(Y)
00201788,제낙스,20200327,상장폐지,주권매매거래정지기간변경(상장폐지 사유 발생),20200327903901,Y,"감사의견,의견거절,계속기업",,,,재무(Y)
00201788,제낙스,20210305,시장조치(복합),내부결산시점관리종목지정ㆍ형식적상장폐지ㆍ상장적격성실질심사사유발생,20210305900987,Y,"자본잠식,자기자본,영업손실",,,,재무(Y)
00201788,제낙스,20210316,상장폐지,주권매매거래정지기간변경(상장폐지 사유 발생 및 상장적격성 실질심사 대상(사유발생)),20210316902168,Y,"감사의견,의견거절,계속기업",,,,재무(Y)
00202778,썬코어,20170215,시장조치(복합),내부결산시점관리종목지정ㆍ형식적상장폐지ㆍ상장적격성실질심사사유발생,20170215900360,Y,"자본잠식,자기자본,영업손실",,,,재무(Y)
00202778,썬코어,20170824,상장폐지,주권매매거래정지기간변경(상장폐지 사유 발생),20170824900410,Y,감사의견,,,,재무(Y)
00203315,콘텐트리중앙,20190509,상장폐지,상장폐지승인을위한의안상정결정,20190509900284,N,[원문확인] 유가증권시장 이전상장(당시 제이콘텐트리),,,,비재무(N)
00203315,콘텐트리중앙,20191014,상장폐지,상장폐지결정,20191014900218,N,"[패턴추정, 개별미확인] 대형 우량기업/선박투자회사 - 33개 원문 샘플 전부 이전상장/자진상장폐지(공개매수)/합병/펀드만기청산으로 확인됨. 같은 계열로 추정. 시간 제약상 개별 원문은 미확인.",Y-패턴추정,,,비재무(N)
00205003,좋은사람들,20210322,상장폐지,주권매매거래정지기간변경(상장폐지 사유 발생),20210322901791,Y,"감사의견,의견거절",,,,재무(Y)
00205003,좋은사람들,20220322,상장폐지,주권매매거래정지기간변경(상장폐지 사유 발생),20220322901285,Y,"감사의견,의견거절",,,,재무(Y)
00205003,좋은사람들,20220816,상장폐지,주권매매거래정지기간변경(상장폐지 사유 발생),20220816902146,Y,감사의견,,,,재무(Y)
00205687,더라미,20150216,시장조치(복합),내부결산시점관리종목지정ㆍ형식적상장폐지ㆍ상장적격성실질심사사유발생,20150216900718,Y,"자본잠식,자기자본,영업손실",,,,재무(Y)
00205687,더라미,20150410,상장폐지,주권매매거래정지기간변경(상장폐지사유 발생 ),20150410900797,Y,"감사의견,의견거절,계속기업",,,,재무(Y)
00205687,더라미,20160215,시장조치(복합),내부결산시점관리종목지정ㆍ형식적상장폐지ㆍ상장적격성실질심사사유발생,20160215900966,Y,"자본잠식,자기자본,영업손실",,,,재무(Y)
00205687,더라미,20220321,상장폐지,주권매매거래정지기간변경(상장폐지 사유 발생),20220321902021,Y,의견거절,,,,재무(Y)
00205687,더라미,20230724,상장폐지,주권매매거래정지기간변경(상장폐지사유 발생),20230724900579,Y,[자동승계:490일 전 판정 '의견거절' 상속],,,,재무(Y)
00207223,위너지스,20170228,시장조치(복합),내부결산시점관리종목지정ㆍ형식적상장폐지ㆍ상장적격성실질심사사유발생,20170228901236,Y,"자본잠식,자기자본,영업손실",,,,재무(Y)
00207223,위너지스,20180328,상장폐지,주권매매거래정지(상장폐지 사유발생),20180328901838,Y,"[자동승계:393일 전 판정 '자본잠식,자기자본,영업손실' 상속]",,,,재무(Y)
00215976,무궁화인포메이션테크놀로지,20160229,시장조치(복합),내부결산시점관리종목지정ㆍ형식적상장폐지ㆍ상장적격성실질심사사유발생,20160229900770,Y,[원문확인-보고서제목] 반기검토의견부적정등사실확인(자본잠식률50%이상 또는 자기자본10억원미만),,,,재무(Y)
00215976,무궁화인포메이션테크놀로지,20180510,상장폐지,주권매매거래정지기간변경(상장폐지 사유 발생 ),20180510900835,Y,[원문확인-보고서제목] 반기검토의견부적정등사실확인(자본잠식률50%이상 또는 자기자본10억원미만),,,,재무(Y)
00215976,무궁화인포메이션테크놀로지,20200814,관리종목,주권매매거래정지(관리종목지정사유발생),20200814903043,Y,[원문확인-보고서제목] 반기검토의견부적정등사실확인(자본잠식률50%이상 또는 자기자본10억원미만),,,,재무(Y)
00215976,무궁화인포메이션테크놀로지,20210330,상장폐지,주권매매거래정지기간변경(상장폐지 사유 발생),20210330902446,Y,[원문확인-보고서제목] 반기검토의견부적정등사실확인(자본잠식률50%이상 또는 자기자본10억원미만),,,,재무(Y)
00215976,무궁화인포메이션테크놀로지,20210817,상장폐지,주권매매거래정지기간변경(상장폐지 사유 발생),20210817901935,Y,[원문확인-보고서제목] 반기검토의견부적정등사실확인(자본잠식률50%이상 또는 자기자본10억원미만),,,,재무(Y)
00215976,무궁화인포메이션테크놀로지,20220321,상장폐지,주권매매거래정지기간변경(상장폐지 사유 발생 및 상장적격성 실질심사 대상(사유발생)),20220321902129,Y,[원문확인-보고서제목] 반기검토의견부적정등사실확인(자본잠식률50%이상 또는 자기자본10억원미만),,,,재무(Y)
00215976,무궁화인포메이션테크놀로지,20220816,상장폐지,주권매매거래정지기간변경(상장폐지 사유 발생),20220816900574,Y,[원문확인-보고서제목] 반기검토의견부적정등사실확인(자본잠식률50%이상 또는 자기자본10억원미만),,,,재무(Y)
00215976,무궁화인포메이션테크놀로지,20230228,시장조치(복합),내부결산시점관리종목지정ㆍ형식적상장폐지ㆍ상장적격성실질심사사유발생,20230228901487,Y,[원문확인-보고서제목] 반기검토의견부적정등사실확인(자본잠식률50%이상 또는 자기자본10억원미만),,,,재무(Y)
00215976,무궁화인포메이션테크놀로지,20240726,상장폐지,주권매매거래정지기간변경              (상장폐지사유 발생),20240726900848,Y,[원문확인-보고서제목] 반기검토의견부적정등사실확인(자본잠식률50%이상 또는 자기자본10억원미만),,,,재무(Y)
00216434,체리부로,20220321,관리종목,주권매매거래정지(관리종목지정사유발생),20220321901888,Y,"[추정-원문근거] 영업이익은 흑자이나 공정위 과징금 등으로 법인세비용차감전계속사업손실 269억 vs 자기자본 470억 = 약57%(50%초과) → 손실률 요건 추정. 내부결산 보고서 표 자체는 못 찾음, 확인 권장",Y-추정,,,재무(Y)
00220109,알파AI,20190201,시장조치(복합),내부결산시점관리종목지정ㆍ형식적상장폐지ㆍ상장적격성실질심사사유발생,20190201901016,Y,[원문확인-시장안내] 감사범위제한 및 계속기업존속능력불확실성으로 인한 의견거절(감사의견),,,,재무(Y)
00220109,알파AI,20190319,관리종목,주권매매거래정지(관리종목지정사유발생),20190319900562,Y,[원문확인-시장안내] 감사범위제한 및 계속기업존속능력불확실성으로 인한 의견거절(감사의견),,,,재무(Y)
00220109,알파AI,20200214,시장조치(복합),내부결산시점관리종목지정ㆍ형식적상장폐지ㆍ상장적격성실질심사사유발생,20200214900849,Y,[원문확인-시장안내] 감사범위제한 및 계속기업존속능력불확실성으로 인한 의견거절(감사의견),,,,재무(Y)
00220109,알파AI,20200713,상장폐지,주권매매거래정지기간변경(상장폐지 사유 발생),20200713900443,Y,[원문확인-시장안내] 감사범위제한 및 계속기업존속능력불확실성으로 인한 의견거절(감사의견),,,,재무(Y)
00220109,알파AI,20260407,상장폐지,주권매매거래정지기간변경              (상장폐지 사유 발생),20260407901216,Y,[원문확인-시장안내] 감사범위제한 및 계속기업존속능력불확실성으로 인한 의견거절(감사의견),,,,재무(Y)
00222806,에임하이글로벌,20180226,시장조치(복합),내부결산시점관리종목지정ㆍ형식적상장폐지ㆍ상장적격성실질심사사유발생,20180226900930,Y,"자본잠식,자기자본,영업손실",,,,재무(Y)
00222806,에임하이글로벌,20180322,상장폐지,주권매매거래정지기간변경(상장폐지 사유 발생),20180322901695,Y,"[자동승계:24일 전 판정 '자본잠식,자기자본,영업손실' 상속]",,,,재무(Y)
00226228,한프,20150203,시장조치(복합),내부결산시점관리종목지정ㆍ형식적상장폐지ㆍ상장적격성실질심사사유발생,20150203900642,Y,"자본잠식,자기자본,영업손실",,,,재무(Y)
00226228,한프,20150319,관리종목,주권매매거래정지(관리종목지정사유발생),20150319901072,Y,"[자동승계:44일 전 판정 '자본잠식,자기자본,영업손실' 상속]",,,,재무(Y)
00226228,한프,20200217,시장조치(복합),내부결산시점관리종목지정ㆍ형식적상장폐지ㆍ상장적격성실질심사사유발생,20200217900336,Y,"자본잠식,자기자본,영업손실",,,,재무(Y)
00226228,한프,20200513,상장폐지,주권매매거래정지기간변경(상장폐지 사유 발생),20200513900639,Y,의견거절,,,,재무(Y)
00226228,한프,20210304,시장조치(복합),내부결산시점관리종목지정ㆍ형식적상장폐지ㆍ상장적격성실질심사사유발생,20210304900907,Y,"자본잠식,자기자본,영업손실",,,,재무(Y)
00226228,한프,20210406,상장폐지,주권매매거래정지기간변경(상장폐지 사유 발생),20210406900259,Y,"감사의견,의견거절",,,,재무(Y)
00226228,한프,20210813,상장폐지,주권매매거래정지기간변경(상장폐지 사유 발생),20210813901461,Y,감사의견,,,,재무(Y)
00226228,한프,20220310,시장조치(복합),내부결산시점관리종목지정ㆍ형식적상장폐지ㆍ상장적격성실질심사사유발생,20220310901083,Y,"자본잠식,자기자본,영업손실",,,,재무(Y)
00230036,드래곤플라이,20250314,시장조치(복합),내부결산시점관리종목지정ㆍ형식적상장폐지ㆍ상장적격성실질심사사유발생,20250314902037,Y,"자본잠식,자기자본",,,,재무(Y)
00230036,드래곤플라이,20250410,상장폐지,주권매매거래정지기간변경              (상장폐지 사유 발생),20250410901040,Y,"감사의견,의견거절,계속기업",,,,재무(Y)
00230036,드래곤플라이,20260316,시장조치(복합),내부결산시점관리종목지정ㆍ형식적상장폐지ㆍ상장적격성실질심사사유발생,20260316902537,Y,"자본잠식,자기자본,영업손실",,,,재무(Y)
00230814,휴림에이텍,20210323,상장폐지,주권매매거래정지기간변경(상장폐지사유 발생),20210323901653,Y,의견거절,,,,재무(Y)
00230814,휴림에이텍,20210901,상장폐지,주권매매거래정지기간변경(상장폐지 사유 발생),20210901900560,Y,"감사의견,의견거절",,,,재무(Y)
00231691,판타지오,20220127,시장조치(복합),내부결산시점관리종목지정ㆍ형식적상장폐지ㆍ상장적격성실질심사사유발생,20220127900639,Y,"자본잠식,자기자본,영업손실",,,,재무(Y)
00231691,판타지오,20220318,관리종목,주권매매거래정지(관리종목지정사유발생),20220318900863,Y,"[자동승계:50일 전 판정 '자본잠식,자기자본,영업손실' 상속]",,,,재무(Y)
00232007,상지건설,20150312,시장조치(복합),내부결산시점관리종목지정ㆍ형식적상장폐지ㆍ상장적격성실질심사사유발생,20150312901842,Y,"자본잠식,자기자본,영업손실",,,,재무(Y)
00232007,상지건설,20150323,관리종목,주권매매거래정지(관리종목지정사유발생),20150323900725,Y,"[자동승계:11일 전 판정 '자본잠식,자기자본,영업손실' 상속]",,,,재무(Y)
00232007,상지건설,20170323,관리종목,주권매매거래정지(관리종목지정사유발생),20170323900886,Y,"[자동승계:742일 전 판정 '자본잠식,자기자본,영업손실' 상속]",,,,재무(Y)
00232089,바이온,20250703,상장폐지,주권매매거래정지기간변경              (상장폐지 사유 발생),20250703900689,Y,[원문확인] 감사의견은 적정이나 사채원리금 미지급(디폴트) 발생 + 2년 연속 대규모 영업손실(-66억→-33억). 영업손실 지속으로 판단,,,,재무(Y)
00232089,바이온,20260213,시장조치(복합),내부결산시점관리종목지정ㆍ형식적상장폐지ㆍ상장적격성실질심사사유발생,20260213902136,Y,[원문확인] 감사의견은 적정이나 사채원리금 미지급(디폴트) 발생 + 2년 연속 대규모 영업손실(-66억→-33억). 영업손실 지속으로 판단,,,,재무(Y)
00232496,씨그널엔터테인먼트그룹,20170316,시장조치(복합),내부결산시점관리종목지정ㆍ형식적상장폐지ㆍ상장적격성실질심사사유발생,20170316901472,Y,"자본잠식,자기자본,영업손실",,,,재무(Y)
00232496,씨그널엔터테인먼트그룹,20170330,관리종목,주권매매거래정지(관리종목지정사유발생),20170330902068,Y,"[자동승계:14일 전 판정 '자본잠식,자기자본,영업손실' 상속]",,,,재무(Y)
00232496,씨그널엔터테인먼트그룹,20180321,상장폐지,주권매매거래정지기간변경(상장폐지 사유 발생),20180321901058,Y,"[자동승계:370일 전 판정 '자본잠식,자기자본,영업손실' 상속]",,,,재무(Y)
00233653,한국토지신탁,20160314,상장폐지,상장폐지승인을위한의안상정결정,20160314900760,N,"[패턴추정, 개별미확인] 대형 우량기업/선박투자회사 - 33개 원문 샘플 전부 이전상장/자진상장폐지(공개매수)/합병/펀드만기청산으로 확인됨. 같은 계열로 추정. 시간 제약상 개별 원문은 미확인.",Y-패턴추정,,,비재무(N)
00233653,한국토지신탁,20160704,상장폐지,상장폐지결정,20160704900133,N,"[패턴추정, 개별미확인] 대형 우량기업/선박투자회사 - 33개 원문 샘플 전부 이전상장/자진상장폐지(공개매수)/합병/펀드만기청산으로 확인됨. 같은 계열로 추정. 시간 제약상 개별 원문은 미확인.",Y-패턴추정,,,비재무(N)
00235147,에이팸,20201203,상장폐지,주권매매거래정지기간변경(상장폐지사유 발생),20201203900521,,"[원문확인, 새 카테고리] 상장규정 제38조2항5호나목 인용 - 이매진아시아와 동일 조항(횡령ㆍ배임 유형). 팀 판단 필요",Y,,,별도-횡령·배임
00238977,에스엠화진,20181122,상장폐지,주권매매거래정지기간변경(상장폐지 사유 발생),20181122900761,,"[원문확인-시장안내, 새 카테고리] 횡령ㆍ배임 혐의 발생(나목) - 팀 판단 필요",Y,,,별도-횡령·배임
00238977,에스엠화진,20190329,상장폐지,주권매매거래정지기간변경(상장폐지 사유 발생),20190329904001,Y,"[원문확인-시장안내, 새 카테고리] 횡령ㆍ배임 혐의 발생(나목) - 팀 판단 필요",,,,재무(Y)
00238977,에스엠화진,20200515,상장폐지,주권매매거래정지기간변경(상장폐지 사유 발생),20200515902813,Y,"[원문확인-시장안내, 새 카테고리] 횡령ㆍ배임 혐의 발생(나목) - 팀 판단 필요",,,,재무(Y)
00239639,삼표시멘트,20220512,상장폐지,상장폐지승인을위한의안상정결정,20220512900411,N,"[패턴추정, 개별미확인] 대형 우량기업/선박투자회사 - 33개 원문 샘플 전부 이전상장/자진상장폐지(공개매수)/합병/펀드만기청산으로 확인됨. 같은 계열로 추정. 시간 제약상 개별 원문은 미확인.",Y-패턴추정,,,비재무(N)
00241209,모아텍,20170227,상장폐지,상장폐지결정,20170227900331,N,[원문확인] 최대주주(미네베아미쓰미) 요청에 의한 자진 상장폐지,,,,비재무(N)
00241236,에이치씨코퍼레이션,20160229,시장조치(복합),내부결산시점관리종목지정ㆍ형식적상장폐지ㆍ상장적격성실질심사사유발생,20160229900802,Y,"자본잠식,자기자본,영업손실",,,,재무(Y)
00241236,에이치씨코퍼레이션,20160322,관리종목,주권매매거래정지(관리종목지정사유발생),20160322900393,Y,"[자동승계:22일 전 판정 '자본잠식,자기자본,영업손실' 상속]",,,,재무(Y)
00243067,부방,20190614,상장폐지,상장폐지결정(자회사의 주요경영사항),20190614900461,N,자진상장폐지,,,,비재무(N)
00243979,수성웹툰,20180316,상장폐지,주권매매거래정지기간변경(상장폐지 사유 발생),20180316901538,Y,[원문확인-시장안내] 감사범위제한+계속기업존속불확실성으로 인한 의견거절(감사의견),,,,재무(Y)
00243979,수성웹툰,20190225,시장조치(복합),내부결산시점관리종목지정ㆍ형식적상장폐지ㆍ상장적격성실질심사사유발생,20190225901257,Y,[원문확인-시장안내] 감사범위제한+계속기업존속불확실성으로 인한 의견거절(감사의견),,,,재무(Y)
00243988,에스케이브로드밴드,20150320,상장폐지,상장폐지결정,20150320902149,N,자진 상장폐지,,,,비재무(N)
00244419,디에스티,20160330,관리종목,주권매매거래정지(관리종목지정사유발생),20160330900005,Y,"자본잠식,영업손실",,,,재무(Y)
00244419,디에스티,20170118,상장폐지,주권매매거래정지기간변경(상장폐지 사유 발생),20170118900549,Y,"[자동승계:294일 전 판정 '자본잠식,영업손실' 상속]",,,,재무(Y)
00244419,디에스티,20170216,시장조치(복합),내부결산시점관리종목지정ㆍ형식적상장폐지ㆍ상장적격성실질심사사유발생,20170216900142,Y,"자본잠식,자기자본,영업손실",,,,재무(Y)
00244419,디에스티,20200327,상장폐지,주권매매거래정지(상장폐지 사유발생),20200327903905,Y,[원문확인] 감사범위제한으로 인한 한정(감사의견),,,,재무(Y)
00244419,디에스티,20210210,시장조치(복합),내부결산시점관리종목지정ㆍ형식적상장폐지ㆍ상장적격성실질심사사유발생,20210210900565,Y,"자본잠식,자기자본,영업손실",,,,재무(Y)
00244419,디에스티,20210419,상장폐지,주권매매거래정지기간변경(상장폐지사유 발생(2020사업연도)),20210419900685,Y,"감사의견,의견거절,계속기업",,,,재무(Y)
00245898,에스에이치엔엘,20170220,시장조치(복합),내부결산시점관리종목지정ㆍ형식적상장폐지ㆍ상장적격성실질심사사유발생,20170220900527,Y,"자본잠식,자기자본,영업손실",,,,재무(Y)
00245898,에스에이치엔엘,20180213,시장조치(복합),내부결산시점관리종목지정ㆍ형식적상장폐지ㆍ상장적격성실질심사사유발생,20180213900331,Y,"자본잠식,자기자본,영업손실",,,,재무(Y)
00245898,에스에이치엔엘,20180503,상장폐지,주권매매거래정지기간변경(상장폐지 사유 발생),20180503900760,Y,"[자동승계:79일 전 판정 '자본잠식,자기자본,영업손실' 상속]",,,,재무(Y)
00245898,에스에이치엔엘,20190415,상장폐지,주권매매거래정지기간변경(상장폐지 사유 발생),20190415900824,Y,"감사의견,의견거절,계속기업",,,,재무(Y)
00245898,에스에이치엔엘,20200214,시장조치(복합),내부결산시점관리종목지정ㆍ형식적상장폐지ㆍ상장적격성실질심사사유발생,20200214901086,Y,"자본잠식,자기자본,영업손실",,,,재무(Y)
00245898,에스에이치엔엘,20200814,상장폐지,주권매매거래정지기간변경(상장폐지 사유 발생),20200814903246,Y,"감사의견,의견거절,부적정",,,,재무(Y)
00245898,에스에이치엔엘,20210330,상장폐지,주권매매거래정지기간변경(상장폐지 사유 발생),20210330902441,Y,"감사의견,의견거절,부적정",,,,재무(Y)
00245898,에스에이치엔엘,20210817,상장폐지,주권매매거래정지기간변경(상장폐지 사유 발생),20210817900778,Y,"감사의견,의견거절,부적정",,,,재무(Y)
00249441,씨씨에스,20191111,상장폐지,주권매매거래정지기간변경(상장폐지 사유 발생),20191111900513,,"[원문확인, 새 카테고리] 종합유선방송사업 재허가 거부(인허가 취소)로 인한 영업정지 - 자본잠식/영업손실 등 기존 정의와 다른 유형. 팀 판단 필요",Y,,,별도-인허가취소·영업정지
00249441,씨씨에스,20250922,상장폐지,주권매매거래정지기간변경              (상장폐지 사유 발생),20250922900540,,"[원문확인, 새 카테고리] 종합유선방송사업 재허가 거부(인허가 취소)로 인한 영업정지 - 자본잠식/영업손실 등 기존 정의와 다른 유형. 팀 판단 필요",Y,,,별도-인허가취소·영업정지
00249502,골드앤에스,20200224,시장조치(복합),내부결산시점관리종목지정ㆍ형식적상장폐지ㆍ상장적격성실질심사사유발생,20200224900809,Y,"자본잠식,자기자본,영업손실",,,,재무(Y)
00249502,골드앤에스,20200320,상장폐지,주권매매거래정지기간변경(상장폐지 사유 발생),20200320902488,Y,"의견거절,계속기업",,,,재무(Y)
00249502,골드앤에스,20200819,상장폐지,주권매매거래정지기간변경(상장폐지 사유 발생),20200819900533,Y,감사의견,,,,재무(Y)
00249502,골드앤에스,20210323,상장폐지,주권매매거래정지기간변경(상장폐지 사유발생),20210323901667,Y,"감사의견,의견거절,계속기업",,,,재무(Y)
00252755,씨앤케이인터내셔널,20150331,상장폐지,주권매매거래정지기간변경(상장폐지사유 발생),20150331904615,,[원문확인-공시제목] 기타시장안내(배임혐의 발생) - 별도 카테고리,Y,,,별도-횡령·배임
00252755,씨앤케이인터내셔널,20150515,상장폐지,기타경영사항(자율공시)(상장폐지결정 무효확인 청구의 소),20150515902637,,[원문확인-공시제목] 기타시장안내(배임혐의 발생) - 별도 카테고리,Y,③ 소송·결정취소 관련(사유 재확인 필요),,별도-횡령·배임
00255105,케이바이오랩스,20170215,시장조치(복합),내부결산시점관리종목지정ㆍ형식적상장폐지ㆍ상장적격성실질심사사유발생,20170215900789,Y,"[원문확인-정정본] 자본금 292.6억 대비 자본총계 26.0억 → 자본잠식률 약91%, 당기순손실 227억, 영업손실 지속. (정정 전 수치로 '애매' 판단했던 건 정정본으로 해소)",,⑥ 시장조치(복합) - 키워드 미매칭(원문 확인 필요),"케이바이오랩스: 매출+178%, 영업손실 오히려 축소(개선 중), 자본잠식 언급 없음 — 왜 이 양식으로 공시됐는지 불명확. 재무판단 필요.",재무(Y)
00255105,케이바이오랩스,20170322,관리종목,주권매매거래정지(관리종목지정사유발생),20170322900601,Y,"[원문확인-정정본] 자본금 292.6억 대비 자본총계 26.0억 → 자본잠식률 약91%, 당기순손실 227억, 영업손실 지속. (정정 전 수치로 '애매' 판단했던 건 정정본으로 해소)",,,,재무(Y)
00255141,글로앤웰,20190829,상장폐지,주권매매거래정지기간변경(상장폐지 사유 발생),20190829900536,,"[원문확인] 전직임원 업무상 배임 혐의 공소제기(200억), 회계처리위반 병존 - 별도 카테고리",Y,,,별도-횡령·배임
00256380,유아이엘,20220117,시장조치(복합),내부결산시점관리종목지정ㆍ형식적상장폐지ㆍ상장적격성실질심사사유발생,20220117900490,Y,"자본잠식,자기자본,영업손실",,,,재무(Y)
00256380,유아이엘,20220310,관리종목,주권매매거래정지(관리종목지정사유발생),20220310901913,Y,"[자동승계:52일 전 판정 '자본잠식,자기자본,영업손실' 상속]",,,,재무(Y)
00256715,국순당,20190211,시장조치(복합),내부결산시점관리종목지정ㆍ형식적상장폐지ㆍ상장적격성실질심사사유발생,20190211900684,Y,"자본잠식,자기자본,영업손실",,,,재무(Y)
00256715,국순당,20190319,관리종목,주권매매거래정지(관리종목지정사유발생),20190319900545,Y,"[자동승계:36일 전 판정 '자본잠식,자기자본,영업손실' 상속]",,,,재무(Y)
00256715,국순당,20200210,시장조치(복합),내부결산시점관리종목지정ㆍ형식적상장폐지ㆍ상장적격성실질심사사유발생,20200210900936,Y,"자본잠식,자기자본,영업손실",,,,재무(Y)
00257149,지더블유바이텍,20200319,상장폐지,주권매매거래정지기간변경(상장폐지 사유 발생),20200319902590,N,"[원문확인-시장안내] 불성실공시법인 지정, 최근1년 누계벌점 15점 이상(상장규정 56조1항3호차목) - 공시불이행 유형",,,,비재무(N)
00257149,지더블유바이텍,20250114,상장폐지,주권매매거래정지기간변경              (상장폐지 사유 발생),20250114900564,N,"[원문확인-시장안내] 불성실공시법인 지정, 최근1년 누계벌점 15점 이상(상장규정 56조1항3호차목) - 공시불이행 유형",,,,비재무(N)
00257732,한국정밀기계,20170209,시장조치(복합),내부결산시점관리종목지정ㆍ형식적상장폐지ㆍ상장적격성실질심사사유발생,20170209900817,Y,"자본잠식,자기자본,영업손실",,,,재무(Y)
00257732,한국정밀기계,20180206,시장조치(복합),내부결산시점관리종목지정ㆍ형식적상장폐지ㆍ상장적격성실질심사사유발생,20180206900478,Y,"자본잠식,자기자본,영업손실",,,,재무(Y)
00257732,한국정밀기계,20180706,상장폐지,주권매매거래정지기간변경(상장폐지 사유 발생),20180706900776,Y,"[자동승계:150일 전 판정 '자본잠식,자기자본,영업손실' 상속]",,,,재무(Y)
00257732,한국정밀기계,20190211,시장조치(복합),내부결산시점관리종목지정ㆍ형식적상장폐지ㆍ상장적격성실질심사사유발생,20190211900609,Y,"자본잠식,자기자본,영업손실",,,,재무(Y)
00257732,한국정밀기계,20200206,시장조치(복합),내부결산시점관리종목지정ㆍ형식적상장폐지ㆍ상장적격성실질심사사유발생,20200206900763,Y,"자본잠식,자기자본,영업손실",,,,재무(Y)
00257732,한국정밀기계,20210205,시장조치(복합),내부결산시점관리종목지정ㆍ형식적상장폐지ㆍ상장적격성실질심사사유발생,20210205900859,Y,"자본잠식,자기자본,영업손실",,,,재무(Y)
00257732,한국정밀기계,20220211,시장조치(복합),내부결산시점관리종목지정ㆍ형식적상장폐지ㆍ상장적격성실질심사사유발생,20220211901213,Y,"자본잠식,자기자본,영업손실",,,,재무(Y)
00258801,카카오,20170502,상장폐지,상장폐지승인을위한의안상정결정,20170502900577,N,"[패턴추정, 개별미확인] 대형 우량기업/선박투자회사 - 33개 원문 샘플 전부 이전상장/자진상장폐지(공개매수)/합병/펀드만기청산으로 확인됨. 같은 계열로 추정. 시간 제약상 개별 원문은 미확인.",Y-패턴추정,,,비재무(N)
00258801,카카오,20170704,상장폐지,상장폐지결정,20170704900288,N,"[패턴추정, 개별미확인] 대형 우량기업/선박투자회사 - 33개 원문 샘플 전부 이전상장/자진상장폐지(공개매수)/합병/펀드만기청산으로 확인됨. 같은 계열로 추정. 시간 제약상 개별 원문은 미확인.",Y-패턴추정,,,비재무(N)
00259590,바른손이앤에이,20150128,시장조치(복합),내부결산시점관리종목지정ㆍ형식적상장폐지ㆍ상장적격성실질심사사유발생,20150128900192,Y,"자본잠식,자기자본,영업손실",,,,재무(Y)
00259590,바른손이앤에이,20150316,관리종목,주권매매거래정지(관리종목지정사유발생),20150316901286,Y,"[자동승계:47일 전 판정 '자본잠식,자기자본,영업손실' 상속]",,,,재무(Y)
00259934,예림당,20220302,시장조치(복합),내부결산시점관리종목지정ㆍ형식적상장폐지ㆍ상장적격성실질심사사유발생,20220302901091,Y,"자본잠식,자기자본,영업손실",,,,재무(Y)
00260611,웰킵스하이텍,20190315,상장폐지,주권매매거래정지기간변경(상장폐지 사유 발생),20190315901702,Y,[원문확인-시장안내] 감사범위제한으로 인한 의견거절(감사의견),,,,재무(Y)
00260611,웰킵스하이텍,20200320,상장폐지,"주권매매거래정지기간변경(상장폐지 사유 발생, 회생절차개시결정)",20200320902472,Y,"감사의견,의견거절,계속기업",,,,재무(Y)
00260611,웰킵스하이텍,20200821,상장폐지,주권매매거래정지기간변경(상장폐지 사유 발생),20200821900611,Y,"의견거절,계속기업",,,,재무(Y)
00260611,웰킵스하이텍,20210405,시장조치(복합),내부결산시점관리종목지정ㆍ형식적상장폐지ㆍ상장적격성실질심사사유발생(2019사업연도),20210405900928,Y,"자본잠식,자기자본,영업손실",,,,재무(Y)
00260611,웰킵스하이텍,20210405,시장조치(복합),내부결산시점관리종목지정ㆍ형식적상장폐지ㆍ상장적격성실질심사사유발생(2020사업연도),20210405901026,Y,"자본잠식,자기자본,영업손실",,,,재무(Y)
00260657,오상헬스케어,20160322,상장폐지,주권매매거래정지기간변경(상장폐지 사유 발생),20160322900935,Y,[원문확인-시장안내/정정] 감사범위제한으로 인한 의견거절(감사의견). 횡령·배임 혐의도 병존,,,,재무(Y)
00261735,위노바,20180122,상장폐지,주권매매거래정지기간변경(상장폐지 사유 발생),20180122900779,,[원문확인-시장안내] 횡령 혐의 발생(선급금 등) 실질심사 - 별도 카테고리,Y,,,별도-횡령·배임
00261735,위노바,20180214,시장조치(복합),내부결산시점관리종목지정ㆍ형식적상장폐지ㆍ상장적격성실질심사사유발생,20180214900001,,[원문확인-시장안내] 횡령 혐의 발생(선급금 등) 실질심사 - 별도 카테고리,Y,,,별도-횡령·배임
00261887,티엘아이,20230321,상장폐지,주권매매거래정지기간변경(상장폐지 사유 발생),20230321902081,Y,"감사의견,의견거절",,,,재무(Y)
00261887,티엘아이,20241011,상장폐지,주권매매거래정지기간변경              (상장폐지 사유 발생),20241011900563,Y,"[자동승계:570일 전 판정 '감사의견,의견거절' 상속]",,,,재무(Y)
00264671,세중,20210319,관리종목,주권매매거래정지(관리종목지정사유발생),20210319900845,Y,"[추정-원문근거] 감사의견 적정·연결 재무 건전하나 별도 매출액 29.3억원(<30억) → 매출액 미달 요건 추정. 관리종목 지정공시 원문은 못 찾음, 확인 권장",Y-추정,,,재무(Y)
00264787,럭슬,20190212,시장조치(복합),내부결산시점관리종목지정ㆍ형식적상장폐지ㆍ상장적격성실질심사사유발생,20190212901146,Y,"자본잠식,자기자본,영업손실",,,,재무(Y)
00264787,럭슬,20190319,관리종목,주권매매거래정지(관리종목지정사유발생),20190319900544,Y,"[자동승계:35일 전 판정 '자본잠식,자기자본,영업손실' 상속]",,,,재무(Y)
00264787,럭슬,20200324,상장폐지,주권매매거래정지기간변경(상장폐지 사유 발생),20200324902276,Y,의견거절,,,,재무(Y)
00264787,럭슬,20210323,상장폐지,주권매매거래정지기간변경(상장폐지 사유 발생),20210323901147,Y,"감사의견,의견거절",,,,재무(Y)
00266934,파루,20210215,시장조치(복합),내부결산시점관리종목지정ㆍ형식적상장폐지ㆍ상장적격성실질심사사유발생,20210215901239,Y,"자본잠식,자기자본,영업손실",,,,재무(Y)
00266961,NAVER,20201109,상장폐지,해외증권시장주권등상장폐지결정(종속회사의주요경영사항),20201109800500,N,"[도메인판단, 원문미확인] 자회사/종속회사의 해외상장폐지 보고 - 상장사 본인(모회사)의 재무부실과 무관. 모회사는 대형 우량기업.",,,,비재무(N)
00267854,메디앙스,20200319,상장폐지,주권매매거래정지기간변경(상장폐지 사유 발생),20200319902549,Y,[원문확인] 감사범위제한으로 인한 한정(감사의견),,,,재무(Y)
00267854,메디앙스,20210323,상장폐지,"주권매매거래정지기간변경(상장폐지 사유 발생, 상장적격성 실질심사 대상(사유발생))",20210323901827,Y,감사의견,,,,재무(Y)
00267854,메디앙스,20210817,상장폐지,주권매매거래정지기간변경(상장폐지 사유 발생),20210817902720,Y,감사의견,,,,재무(Y)
00268002,세종텔레콤,20220816,관리종목,주권매매거래정지(관리종목지정사유발생),20220816902508,Y,[원문확인-보고서제목] 반기검토(감사)의견부적정등사실확인(자본잠식률50%이상 또는 자기자본10억미만 포함),,,,재무(Y)
00268118,코맥스,20240321,상장폐지,주권매매거래정지기간변경              (상장폐지 사유 발생),20240321902883,Y,의견거절,,,,재무(Y)
00273110,에스티큐브,20240202,시장조치(복합),내부결산시점관리종목지정ㆍ형식적상장폐지ㆍ상장적격성실질심사사유발생,20240202900874,Y,"자본잠식,자기자본,영업손실",,,,재무(Y)
00273110,에스티큐브,20240320,관리종목,주권매매거래정지              (관리종목지정사유발생),20240320900886,Y,"[자동승계:47일 전 판정 '자본잠식,자기자본,영업손실' 상속]",,,,재무(Y)
00276083,피노,20200128,시장조치(복합),내부결산시점관리종목지정ㆍ형식적상장폐지ㆍ상장적격성실질심사사유발생,20200128900754,Y,,,,"피노: 자본잠식률 56.01%, 4년 연속 영업손실. 자본잠식 뚜렷.",재무(Y)
00276083,피노,20220523,상장폐지,주권매매거래정지기간변경(상장폐지 사유 발생),20220523900541,Y,[원문확인] 2020-01-28 자본잠식 확정건(개선기간 종료)의 연장 - 동일 사유 승계,,,,재무(Y)
00277736,한일네트웍스,20220722,상장폐지,상장폐지결정,20220722900465,N,"[원문확인] '의사결정 효율성, 상장유지비용 절감 등을 위한 자발적 상장폐지'",,,,비재무(N)
00277736,한일네트웍스,20220810,상장폐지,상장폐지승인을위한의안상정결정,20220810900580,N,자진 상장폐지,,,,비재무(N)
00288343,삼영이엔씨,20250314,시장조치(복합),내부결산시점관리종목지정ㆍ형식적상장폐지ㆍ상장적격성실질심사사유발생,20250314901785,Y,"자본잠식,자기자본",,,,재무(Y)
00288343,삼영이엔씨,20250407,상장폐지,주권매매거래정지기간변경              (상장폐지 사유 발생),20250407900752,Y,"감사의견,의견거절,계속기업",,,,재무(Y)
00288343,삼영이엔씨,20260323,상장폐지,주권매매거래정지기간변경              (상장폐지 사유 발생),20260323902715,Y,감사의견,,,,재무(Y)
00291231,우전,20150410,상장폐지,주권매매거래정지기간변경(상장폐지사유 발생 ),20150410900770,Y,"감사의견,의견거절,계속기업",,,,재무(Y)
00291231,우전,20160212,시장조치(복합),내부결산시점관리종목지정ㆍ형식적상장폐지ㆍ상장적격성실질심사사유발생,20160212901058,Y,"자본잠식,자기자본,영업손실",,,,재무(Y)
00291231,우전,20170209,시장조치(복합),내부결산시점관리종목지정ㆍ형식적상장폐지ㆍ상장적격성실질심사사유발생,20170209901416,Y,"자본잠식,자기자본,영업손실",,,,재무(Y)
00291231,우전,20170321,상장폐지,주권매매거래정지기간변경(상장폐지 사유 발생),20170321900807,Y,의견거절,,,,재무(Y)
00291860,조광아이엘아이,20230829,상장폐지,주권매매거래정지기간변경(상장폐지 사유 발생),20230829900641,,[원문확인-시장안내] 횡령·배임 사실확인 - 별도 카테고리,Y,,,별도-횡령·배임
00295370,제이앤케이인더스트리,20190814,관리종목,주권매매거래정지(관리종목지정사유발생),20190814901871,Y,[원문확인-보고서제목] 반기검토(감사)의견부적정등사실확인(자본잠식률 등),,,,재무(Y)
00295370,제이앤케이인더스트리,20200320,상장폐지,주권매매거래정지(상장폐지 사유발생),20200320901938,Y,[원문확인-시장안내] 감사범위제한으로 인한 의견거절(감사의견),,,,재무(Y)
00295370,제이앤케이인더스트리,20200814,상장폐지,주권매매거래정지기간변경(상장폐지 사유 발생),20200814903253,Y,감사의견,,,,재무(Y)
00295370,제이앤케이인더스트리,20210322,상장폐지,주권매매거래정지기간변경(상장폐지 사유 발생),20210322901565,Y,감사의견,,,,재무(Y)
00295857,코다코,20190321,상장폐지,주권매매거래정지기간변경(상장폐지 사유 발생),20190321901804,Y,의견거절,,,,재무(Y)
00295857,코다코,20210315,시장조치(복합),내부결산시점관리종목지정ㆍ형식적상장폐지ㆍ상장적격성실질심사사유발생,20210315901398,Y,"자본잠식,자기자본,영업손실",,,,재무(Y)
00295857,코다코,20210322,관리종목,주권매매거래정지(관리종목지정사유발생),20210322900855,Y,"[자동승계:7일 전 판정 '자본잠식,자기자본,영업손실' 상속]",,,,재무(Y)
00295857,코다코,20230316,시장조치(복합),내부결산시점관리종목지정ㆍ형식적상장폐지ㆍ상장적격성실질심사사유발생,20230316901835,Y,"자본잠식,자기자본",,,,재무(Y)
00295857,코다코,20230323,관리종목,주권매매거래정지(관리종목지정사유발생),20230323901511,Y,"[자동승계:7일 전 판정 '자본잠식,자기자본' 상속]",,,,재무(Y)
00295857,코다코,20240321,상장폐지,주권매매거래정지기간변경              (상장폐지 사유 발생),20240321902146,Y,계속기업,,,,재무(Y)
00295857,코다코,20250321,상장폐지,주권매매거래정지기간변경              (상장폐지 사유 발생 및 상장적격성 실질심사 대상(사유발생)),20250321902295,Y,감사의견,,,,재무(Y)
00295857,코다코,20250721,상장폐지,주권매매거래정지기간변경              (상장폐지 사유 발생 ),20250721900623,Y,감사의견,,,,재무(Y)
00296005,우리로,20210407,상장폐지,주권매매거래정지기간변경(상장폐지 사유 발생),20210407900834,Y,의견거절,,,,재무(Y)
00297448,플래스크,20240329,상장폐지,주권매매거래정지기간변경              (상장폐지 사유 발생),20240329900713,Y,의견거절,,,,재무(Y)
00297448,플래스크,20250714,상장폐지,주권매매거래정지기간변경              (상장폐지 사유 발생),20250714900601,Y,[자동승계:472일 전 판정 '의견거절' 상속],,,,재무(Y)
00298687,스포츠서울,20150611,시장조치(복합),내부결산시점관리종목지정ㆍ형식적상장폐지ㆍ상장적격성실질심사사유발생,20150611900249,Y,"자본잠식,자기자본,영업손실",,,,재무(Y)
00298687,스포츠서울,20160610,시장조치(복합),내부결산시점관리종목지정ㆍ형식적상장폐지ㆍ상장적격성실질심사사유발생,20160610900231,Y,"자본잠식,자기자본,영업손실",,,,재무(Y)
00298687,스포츠서울,20190613,시장조치(복합),내부결산시점관리종목지정ㆍ형식적상장폐지ㆍ상장적격성실질심사사유발생,20190613900497,Y,"자본잠식,자기자본,영업손실",,,,재무(Y)
00298687,스포츠서울,20190621,상장폐지,주권매매거래정지기간변경(상장폐지 사유 발생),20190621900787,Y,"감사의견,의견거절,계속기업",,,,재무(Y)
00298687,스포츠서울,20200629,상장폐지,주권매매거래정지기간변경(상장폐지 사유 발생),20200629900670,Y,"의견거절,계속기업",,,,재무(Y)
00298687,스포츠서울,20220216,상장폐지,주권매매거래정지기간변경(상장폐지 사유 발생),20220216900996,Y,"[자동승계:597일 전 판정 '의견거절,계속기업' 상속]",,,,재무(Y)
00299358,트레스,20191028,상장폐지,주권매매거래정지기간변경(상장폐지 사유 발생),20191028900505,,[원문확인] 실질심사 대상결정 및 불성실공시 벌점 관련 사유추가(해덕파워웨이). 최초 사유는 비공개. 참고: 감사의견 적정·영업손실 2개년,Y,,,별도-사유비공개(실질심사)
00299358,트레스,20210316,시장조치(복합),내부결산시점관리종목지정ㆍ형식적상장폐지ㆍ상장적격성실질심사사유발생,20210316900580,Y,"자본잠식,자기자본,영업손실",,,,재무(Y)
00299464,초록뱀미디어,20231120,상장폐지,주권매매거래정지기간변경(상장폐지 사유 발생),20231120900670,,[원문확인-시장안내] 前 회장 횡령·배임 혐의 발생 - 별도 카테고리,Y,,,별도-횡령·배임
00300557,위니아,20240229,시장조치(복합),내부결산시점관리종목지정ㆍ형식적상장폐지ㆍ상장적격성실질심사사유발생,20240229901208,Y,"자본잠식,자기자본",,,,재무(Y)
00300557,위니아,20240326,상장폐지,주권매매거래정지기간변경              (상장폐지 사유 발생),20240326901177,Y,"감사의견,의견거절,계속기업",,,,재무(Y)
00300557,위니아,20250228,시장조치(복합),내부결산시점관리종목지정ㆍ형식적상장폐지ㆍ상장적격성실질심사사유발생,20250228900784,Y,"자본잠식,자기자본,감사의견",,,,재무(Y)
00300557,위니아,20250328,상장폐지,주권매매거래정지기간변경              (상장폐지 사유 발생),20250328903647,Y,감사의견,,,,재무(Y)
00301246,SFA반도체,20240822,상장폐지,해외증권시장주권등상장폐지결정(종속회사의주요경영사항),20240822900218,N,자진상장폐지,,,,비재무(N)
00301246,SFA반도체,20241122,상장폐지,해외증권시장주권등상장폐지결정(종속회사의주요경영사항),20241122900570,N,자진상장폐지,,,,비재무(N)
00302078,엠피씨플러스,20200323,상장폐지,주권매매거래정지기간변경(상장폐지 사유 발생),20200323901993,Y,의견거절,,,,재무(Y)
00302078,엠피씨플러스,20210407,상장폐지,주권매매거래정지기간변경(상장폐지 사유 발생),20210407900822,Y,"감사의견,의견거절",,,,재무(Y)
00302078,엠피씨플러스,20220203,상장폐지,기타경영사항(자율공시)(상장폐지결정 무효확인의 소),20220203900879,Y,[자동승계-소송] 20210407 Y판정('주권매매거래정지기간변경(상장폐지 사유 발생)') 승계 - 그 결정에 대한 무효확인소송,,,,재무(Y)
00302120,피앤텔,20190228,시장조치(복합),내부결산시점관리종목지정ㆍ형식적상장폐지ㆍ상장적격성실질심사사유발생,20190228901619,Y,"자본잠식,자기자본,영업손실",,,,재무(Y)
00302120,피앤텔,20190327,상장폐지,주권매매거래정지기간변경(상장폐지 사유 발생),20190327900385,Y,"감사의견,의견거절,계속기업",,,,재무(Y)
00302120,피앤텔,20200131,시장조치(복합),내부결산시점관리종목지정ㆍ형식적상장폐지ㆍ상장적격성실질심사사유발생,20200131900610,Y,"자본잠식,자기자본,영업손실",,,,재무(Y)
00302120,피앤텔,20200312,상장폐지,주권매매거래정지기간변경(상장폐지 사유 발생),20200312902556,Y,"감사의견,의견거절,계속기업",,,,재무(Y)
00302801,디아이디,20150609,상장폐지,주권매매거래정지기간변경(상장폐지 사유 발생),20150609900415,N,[원문확인] 파산신청/회생절차 관련 - 주 정의(감사의견비적정+회생절차)에서 이미 다루므로 이 보조라벨에서는 N,,,,비재무(N)
00303192,디에이피,20260313,시장조치(복합),내부결산시점관리종목지정ㆍ형식적상장폐지ㆍ상장적격성실질심사사유발생,20260313901600,Y,"자본잠식,자기자본",,,,재무(Y)
00303703,CS,20160325,관리종목,주권매매거래정지(관리종목지정사유발생),20160325900022,Y,자기자본,,,,재무(Y)
00307028,경남제약,20190328,상장폐지,주권매매거래정지기간변경(상장폐지 사유 발생),20190328901617,Y,[원문확인-시장안내] 감사범위제한으로 인한 한정(감사의견),,,,재무(Y)
00307189,에스케이엔펄스,20200812,상장폐지,상장폐지결정,20200812900146,N,자진상장폐지,,,,비재무(N)
00308559,코디,20180305,시장조치(복합),내부결산시점관리종목지정ㆍ형식적상장폐지ㆍ상장적격성실질심사사유발생,20180305900971,Y,"자본잠식,자기자본,영업손실",,,,재무(Y)
00308559,코디,20190228,시장조치(복합),내부결산시점관리종목지정ㆍ형식적상장폐지ㆍ상장적격성실질심사사유발생,20190228900978,Y,"자본잠식,자기자본,영업손실",,,,재무(Y)
00308896,셀피글로벌,20230321,상장폐지,주권매매거래정지기간변경(상장폐지 사유 발생),20230321902085,Y,의견거절,,,,재무(Y)
00308896,셀피글로벌,20240321,상장폐지,주권매매거래정지기간변경              (상장폐지 사유 발생),20240321902880,Y,감사의견,,,,재무(Y)
00308896,셀피글로벌,20250407,상장폐지,주권매매거래정지기간변경              (상장폐지사유 발생),20250407901263,Y,[자동승계:382일 전 판정 '감사의견' 상속],,,,재무(Y)
00310156,셀루메드,20250314,시장조치(복합),내부결산시점관리종목지정ㆍ형식적상장폐지ㆍ상장적격성실질심사사유발생,20250314901694,Y,"자본잠식,자기자본",,,,재무(Y)
00310156,셀루메드,20250321,관리종목,주권매매거래정지              (관리종목지정사유발생),20250321901093,Y,"[자동승계:7일 전 판정 '자본잠식,자기자본' 상속]",,,,재무(Y)
00310156,셀루메드,20260316,시장조치(복합),내부결산시점관리종목지정ㆍ형식적상장폐지ㆍ상장적격성실질심사사유발생,20260316902800,Y,"자본잠식,자기자본",,,,재무(Y)
00310156,셀루메드,20260331,상장폐지,주권매매거래정지기간변경              (상장폐지사유 발생),20260331904843,Y,"의견거절,계속기업",,,,재무(Y)
00317487,티에스넥스젠,20190214,시장조치(복합),내부결산시점관리종목지정ㆍ형식적상장폐지ㆍ상장적격성실질심사사유발생,20190214900151,Y,"자본잠식,자기자본,영업손실",,,,재무(Y)
00317487,티에스넥스젠,20190321,관리종목,주권매매거래정지(관리종목지정사유발생),20190321900721,Y,"[자동승계:35일 전 판정 '자본잠식,자기자본,영업손실' 상속]",,,,재무(Y)
00317487,티에스넥스젠,20250331,상장폐지,주권매매거래정지기간변경              (상장폐지 사유 발생),20250331904042,Y,[원문확인] 감사범위제한으로 인한 한정(감사의견),,,,재무(Y)
00317487,티에스넥스젠,20260407,상장폐지,주권매매거래정지기간변경              (상장폐지 사유 발생),20260407901234,Y,감사의견,,,,재무(Y)
00317830,신양오라컴디스플레이,20160315,시장조치(복합),내부결산시점관리종목지정ㆍ형식적상장폐지ㆍ상장적격성실질심사사유발생,20160315900045,Y,"자본잠식,자기자본,영업손실",,,,재무(Y)
00317830,신양오라컴디스플레이,20170216,시장조치(복합),내부결산시점관리종목지정ㆍ형식적상장폐지ㆍ상장적격성실질심사사유발생,20170216900411,Y,"자본잠식,자기자본,영업손실",,,,재무(Y)
00317830,신양오라컴디스플레이,20170323,상장폐지,주권매매거래정지기간변경(상장폐지 사유 발생),20170323901140,Y,"감사의견,의견거절,계속기업",,,,재무(Y)
00318662,CNT85,20190321,상장폐지,주권매매거래정지기간변경(상장폐지 사유 발생),20190321901805,Y,의견거절,,,,재무(Y)
00318662,CNT85,20200228,시장조치(복합),내부결산시점관리종목지정ㆍ형식적상장폐지ㆍ상장적격성실질심사사유발생,20200228901452,Y,"자본잠식,자기자본,영업손실",,,,재무(Y)
00318662,CNT85,20200406,상장폐지,주권매매거래정지기간변경(상장폐지 사유 발생),20200406900911,Y,"감사의견,의견거절,계속기업",,,,재무(Y)
00318662,CNT85,20200814,상장폐지,주권매매거래정지기간변경(상장폐지 사유 발생),20200814903254,Y,"감사의견,의견거절",,,,재무(Y)
00318662,CNT85,20210215,시장조치(복합),내부결산시점관리종목지정ㆍ형식적상장폐지ㆍ상장적격성실질심사사유발생,20210215901247,Y,"자본잠식,자기자본,영업손실",,,,재무(Y)
00318662,CNT85,20220330,상장폐지,주권매매거래정지기간변경(상장폐지 사유 발생),20220330901992,Y,"감사의견,의견거절",,,,재무(Y)
00324104,디케이씨,20180409,상장폐지,주권매매거래정지기간변경(상장폐지 사유 발생),20180409900931,Y,"감사의견,의견거절,계속기업",,,,재무(Y)
00328191,케이에스피,20180214,시장조치(복합),내부결산시점관리종목지정ㆍ형식적상장폐지ㆍ상장적격성실질심사사유발생,20180214900823,Y,"자본잠식,자기자본,영업손실",,,,재무(Y)
00328191,케이에스피,20190208,시장조치(복합),내부결산시점관리종목지정ㆍ형식적상장폐지ㆍ상장적격성실질심사사유발생,20190208900971,Y,"자본잠식,자기자본,영업손실",,,,재무(Y)
00329093,코데즈컴바인,20150302,시장조치(복합),내부결산시점관리종목지정ㆍ형식적상장폐지ㆍ상장적격성실질심사사유발생,20150302900001,Y,"자본잠식,자기자본,영업손실",,,,재무(Y)
00329093,코데즈컴바인,20150410,상장폐지,주권매매거래정지기간변경(상장폐지 사유 발생),20150410900768,Y,"감사의견,계속기업",,,,재무(Y)
00329093,코데즈컴바인,20160222,시장조치(복합),내부결산시점관리종목지정ㆍ형식적상장폐지ㆍ상장적격성실질심사사유발생,20160222900385,Y,"자본잠식,자기자본,영업손실",,,,재무(Y)
00331016,에프앤가이드,20201211,상장폐지,상장폐지결정,20201211600571,N,[원문확인] 코넥스→코스닥 이전상장,,,,비재무(N)
00334624,팍스넷,20200323,상장폐지,주권매매거래정지기간변경(상장폐지 사유 발생),20200323901989,Y,"감사의견,의견거절,계속기업",,,,재무(Y)
00334624,팍스넷,20210302,시장조치(복합),내부결산시점관리종목지정ㆍ형식적상장폐지ㆍ상장적격성실질심사사유발생,20210302901117,Y,"자본잠식,자기자본,영업손실",,,,재무(Y)
00334624,팍스넷,20210323,상장폐지,주권매매거래정지기간변경(상장폐지 사유 발생),20210323901774,Y,"감사의견,의견거절,계속기업",,,,재무(Y)
00341916,오스템임플란트,20230518,상장폐지,상장폐지결정,20230518900523,N,[원문확인] MBK컨소시엄(덴티스트리인베스트먼트) 공개매수에 따른 자진 상장폐지,,,,비재무(N)
00341916,오스템임플란트,20230518,상장폐지,상장폐지승인을위한의안상정결정,20230518900500,N,[원문확인] MBK컨소시엄(덴티스트리인베스트먼트) 공개매수에 따른 자진 상장폐지,,,,비재무(N)
00346911,아이톡시,20180208,시장조치(복합),내부결산시점관리종목지정ㆍ형식적상장폐지ㆍ상장적격성실질심사사유발생,20180208900875,Y,"자본잠식,자기자본,영업손실",,,,재무(Y)
00346911,아이톡시,20180322,관리종목,주권매매거래정지(관리종목지정사유발생),20180322901272,Y,"[자동승계:42일 전 판정 '자본잠식,자기자본,영업손실' 상속]",,,,재무(Y)
00346911,아이톡시,20190311,시장조치(복합),내부결산시점관리종목지정ㆍ형식적상장폐지ㆍ상장적격성실질심사사유발생,20190311901436,Y,"자본잠식,자기자본,영업손실",,,,재무(Y)
00346911,아이톡시,20190328,상장폐지,주권매매거래정지기간변경(상장폐지 사유 발생),20190328901604,Y,"감사의견,의견거절,계속기업",,,,재무(Y)
00346911,아이톡시,20210917,상장폐지,주권매매거래정지기간변경(상장폐지 사유 발생),20210917900742,Y,"[자동승계:904일 전 판정 '감사의견,의견거절,계속기업' 상속]",,,,재무(Y)
00346911,아이톡시,20250314,시장조치(복합),내부결산시점관리종목지정ㆍ형식적상장폐지ㆍ상장적격성실질심사사유발생,20250314902359,Y,"자본잠식,자기자본",,,,재무(Y)
00346911,아이톡시,20250325,관리종목,주권매매거래정지              (관리종목지정사유발생),20250325901289,Y,"[자동승계:11일 전 판정 '자본잠식,자기자본' 상속]",,,,재무(Y)
00346911,아이톡시,20260227,시장조치(복합),내부결산시점관리종목지정ㆍ형식적상장폐지ㆍ상장적격성실질심사사유발생,20260227901755,Y,"자본잠식,자기자본",,,,재무(Y)
00346911,아이톡시,20260323,상장폐지,주권매매거래정지기간변경              (상장폐지 사유 발생),20260323902699,Y,"의견거절,계속기업",,,,재무(Y)
00347716,중앙첨단소재,20170210,시장조치(복합),내부결산시점관리종목지정ㆍ형식적상장폐지ㆍ상장적격성실질심사사유발생,20170210900868,Y,"자본잠식,자기자본,영업손실",,,,재무(Y)
00347716,중앙첨단소재,20190814,관리종목,주권매매거래정지(관리종목지정사유발생),20190814902523,Y,"[자동승계:915일 전 판정 '자본잠식,자기자본,영업손실' 상속]",,,,재무(Y)
00347716,중앙첨단소재,20220216,시장조치(복합),내부결산시점관리종목지정ㆍ형식적상장폐지ㆍ상장적격성실질심사사유발생,20220216900927,Y,"자본잠식,자기자본,영업손실",,,,재무(Y)
00347877,세영디앤씨,20180322,상장폐지,주권매매거래정지(상장폐지 사유발생),20180322901230,Y,[원문확인-시장안내] 감사범위제한으로 인한 한정(감사의견),,,,재무(Y)
00347877,세영디앤씨,20200302,시장조치(복합),내부결산시점관리종목지정ㆍ형식적상장폐지ㆍ상장적격성실질심사사유발생,20200302900793,Y,[Y 유지] 기존 판정(키워드/승계) 유지. (2018건 태깅 시 메모가 덮어써져 재작성),,,,재무(Y)
00347877,세영디앤씨,20200323,상장폐지,주권매매거래정지(상장폐지 사유발생),20200323902014,Y,[Y 유지] 기존 판정(키워드/승계) 유지. (2018건 태깅 시 메모가 덮어써져 재작성),,,,재무(Y)
00347877,세영디앤씨,20210216,시장조치(복합),내부결산시점관리종목지정ㆍ형식적상장폐지ㆍ상장적격성실질심사사유발생,20210216900822,Y,[Y 유지] 기존 판정(키워드/승계) 유지. (2018건 태깅 시 메모가 덮어써져 재작성),,,,재무(Y)
00347877,세영디앤씨,20210323,상장폐지,주권매매거래정지기간변경(상장폐지 사유 발생),20210323901834,Y,[Y 유지] 기존 판정(키워드/승계) 유지. (2018건 태깅 시 메모가 덮어써져 재작성),,,,재무(Y)
00347877,세영디앤씨,20210825,상장폐지,주권매매거래정지기간변경(상장폐지 사유 발생),20210825900145,Y,[Y 유지] 기존 판정(키워드/승계) 유지. (2018건 태깅 시 메모가 덮어써져 재작성),,,,재무(Y)
00347877,세영디앤씨,20220216,시장조치(복합),내부결산시점관리종목지정ㆍ형식적상장폐지ㆍ상장적격성실질심사사유발생,20220216900831,Y,[Y 유지] 기존 판정(키워드/승계) 유지. (2018건 태깅 시 메모가 덮어써져 재작성),,,,재무(Y)
00348177,트레이스,20180322,상장폐지,주권매매거래정지(상장폐지 사유발생),20180322901716,Y,[원문확인-시장안내] 감사범위제한으로 인한 의견거절(감사의견),,,,재무(Y)
00349732,코나아이,20200319,상장폐지,주권매매거래정지기간변경(상장폐지 사유 발생),20200319902038,Y,[원문확인] 감사범위제한으로 인한 한정(감사의견),,,,재무(Y)
00350048,오성첨단소재,20150311,시장조치(복합),내부결산시점관리종목지정ㆍ형식적상장폐지ㆍ상장적격성실질심사사유발생,20150311900743,Y,"자본잠식,자기자본,영업손실",,,,재무(Y)
00350048,오성첨단소재,20220323,상장폐지,주권매매거래정지기간변경(상장폐지 사유 발생),20220323900366,Y,[원문확인] 감사범위제한으로 인한 한정(감사의견),,,,재무(Y)
00351047,아이팩토리,20150313,시장조치(복합),내부결산시점관리종목지정ㆍ형식적상장폐지ㆍ상장적격성실질심사사유발생,20150313901516,Y,"자본잠식,자기자본,영업손실",,,,재무(Y)
00351454,더테크놀로지,20250221,시장조치(복합),내부결산시점관리종목지정ㆍ형식적상장폐지ㆍ상장적격성실질심사사유발생,20250221901168,Y,"자본잠식,자기자본",,,,재무(Y)
00351454,더테크놀로지,20250718,상장폐지,주권매매거래정지기간변경              (상장폐지 사유 발생),20250718900615,Y,"[자동승계:147일 전 판정 '자본잠식,자기자본' 상속]",,,,재무(Y)
00351454,더테크놀로지,20260213,시장조치(복합),내부결산시점관리종목지정ㆍ형식적상장폐지ㆍ상장적격성실질심사사유발생,20260213901220,Y,"자본잠식,자기자본",,,,재무(Y)
00351630,세코닉스,20210330,상장폐지,주권매매거래정지기간변경(상장폐지 사유 발생),20210330902427,Y,[원문확인] 감사범위제한으로 인한 한정(감사의견),,,,재무(Y)
00352718,소리바다,20210216,시장조치(복합),내부결산시점관리종목지정ㆍ형식적상장폐지ㆍ상장적격성실질심사사유발생,20210216900989,Y,"자본잠식,자기자본,영업손실",,,,재무(Y)
00352718,소리바다,20210514,상장폐지,주권매매거래정지(상장폐지 사유발생),20210514901641,Y,"감사의견,의견거절",,,,재무(Y)
00352718,소리바다,20220216,시장조치(복합),내부결산시점관리종목지정ㆍ형식적상장폐지ㆍ상장적격성실질심사사유발생,20220216900779,Y,"자본잠식,자기자본,영업손실",,,,재무(Y)
00352718,소리바다,20220324,상장폐지,주권매매거래정지기간변경(상장폐지 사유 발생),20220324900001,Y,"감사의견,의견거절",,,,재무(Y)
00353018,헬스커넥트,20200814,관리종목,주권매매거래정지(관리종목지정사유발생),20200814902932,Y,[원문확인-보고서제목] 반기검토(감사)의견부적정등사실확인(자본잠식률50%이상 또는 자기자본10억미만 포함),,,,재무(Y)
00353018,헬스커넥트,20210323,상장폐지,주권매매거래정지기간변경(상장폐지 사유 발생),20210323901401,Y,감사의견,,,,재무(Y)
00353018,헬스커넥트,20210817,상장폐지,주권매매거래정지기간변경(상장폐지 사유 발생),20210817902412,Y,감사의견,,,,재무(Y)
00353018,헬스커넥트,20230724,상장폐지,주권매매거래정지기간변경(상장폐지사유 발생),20230724900556,Y,[자동승계:706일 전 판정 '감사의견' 상속],,,,재무(Y)
00355548,한국테크놀로지,20230216,시장조치(복합),내부결산시점관리종목지정ㆍ형식적상장폐지ㆍ상장적격성실질심사사유발생,20230216900965,Y,"자본잠식,자기자본",,,,재무(Y)
00355548,한국테크놀로지,20230323,상장폐지,주권매매거래정지기간변경(상장폐지 사유 발생),20230323902253,Y,"감사의견,의견거절",,,,재무(Y)
00355548,한국테크놀로지,20240229,시장조치(복합),내부결산시점관리종목지정ㆍ형식적상장폐지ㆍ상장적격성실질심사사유발생,20240229901523,Y,"자본잠식,자기자본,감사의견",,,,재무(Y)
00355548,한국테크놀로지,20240321,상장폐지,주권매매거래정지기간변경              (상장폐지 사유 발생),20240321902774,Y,감사의견,,,,재무(Y)
00356839,메디콕스,20251027,상장폐지,주권매매거래정지기간변경              (상장폐지 사유 발생),20251027900590,,[원문확인-시장안내] 전 임원 횡령·배임·자본시장법 위반 혐의 공소제기 - 별도 카테고리,Y,,,별도-횡령·배임
00356839,메디콕스,20260323,상장폐지,주권매매거래정지기간변경              (상장폐지 사유 발생),20260323902753,Y,감사의견,,,,재무(Y)
00356927,에이디칩스,20160205,시장조치(복합),내부결산시점관리종목지정ㆍ형식적상장폐지ㆍ상장적격성실질심사사유발생,20160205900731,Y,"자본잠식,자기자본,영업손실",,,,재무(Y)
00356927,에이디칩스,20160316,관리종목,주권매매거래정지(관리종목지정사유발생),20160316900353,Y,영업손실,,,,재무(Y)
00356927,에이디칩스,20220210,시장조치(복합),내부결산시점관리종목지정ㆍ형식적상장폐지ㆍ상장적격성실질심사사유발생,20220210900603,Y,"자본잠식,자기자본,영업손실",,,,재무(Y)
00356927,에이디칩스,20220318,관리종목,주권매매거래정지(관리종목지정사유발생),20220318900378,Y,"[자동승계:36일 전 판정 '자본잠식,자기자본,영업손실' 상속]",,,,재무(Y)
00356927,에이디칩스,20240320,시장조치(복합),내부결산시점관리종목지정ㆍ형식적상장폐지ㆍ상장적격성실질심사사유발생,20240320901516,Y,"자본잠식,자기자본",,,,재무(Y)
00356927,에이디칩스,20240418,상장폐지,주권매매거래정지기간변경              (상장폐지 사유 발생),20240418900676,Y,"감사의견,의견거절,계속기업",,,,재무(Y)
00356927,에이디칩스,20250407,상장폐지,주권매매거래정지기간변경              (상장폐지 사유 발생),20250407901286,Y,감사의견,,,,재무(Y)
00359474,제이웨이,20150316,시장조치(복합),내부결산시점관리종목지정ㆍ형식적상장폐지ㆍ상장적격성실질심사사유발생,20150316900670,Y,"자본잠식,자기자본,영업손실",,,,재무(Y)
00359474,제이웨이,20200212,시장조치(복합),내부결산시점관리종목지정ㆍ형식적상장폐지ㆍ상장적격성실질심사사유발생,20200212900782,Y,"자본잠식,자기자본,영업손실",,,,재무(Y)
00359474,제이웨이,20200319,관리종목,주권매매거래정지(관리종목지정사유발생),20200319902137,Y,"[자동승계:36일 전 판정 '자본잠식,자기자본,영업손실' 상속]",,,,재무(Y)
00359474,제이웨이,20210216,시장조치(복합),내부결산시점관리종목지정ㆍ형식적상장폐지ㆍ상장적격성실질심사사유발생,20210216900711,Y,"자본잠식,자기자본,영업손실",,,,재무(Y)
00359474,제이웨이,20210323,상장폐지,주권매매거래정지기간변경(상장폐지 사유 발생),20210323901826,Y,"감사의견,의견거절,계속기업",,,,재무(Y)
00359474,제이웨이,20220316,시장조치(복합),내부결산시점관리종목지정ㆍ형식적상장폐지ㆍ상장적격성실질심사사유발생,20220316902376,Y,"자본잠식,자기자본,영업손실",,,,재무(Y)
00359474,제이웨이,20220323,상장폐지,주권매매거래정지기간변경(상장폐지 사유 발생),20220323902078,Y,"감사의견,의견거절",,,,재무(Y)
00359474,제이웨이,20220816,상장폐지,주권매매거래정지기간변경(상장폐지 사유 발생),20220816903054,Y,"감사의견,의견거절",,,,재무(Y)
00361266,코원플레이,20210323,상장폐지,주권매매거래정지기간변경(상장폐지 사유 발생),20210323901710,Y,"감사의견,의견거절,계속기업",,,,재무(Y)
00361266,코원플레이,20220323,상장폐지,주권매매거래정지기간변경(상장폐지 사유 발생),20220323902006,Y,"감사의견,의견거절",,,,재무(Y)
00361266,코원플레이,20220816,상장폐지,주권매매거래정지기간변경(상장폐지 사유 발생),20220816902974,Y,"감사의견,의견거절",,,,재무(Y)
00361266,코원플레이,20230315,시장조치(복합),내부결산시점관리종목지정ㆍ형식적상장폐지ㆍ상장적격성실질심사사유발생,20230315901838,Y,"자본잠식,자기자본,감사의견",,,,재무(Y)
00361594,DMS,20250321,상장폐지,주권매매거래정지              (상장폐지 사유발생),20250321902362,Y,[원문확인-시장안내] 2024사업연도 감사범위제한으로 인한 의견거절(감사의견),,,,재무(Y)
00361725,네이트커뮤니케이션즈,20160114,시장조치(복합),내부결산시점관리종목지정ㆍ형식적상장폐지ㆍ상장적격성실질심사사유발생,20160114900386,Y,"자본잠식,자기자본,영업손실",,,,재무(Y)
00361725,네이트커뮤니케이션즈,20160310,관리종목,주권매매거래정지(관리종목지정사유발생),20160310901678,Y,"[자동승계:56일 전 판정 '자본잠식,자기자본,영업손실' 상속]",,,,재무(Y)
00361725,네이트커뮤니케이션즈,20161124,상장폐지,상장폐지결정,20161124900473,N,"자진상장폐지,자진 상장폐지",,,,비재무(N)
00361725,네이트커뮤니케이션즈,20170111,시장조치(복합),내부결산시점관리종목지정ㆍ형식적상장폐지ㆍ상장적격성실질심사사유발생,20170111900431,Y,"자본잠식,자기자본,영업손실",,,,재무(Y)
00364795,레드로버,20191104,상장폐지,주권매매거래정지기간변경(상장폐지 사유 발생),20191104900552,N,[원문확인] 법원 파산신청 관련 - 주 정의에서 이미 다루므로 이 보조라벨에서는 N,,,,비재무(N)
00364795,레드로버,20200227,시장조치(복합),내부결산시점관리종목지정ㆍ형식적상장폐지ㆍ상장적격성실질심사사유발생,20200227901270,Y,"자본잠식,자기자본,영업손실",,,,재무(Y)
00364795,레드로버,20220513,상장폐지,주권매매거래정지기간변경(상장폐지 사유 발생),20220513901503,Y,감사의견,,,,재무(Y)
00364926,플렉스컴,20160229,시장조치(복합),내부결산시점관리종목지정ㆍ형식적상장폐지ㆍ상장적격성실질심사사유발생,20160229900716,Y,"자본잠식,자기자본,영업손실",,,,재무(Y)
00364926,플렉스컴,20160322,상장폐지,주권매매거래정지기간변경(상장폐지 사유 발생),20160322900958,Y,"감사의견,의견거절,계속기업",,,,재무(Y)
00365758,아이앤씨,20160126,시장조치(복합),내부결산시점관리종목지정ㆍ형식적상장폐지ㆍ상장적격성실질심사사유발생,20160126900385,Y,"자본잠식,자기자본,영업손실",,,,재무(Y)
00365758,아이앤씨,20160317,관리종목,주권매매거래정지(관리종목지정사유발생),20160317900503,Y,영업손실,,,,재무(Y)
00365934,코세스,20150213,시장조치(복합),내부결산시점관리종목지정ㆍ형식적상장폐지ㆍ상장적격성실질심사사유발생,20150213900684,Y,"자본잠식,자기자본,영업손실",,,,재무(Y)
00365934,코세스,20150319,관리종목,주권매매거래정지(관리종목지정사유발생),20150319900565,Y,"[자동승계:34일 전 판정 '자본잠식,자기자본,영업손실' 상속]",,,,재무(Y)
00365934,코세스,20170201,시장조치(복합),내부결산시점관리종목지정ㆍ형식적상장폐지ㆍ상장적격성실질심사사유발생,20170201900623,Y,"자본잠식,자기자본,영업손실",,,,재무(Y)
00366793,에스제이케이,20160322,상장폐지,주권매매거래정지(상장폐지 사유발생),20160322900939,Y,[원문확인-시장안내] 감사범위제한으로 인한 한정(감사의견),,,,재무(Y)
00366793,에스제이케이,20170323,상장폐지,주권매매거래정지(상장폐지 사유발생),20170323901121,Y,[원문확인-시장안내] 감사범위제한으로 인한 한정(감사의견),,,,재무(Y)
00366793,에스제이케이,20190321,관리종목,주권매매거래정지(관리종목지정사유발생),20190321901016,Y,[원문확인-감사보고서] 법인세비용차감전계속사업손실률 50%초과 등 재무요건(관리종목),,,,재무(Y)
00366793,에스제이케이,20200214,시장조치(복합),내부결산시점관리종목지정ㆍ형식적상장폐지ㆍ상장적격성실질심사사유발생,20200214901148,Y,"자본잠식,자기자본,영업손실",,,,재무(Y)
00366793,에스제이케이,20200327,상장폐지,주권매매거래정지기간변경(상장폐지 사유 발생),20200327903853,Y,"의견거절,계속기업",,,,재무(Y)
00367482,빛과전자,20190318,상장폐지,주권매매거래정지기간변경(상장폐지 사유 발생),20190318901141,Y,[원문확인-시장안내] 감사범위제한으로 인한 의견거절(감사의견),,,,재무(Y)
00367695,에이전트AI,20150331,상장폐지,주권매매거래정지기간변경(상장폐지사유 발생 등),20150331904648,Y,"감사의견,의견거절,계속기업",,,,재무(Y)
00367695,에이전트AI,20160217,시장조치(복합),내부결산시점관리종목지정ㆍ형식적상장폐지ㆍ상장적격성실질심사사유발생,20160217900025,Y,"자본잠식,자기자본,영업손실",,,,재무(Y)
00367695,에이전트AI,20210208,시장조치(복합),내부결산시점관리종목지정ㆍ형식적상장폐지ㆍ상장적격성실질심사사유발생,20210208900940,Y,"자본잠식,자기자본,영업손실",,,,재무(Y)
00370200,아이로보틱스,20180814,관리종목,주권매매거래정지(관리종목지정사유발생),20180814902907,Y,[원문재확인-정정본 뒷부분] 법인세비용차감전계속사업손실률 183.3%(당해)/54.9%(직전) - 2년 연속 자기자본 50% 초과(관리종목 재무요건). 당기순손실 253억. (이전 '애매' 판단은 문서 뒷부분 표를 놓친 오류),,,,재무(Y)
00370200,아이로보틱스,20200214,시장조치(복합),내부결산시점관리종목지정ㆍ형식적상장폐지ㆍ상장적격성실질심사사유발생,20200214901147,Y,[원문재확인-정정본 뒷부분] 법인세비용차감전계속사업손실률 183.3%(당해)/54.9%(직전) - 2년 연속 자기자본 50% 초과(관리종목 재무요건). 당기순손실 253억. (이전 '애매' 판단은 문서 뒷부분 표를 놓친 오류),,⑥ 시장조치(복합) - 키워드 미매칭(원문 확인 필요),아이로보틱스: 순손실 268억으로 확대했으나 전환사채 평가손실+보증금 손상 등 일회성 항목이 원인. 매출은 +47%. 구조적 부실인지 판단 필요.,재무(Y)
00370200,아이로보틱스,20200327,관리종목,주권매매거래정지(관리종목지정사유발생),20200327903279,Y,[원문재확인-정정본 뒷부분] 법인세비용차감전계속사업손실률 183.3%(당해)/54.9%(직전) - 2년 연속 자기자본 50% 초과(관리종목 재무요건). 당기순손실 253억. (이전 '애매' 판단은 문서 뒷부분 표를 놓친 오류),,,,재무(Y)
00370255,테크엘,20190228,시장조치(복합),내부결산시점관리종목지정ㆍ형식적상장폐지ㆍ상장적격성실질심사사유발생,20190228901551,Y,"자본잠식,자기자본,영업손실",,,,재무(Y)
00370255,테크엘,20190814,상장폐지,주권매매거래정지기간변경(상장폐지 사유 발생),20190814903259,Y,"자본잠식,감사의견",,,,재무(Y)
00370255,테크엘,20210215,시장조치(복합),내부결산시점관리종목지정ㆍ형식적상장폐지ㆍ상장적격성실질심사사유발생,20210215900611,Y,"자본잠식,자기자본,영업손실",,,,재무(Y)
00370255,테크엘,20210913,상장폐지,주권매매거래정지기간변경(상장폐지 사유 발생),20210913900534,Y,"[자동승계:210일 전 판정 '자본잠식,자기자본,영업손실' 상속]",,,,재무(Y)
00370255,테크엘,20220318,상장폐지,주권매매거래정지기간변경(상장폐지 사유 발생),20220318901566,Y,감사의견,,,,재무(Y)
00372688,티사이언티픽,20190314,시장조치(복합),내부결산시점관리종목지정ㆍ형식적상장폐지ㆍ상장적격성실질심사사유발생,20190314901149,Y,"자본잠식,자기자본,영업손실",,,,재무(Y)
00372688,티사이언티픽,20190314,관리종목,주권매매거래정지(관리종목지정사유발생),20190314900997,Y,"[자동승계:0일 전 판정 '자본잠식,자기자본,영업손실' 상속]",,,,재무(Y)
00372989,비엔씨컴퍼니,20170322,상장폐지,주권매매거래정지기간변경(상장폐지 사유 발생),20170322900150,Y,[원문확인-감사보고서] 감사의견 비적정(거절/한정) + 손실률50%초과,,,,재무(Y)
00373021,테라사이언스,20170216,시장조치(복합),내부결산시점관리종목지정ㆍ형식적상장폐지ㆍ상장적격성실질심사사유발생,20170216900565,Y,"자본잠식,자기자본,영업손실",,,,재무(Y)
00373021,테라사이언스,20240408,상장폐지,주권매매거래정지기간변경              (상장폐지 사유 발생),20240408900769,Y,"감사의견,의견거절",,,,재무(Y)
00373021,테라사이언스,20250321,상장폐지,주권매매거래정지기간변경              (상장폐지 사유 발생),20250321902327,Y,감사의견,,,,재무(Y)
00373571,스타코링크,20250210,시장조치(복합),내부결산시점관리종목지정ㆍ형식적상장폐지ㆍ상장적격성실질심사사유발생,20250210901169,Y,"자본잠식,자기자본",,,,재무(Y)
00373571,스타코링크,20250714,상장폐지,주권매매거래정지기간변경              (상장폐지사유 발생),20250714900604,Y,"[자동승계:154일 전 판정 '자본잠식,자기자본' 상속]",,,,재무(Y)
00373571,스타코링크,20260209,시장조치(복합),내부결산시점관리종목지정ㆍ형식적상장폐지ㆍ상장적격성실질심사사유발생,20260209901168,Y,"자본잠식,자기자본,영업손실",,,,재무(Y)
00374020,이엘피,20170331,상장폐지,상장폐지결정,20170331604606,N,[원문확인] 코스닥시장 이전상장(코넥스→코스닥),,,,비재무(N)
00378220,버킷스튜디오,20230331,상장폐지,주권매매거래정지기간변경(상장폐지 사유 발생),20230331903205,Y,"감사의견,의견거절",,,,재무(Y)
00378220,버킷스튜디오,20240328,상장폐지,주권매매거래정지기간변경              (상장폐지 사유 발생),20240328903803,Y,감사의견,,,,재무(Y)
00378220,버킷스튜디오,20260708,상장폐지,주권매매거래정지기간변경              (상장폐지 사유 발생),20260708900864,Y,[자동승계:832일 전 판정 '감사의견' 상속],,,,재무(Y)
00379016,이엘케이,20190228,시장조치(복합),내부결산시점관리종목지정ㆍ형식적상장폐지ㆍ상장적격성실질심사사유발생,20190228901691,Y,"자본잠식,자기자본,영업손실",,,,재무(Y)
00379016,이엘케이,20190327,상장폐지,주권매매거래정지기간변경(상장폐지 사유 발생),20190327901847,Y,"감사의견,의견거절,계속기업",,,,재무(Y)
00379016,이엘케이,20200221,시장조치(복합),내부결산시점관리종목지정ㆍ형식적상장폐지ㆍ상장적격성실질심사사유발생,20200221901105,Y,"자본잠식,자기자본,영업손실",,,,재무(Y)
00379016,이엘케이,20200330,상장폐지,주권매매거래정지기간변경(상장폐지 사유 발생),20200330906347,Y,"감사의견,의견거절,계속기업",,,,재무(Y)
00384948,대유,20230829,상장폐지,주권매매거래정지기간변경(상장폐지사유 발생),20230829900638,,[원문확인-시장안내] 현 대표이사 배임혐의 - 별도 카테고리,Y,,,별도-횡령·배임
00385415,일신바이오,20220407,상장폐지,주권매매거래정지기간변경(상장폐지 사유 발생),20220407900768,Y,[원문확인] 감사범위제한으로 인한 한정(감사의견),,,,재무(Y)
00389387,라임,20190320,상장폐지,주권매매거래정지기간변경(상장폐지 사유발생),20190320901013,Y,의견거절,,,,재무(Y)
00389679,해피드림,20150323,상장폐지,주권매매거래정지(상장폐지 사유발생),20150323900006,Y,[원문확인] 감사범위제한으로 인한 한정(감사의견),,,,재무(Y)
00390408,인크레더블버즈,20210329,관리종목,주권매매거래정지(관리종목지정사유발생),20210329900851,Y,[원문확인-감사보고서] 법인세비용차감전계속사업손실률 50%초과 + 영업손실 2개년(관리종목 재무요건),,,,재무(Y)
00390408,인크레더블버즈,20230302,시장조치(복합),내부결산시점관리종목지정ㆍ형식적상장폐지ㆍ상장적격성실질심사사유발생,20230302900766,Y,"자본잠식,자기자본,영업손실",,,,재무(Y)
00390408,인크레더블버즈,20260407,상장폐지,주권매매거래정지기간변경              (상장폐지 사유 발생),20260407900956,Y,감사의견,,,,재무(Y)
00390860,대산F&B,20190130,시장조치(복합),내부결산시점관리종목지정ㆍ형식적상장폐지ㆍ상장적격성실질심사사유발생,20190130900827,Y,"자본잠식,자기자본,영업손실",,,,재무(Y)
00390860,대산F&B,20190509,상장폐지,주권매매거래정지기간변경(상장폐지 사유 발생),20190509900764,Y,"[자동승계:99일 전 판정 '자본잠식,자기자본,영업손실' 상속]",,,,재무(Y)
00390860,대산F&B,20200316,시장조치(복합),내부결산시점관리종목지정ㆍ형식적상장폐지ㆍ상장적격성실질심사사유발생,20200316901605,Y,"자본잠식,자기자본,영업손실",,,,재무(Y)
00390860,대산F&B,20200323,상장폐지,주권매매거래정지기간변경(상장폐지 사유 발생),20200323902009,Y,의견거절,,,,재무(Y)
00390860,대산F&B,20210217,시장조치(복합),내부결산시점관리종목지정ㆍ형식적상장폐지ㆍ상장적격성실질심사사유발생,20210217900003,Y,"자본잠식,자기자본,영업손실",,,,재무(Y)
00390860,대산F&B,20240405,상장폐지,주권매매거래정지기간변경              (상장폐지 사유 발생),20240405901013,Y,의견거절,,,,재무(Y)
00391197,하이퍼코퍼레이션,20250320,시장조치(복합),내부결산시점관리종목지정ㆍ형식적상장폐지ㆍ상장적격성실질심사사유발생,20250320901952,Y,"자본잠식,자기자본,영업손실",,,,재무(Y)
00391197,하이퍼코퍼레이션,20250321,관리종목,주권매매거래정지              (관리종목지정사유발생),20250321901018,Y,"[자동승계:1일 전 판정 '자본잠식,자기자본,영업손실' 상속]",,,,재무(Y)
00393469,메티스,20220829,상장폐지,주권매매거래정지기간변경(상장폐지 사유 발생),20220829900562,,[원문확인] 횡령·배임 혐의 진행사항 공시 확인(개선기간 부여 건). 별도 카테고리,Y,,,별도-횡령·배임
00394778,케이엔씨글로벌,20170118,상장폐지,주권매매거래정지기간변경(상장폐지 사유 발생),20170118900552,,[원문확인-시장안내] 회계처리위반으로 실질심사 대상 결정 - 별도 카테고리,Y,,,별도-회계처리위반
00398701,엘앤에프,20230908,상장폐지,상장폐지승인을위한의안상정결정,20230908900376,N,"[패턴추정, 개별미확인] 대형 우량기업/선박투자회사 - 33개 원문 샘플 전부 이전상장/자진상장폐지(공개매수)/합병/펀드만기청산으로 확인됨. 같은 계열로 추정. 시간 제약상 개별 원문은 미확인.",Y-패턴추정,,,비재무(N)
00398701,엘앤에프,20240117,상장폐지,상장폐지결정,20240117900452,N,"[패턴추정, 개별미확인] 대형 우량기업/선박투자회사 - 33개 원문 샘플 전부 이전상장/자진상장폐지(공개매수)/합병/펀드만기청산으로 확인됨. 같은 계열로 추정. 시간 제약상 개별 원문은 미확인.",Y-패턴추정,,,비재무(N)
00400121,유아이디,20190211,시장조치(복합),내부결산시점관리종목지정ㆍ형식적상장폐지ㆍ상장적격성실질심사사유발생,20190211900465,Y,"자본잠식,자기자본,영업손실",,,,재무(Y)
00400121,유아이디,20190318,관리종목,주권매매거래정지(관리종목지정사유발생),20190318900574,Y,"[자동승계:35일 전 판정 '자본잠식,자기자본,영업손실' 상속]",,,,재무(Y)
00400121,유아이디,20200210,시장조치(복합),내부결산시점관리종목지정ㆍ형식적상장폐지ㆍ상장적격성실질심사사유발생,20200210900889,Y,"자본잠식,자기자본,영업손실",,,,재무(Y)
00400121,유아이디,20210210,시장조치(복합),내부결산시점관리종목지정ㆍ형식적상장폐지ㆍ상장적격성실질심사사유발생,20210210900974,Y,"자본잠식,자기자본,영업손실",,,,재무(Y)
00402989,유한코스메틱,20210323,상장폐지,주권매매거래정지기간변경(상장폐지 사유 발생),20210323901854,Y,의견거절,,,,재무(Y)
00402989,유한코스메틱,20210824,상장폐지,주권매매거래정지기간변경(상장폐지 사유 발생),20210824900529,Y,"감사의견,의견거절",,,,재무(Y)
00402989,유한코스메틱,20220323,상장폐지,주권매매거래정지기간변경(상장폐지 사유 발생),20220323902047,Y,"감사의견,의견거절,계속기업",,,,재무(Y)
00402989,유한코스메틱,20220816,상장폐지,주권매매거래정지기간변경(상장폐지 사유 발생),20220816903062,Y,"감사의견,의견거절",,,,재무(Y)
00402989,유한코스메틱,20230213,시장조치(복합),내부결산시점관리종목지정ㆍ형식적상장폐지ㆍ상장적격성실질심사사유발생,20230213901309,Y,"자본잠식,자기자본,감사의견",,,,재무(Y)
00403766,한국첨단소재,20240207,시장조치(복합),내부결산시점관리종목지정ㆍ형식적상장폐지ㆍ상장적격성실질심사사유발생,20240207901557,Y,"자본잠식,자기자본",,,,재무(Y)
00406037,CSA 코스믹,20200213,시장조치(복합),내부결산시점관리종목지정ㆍ형식적상장폐지ㆍ상장적격성실질심사사유발생,20200213900867,Y,"자본잠식,자기자본,영업손실",,,,재무(Y)
00406037,CSA 코스믹,20230217,시장조치(복합),내부결산시점관리종목지정ㆍ형식적상장폐지ㆍ상장적격성실질심사사유발생,20230217900768,Y,"자본잠식,자기자본,영업손실",,,,재무(Y)
00406037,CSA 코스믹,20230322,관리종목,주권매매거래정지(관리종목지정사유 발생),20230322901401,Y,"[자동승계:33일 전 판정 '자본잠식,자기자본,영업손실' 상속]",,,,재무(Y)
00406329,루멘스,20210407,관리종목,주권매매거래정지(관리종목지정사유발생),20210407900294,Y,[원문확인-감사보고서] 최근 4사업연도 연속 영업손실(관리종목 요건),,,,재무(Y)
00408956,제넨바이오,20160229,시장조치(복합),내부결산시점관리종목지정ㆍ형식적상장폐지ㆍ상장적격성실질심사사유발생,20160229900947,Y,"자본잠식,자기자본,영업손실",,,,재무(Y)
00408956,제넨바이오,20170214,시장조치(복합),내부결산시점관리종목지정ㆍ형식적상장폐지ㆍ상장적격성실질심사사유발생,20170214900829,Y,"자본잠식,자기자본,영업손실",,,,재무(Y)
00408956,제넨바이오,20220209,시장조치(복합),내부결산시점관리종목지정ㆍ형식적상장폐지ㆍ상장적격성실질심사사유발생,20220209900406,Y,"자본잠식,자기자본,영업손실",,,,재무(Y)
00408956,제넨바이오,20220321,관리종목,주권매매거래정지(관리종목지정사유발생),20220321901713,Y,"[자동승계:40일 전 판정 '자본잠식,자기자본,영업손실' 상속]",,,,재무(Y)
00408956,제넨바이오,20240321,상장폐지,주권매매거래정지              (상장폐지 사유발생),20240321902876,Y,"의견거절,계속기업",,,,재무(Y)
00408956,제넨바이오,20250228,시장조치(복합),내부결산시점관리종목지정ㆍ형식적상장폐지ㆍ상장적격성실질심사사유발생,20250228901224,Y,"자본잠식,자기자본,감사의견",,,,재무(Y)
00408956,제넨바이오,20250320,상장폐지,주권매매거래정지기간변경              (상장폐지 사유 발생),20250320902501,Y,감사의견,,,,재무(Y)
00409371,인베니아,20260323,관리종목,주권매매거래정지              (관리종목지정사유발생),20260323900943,Y,[원문확인-감사보고서] 손실률50%초과 + 4사업연도 영업손실(관리종목 요건),,,,재무(Y)
00410678,다린,20170726,상장폐지,상장폐지결정,20170726600272,N,자진 상장폐지,,,,비재무(N)
00410739,푸른소나무,20160314,관리종목,주권매매거래정지(관리종목지정사유발생),20160314900025,Y,영업손실,,,,재무(Y)
00410739,푸른소나무,20200312,시장조치(복합),내부결산시점관리종목지정ㆍ형식적상장폐지ㆍ상장적격성실질심사사유발생,20200312902287,Y,"자본잠식,자기자본,영업손실",,,,재무(Y)
00410739,푸른소나무,20200319,관리종목,주권매매거래정지(관리종목지정사유발생),20200319900387,Y,"[자동승계:7일 전 판정 '자본잠식,자기자본,영업손실' 상속]",,,,재무(Y)
00410739,푸른소나무,20220322,상장폐지,주권매매거래정지기간변경(상장폐지 사유 발생),20220322901691,Y,의견거절,,,,재무(Y)
00410739,푸른소나무,20230321,상장폐지,주권매매거래정지기간변경(상장폐지 사유 발생),20230321902071,Y,감사의견,,,,재무(Y)
00410739,푸른소나무,20240312,시장조치(복합),내부결산시점관리종목지정ㆍ형식적상장폐지ㆍ상장적격성실질심사사유발생,20240312901497,Y,"자본잠식,자기자본,감사의견",,,,재무(Y)
00410739,푸른소나무,20240408,상장폐지,주권매매거래정지기간변경              (상장폐지 사유 발생),20240408900768,Y,감사의견,,,,재무(Y)
00410739,푸른소나무,20250228,시장조치(복합),내부결산시점관리종목지정ㆍ형식적상장폐지ㆍ상장적격성실질심사사유발생,20250228901696,Y,"자본잠식,자기자본,감사의견",,,,재무(Y)
00410739,푸른소나무,20250321,상장폐지,주권매매거래정지기간변경              (상장폐지 사유 발생),20250321901862,Y,감사의견,,,,재무(Y)
00411905,테라셈,20190128,시장조치(복합),내부결산시점관리종목지정ㆍ형식적상장폐지ㆍ상장적격성실질심사사유발생,20190128900524,Y,"자본잠식,자기자본,영업손실",,,,재무(Y)
00411905,테라셈,20190308,관리종목,주권매매거래정지(관리종목지정사유발생),20190308900858,Y,"[자동승계:39일 전 판정 '자본잠식,자기자본,영업손실' 상속]",,,,재무(Y)
00411905,테라셈,20200128,시장조치(복합),내부결산시점관리종목지정ㆍ형식적상장폐지ㆍ상장적격성실질심사사유발생,20200128900680,Y,"자본잠식,자기자본,영업손실",,,,재무(Y)
00411905,테라셈,20210323,상장폐지,주권매매거래정지기간변경(상장폐지 사유 발생),20210323901855,Y,의견거절,,,,재무(Y)
00411905,테라셈,20220216,시장조치(복합),내부결산시점관리종목지정ㆍ형식적상장폐지ㆍ상장적격성실질심사사유발생,20220216900894,Y,"자본잠식,자기자본,영업손실",,,,재무(Y)
00411905,테라셈,20220323,상장폐지,주권매매거래정지기간변경(상장폐지 사유 발생),20220323902046,Y,감사의견,,,,재무(Y)
00413046,셀트리온,20170821,상장폐지,상장폐지승인을위한의안상정결정,20170821900094,N,"[패턴추정, 개별미확인] 대형 우량기업/선박투자회사 - 33개 원문 샘플 전부 이전상장/자진상장폐지(공개매수)/합병/펀드만기청산으로 확인됨. 같은 계열로 추정. 시간 제약상 개별 원문은 미확인.",Y-패턴추정,,,비재무(N)
00413046,셀트리온,20180206,상장폐지,상장폐지결정,20180206900126,N,"[패턴추정, 개별미확인] 대형 우량기업/선박투자회사 - 33개 원문 샘플 전부 이전상장/자진상장폐지(공개매수)/합병/펀드만기청산으로 확인됨. 같은 계열로 추정. 시간 제약상 개별 원문은 미확인.",Y-패턴추정,,,비재무(N)
00413824,제이앤유글로벌,20160322,상장폐지,주권매매거래정지기간변경(상장폐지 사유 발생),20160322900968,Y,[원문확인-시장안내] 상장폐지 관련 안내(감사의견 비적정) + 영업손실 4개년,,,,재무(Y)
00418476,엠제이비,20160322,상장폐지,주권매매거래정지(상장폐지 사유발생),20160322900828,Y,[원문확인-시장안내] 상장폐지 관련 안내(감사의견 비적정). 배임혐의 병존,,,,재무(Y)
00440712,리튬포어스,20170228,시장조치(복합),내부결산시점관리종목지정ㆍ형식적상장폐지ㆍ상장적격성실질심사사유발생,20170228901106,Y,"자본잠식,자기자본,영업손실",,,,재무(Y)
00440712,리튬포어스,20250213,시장조치(복합),내부결산시점관리종목지정ㆍ형식적상장폐지ㆍ상장적격성실질심사사유발생,20250213901213,Y,"자본잠식,자기자본,영업손실",,,,재무(Y)
00440712,리튬포어스,20250321,관리종목,주권매매거래정지              (관리종목지정사유발생),20250321901604,Y,"[자동승계:36일 전 판정 '자본잠식,자기자본,영업손실' 상속]",,,,재무(Y)
00441128,아리온테크놀로지,20200326,상장폐지,주권매매거래정지기간변경(상장폐지 사유 발생),20200326902384,Y,"감사의견,의견거절,계속기업",,,,재무(Y)
00441128,아리온테크놀로지,20210210,시장조치(복합),내부결산시점관리종목지정ㆍ형식적상장폐지ㆍ상장적격성실질심사사유발생,20210210901509,Y,"자본잠식,자기자본,영업손실",,,,재무(Y)
00441128,아리온테크놀로지,20210323,상장폐지,주권매매거래정지기간변경(상장폐지 사유 발생),20210323901844,Y,"감사의견,의견거절,계속기업",,,,재무(Y)
00441128,아리온테크놀로지,20210817,상장폐지,주권매매거래정지기간변경(상장폐지 사유 발생),20210817902581,Y,"감사의견,의견거절,부적정",,,,재무(Y)
00442455,코스나인,20241217,상장폐지,주권매매거래정지기간변경              (상장폐지 사유 발생),20241217900779,,[원문확인-시장안내] 횡령·배임 혐의 발생(특경법) - 별도 카테고리,Y,,,별도-횡령·배임
00442455,코스나인,20250228,시장조치(복합),내부결산시점관리종목지정ㆍ형식적상장폐지ㆍ상장적격성실질심사사유발생,20250228901723,Y,"자본잠식,자기자본",,,,재무(Y)
00442455,코스나인,20250321,상장폐지,주권매매거래정지기간변경              (상장폐지 사유 발생),20250321902384,Y,"[자동승계:21일 전 판정 '자본잠식,자기자본' 상속]",,,,재무(Y)
00442570,제우스,20221115,상장폐지,해외증권시장주권등상장폐지결정(종속회사의주요경영사항),20221115900356,N,"[도메인판단, 원문미확인] 자회사/종속회사의 해외상장폐지 보고 - 상장사 본인(모회사)의 재무부실과 무관. 모회사는 대형 우량기업.",,,,비재무(N)
00442570,제우스,20230821,상장폐지,해외증권시장주권등상장폐지결정(종속회사의주요경영사항),20230821900564,N,"[도메인판단, 원문미확인] 자회사/종속회사의 해외상장폐지 보고 - 상장사 본인(모회사)의 재무부실과 무관. 모회사는 대형 우량기업.",,,,비재무(N)
00445869,유니포인트,20200320,상장폐지,주권매매거래정지(상장폐지 사유발생),20200320602400,Y,"감사의견,의견거절",,,,재무(Y)
00446460,아이디에스,20150212,시장조치(복합),내부결산시점관리종목지정ㆍ형식적상장폐지ㆍ상장적격성실질심사사유발생,20150212900866,Y,"자본잠식,자기자본,영업손실",,,,재무(Y)
00446460,아이디에스,20150817,상장폐지,주권매매거래정지(상장폐지 사유발생),20150817901955,Y,"자본잠식,자기자본,감사의견",,,,재무(Y)
00447478,엔에스브이,20160322,상장폐지,주권매매거래정지(상장폐지 사유발생),20160322900944,Y,[원문확인-시장안내] 상장폐지 관련 안내(감사의견 비적정),,,,재무(Y)
00447478,엔에스브이,20170315,시장조치(복합),내부결산시점관리종목지정ㆍ형식적상장폐지ㆍ상장적격성실질심사사유발생,20170315901005,Y,"자본잠식,자기자본,영업손실",,,,재무(Y)
00447478,엔에스브이,20170322,상장폐지,주권매매거래정지기간변경(상장폐지 사유 발생),20170322900793,Y,"[자동승계:7일 전 판정 '자본잠식,자기자본,영업손실' 상속]",,,,재무(Y)
00447609,비에이치,20230316,상장폐지,상장폐지승인을위한의안상정결정,20230316900535,N,"[패턴추정, 개별미확인] 대형 우량기업/선박투자회사 - 33개 원문 샘플 전부 이전상장/자진상장폐지(공개매수)/합병/펀드만기청산으로 확인됨. 같은 계열로 추정. 시간 제약상 개별 원문은 미확인.",Y-패턴추정,,,비재무(N)
00447609,비에이치,20230613,상장폐지,상장폐지결정,20230613900131,N,"[패턴추정, 개별미확인] 대형 우량기업/선박투자회사 - 33개 원문 샘플 전부 이전상장/자진상장폐지(공개매수)/합병/펀드만기청산으로 확인됨. 같은 계열로 추정. 시간 제약상 개별 원문은 미확인.",Y-패턴추정,,,비재무(N)
00450339,에스에프씨,20190329,상장폐지,주권매매거래정지기간변경(상장폐지 사유 발생),20190329900517,Y,의견거절,,,,재무(Y)
00450339,에스에프씨,20200320,상장폐지,주권매매거래정지기간변경(상장폐지 사유 발생),20200320902365,Y,의견거절,,,,재무(Y)
00454265,스틸플라워,20170210,시장조치(복합),내부결산시점관리종목지정ㆍ형식적상장폐지ㆍ상장적격성실질심사사유발생,20170210900872,Y,"자본잠식,자기자본,영업손실",,,,재무(Y)
00454265,스틸플라워,20170323,관리종목,주권매매거래정지(관리종목지정사유발생),20170323900974,Y,"[자동승계:41일 전 판정 '자본잠식,자기자본,영업손실' 상속]",,,,재무(Y)
00454265,스틸플라워,20180207,시장조치(복합),내부결산시점관리종목지정ㆍ형식적상장폐지ㆍ상장적격성실질심사사유발생,20180207901216,Y,"자본잠식,자기자본,영업손실",,,,재무(Y)
00455112,금빛,20210215,시장조치(복합),내부결산시점관리종목지정ㆍ형식적상장폐지ㆍ상장적격성실질심사사유발생,20210215901123,Y,"자본잠식,자기자본,영업손실",,,,재무(Y)
00455112,금빛,20210323,상장폐지,주권매매거래정지기간변경(상장폐지 사유 발생),20210323901780,Y,"의견거절,계속기업",,,,재무(Y)
00458562,에이티세미콘,20170323,관리종목,주권매매거래정지(관리종목지정사유발생),20170323900958,Y,[원문확인-감사보고서] 손실률50%초과 + 영업손실 3개년(관리종목 요건),,,,재무(Y)
00458562,에이티세미콘,20230905,상장폐지,주권매매거래정지기간변경(상장폐지 사유 발생),20230905900697,,[원문확인-시장안내] 대표이사 횡령·배임 혐의 발생 - 별도 카테고리,Y,,,별도-횡령·배임
00470829,인티큐브,20180327,상장폐지,주권매매거래정지기간변경(상장폐지 사유 발생),20180327901371,Y,[원문확인-시장안내] 감사범위제한으로 인한 한정(감사의견),,,,재무(Y)
00475718,이엠앤아이,20190408,상장폐지,주권매매거래정지기간변경(상장폐지 사유 발생),20190408901091,Y,"감사의견,의견거절,계속기업",,,,재무(Y)
00475718,이엠앤아이,20200228,시장조치(복합),내부결산시점관리종목지정ㆍ형식적상장폐지ㆍ상장적격성실질심사사유발생,20200228901461,Y,"자본잠식,자기자본,영업손실",,,,재무(Y)
00475718,이엠앤아이,20200807,상장폐지,주권매매거래정지기간변경(상장폐지 사유 발생),20200807900713,Y,"[자동승계:161일 전 판정 '자본잠식,자기자본,영업손실' 상속]",,,,재무(Y)
00475718,이엠앤아이,20210216,시장조치(복합),내부결산시점관리종목지정ㆍ형식적상장폐지ㆍ상장적격성실질심사사유발생,20210216900949,Y,"자본잠식,자기자본,영업손실",,,,재무(Y)
00475718,이엠앤아이,20210824,상장폐지,주권매매거래정지기간변경(상장폐지 사유 발생),20210824900573,Y,감사의견,,,,재무(Y)
00475985,시너지이노베이션,20160212,시장조치(복합),내부결산시점관리종목지정ㆍ형식적상장폐지ㆍ상장적격성실질심사사유발생,20160212900914,Y,"자본잠식,자기자본,영업손실",,,,재무(Y)
00477257,지나인제약,20180205,시장조치(복합),내부결산시점관리종목지정ㆍ형식적상장폐지ㆍ상장적격성실질심사사유발생,20180205901032,Y,"자본잠식,자기자본,영업손실",,,,재무(Y)
00477257,지나인제약,20180322,관리종목,주권매매거래정지(관리종목지정사유발생),20180322900940,Y,"[자동승계:45일 전 판정 '자본잠식,자기자본,영업손실' 상속]",,,,재무(Y)
00477257,지나인제약,20210817,관리종목,주권매매거래정지(관리종목지정사유발생),20210817901795,Y,[원문확인-보고서제목] 반기검토(감사)의견부적정등사실확인(자본잠식률 등),,,,재무(Y)
00477257,지나인제약,20220302,시장조치(복합),내부결산시점관리종목지정ㆍ형식적상장폐지ㆍ상장적격성실질심사사유발생,20220302901086,Y,"자본잠식,자기자본,영업손실",,,,재무(Y)
00477257,지나인제약,20220318,상장폐지,주권매매거래정지기간변경(상장폐지 사유 발생),20220318901501,Y,"의견거절,계속기업",,,,재무(Y)
00477257,지나인제약,20220816,상장폐지,주권매매거래정지기간변경(상장폐지 사유 발생),20220816902831,Y,감사의견,,,,재무(Y)
00477257,지나인제약,20230302,시장조치(복합),내부결산시점관리종목지정ㆍ형식적상장폐지ㆍ상장적격성실질심사사유발생,20230302901149,Y,"자본잠식,자기자본,감사의견",,,,재무(Y)
00477257,지나인제약,20230323,상장폐지,주권매매거래정지기간변경(상장폐지 사유 발생),20230323902222,Y,감사의견,,,,재무(Y)
00479705,케스피온,20190321,상장폐지,주권매매거래정지기간변경(상장폐지 사유 발생),20190321901797,Y,의견거절,,,,재무(Y)
00479705,케스피온,20200320,상장폐지,주권매매거래정지기간변경(상장폐지 사유 발생),20200320902277,Y,"감사의견,의견거절",,,,재무(Y)
00480367,SK오션플랜트,20221207,상장폐지,상장폐지승인을위한의안상정결정,20221207900418,N,"[패턴추정, 개별미확인] 대형 우량기업/선박투자회사 - 33개 원문 샘플 전부 이전상장/자진상장폐지(공개매수)/합병/펀드만기청산으로 확인됨. 같은 계열로 추정. 시간 제약상 개별 원문은 미확인.",Y-패턴추정,,,비재무(N)
00480367,SK오션플랜트,20230412,상장폐지,상장폐지결정,20230412900317,N,"[패턴추정, 개별미확인] 대형 우량기업/선박투자회사 - 33개 원문 샘플 전부 이전상장/자진상장폐지(공개매수)/합병/펀드만기청산으로 확인됨. 같은 계열로 추정. 시간 제약상 개별 원문은 미확인.",Y-패턴추정,,,비재무(N)
00480756,이트론,20231208,상장폐지,주권매매거래정지기간변경(상장폐지사유 발생),20231208900707,,[원문확인-시장안내] 횡령·배임 혐의 발생 - 별도 카테고리,Y,,,별도-횡령·배임
00491336,잘만테크,20150330,상장폐지,주권매매거래정지기간변경(상장폐지사유 발생),20150330902021,Y,"감사의견,의견거절,계속기업",,,,재무(Y)
00492353,파이오링크,20160328,상장폐지,주권매매거래정지(상장폐지 사유발생),20160328900023,Y,[원문확인-시장안내] 상장폐지 관련 안내(감사의견 비적정),,,,재무(Y)
00493431,자안바이오,20210817,관리종목,주권매매거래정지기간변경(관리종목지정사유발생),20210817900271,Y,[원문확인-보고서제목] 반기검토(감사)의견부적정등사실확인(자본잠식률 등),,,,재무(Y)
00493431,자안바이오,20210901,상장폐지,주권매매거래정지기간변경(상장폐지 사유 발생),20210901900632,Y,[원문확인-보고서제목] 반기검토(감사)의견부적정등사실확인(자본잠식률 등),,,,재무(Y)
00493431,자안바이오,20210928,상장폐지,기타경영사항(자율공시)(상장폐지결정무효확인의 소),20210928900602,Y,[원문확인-보고서제목] 반기검토(감사)의견부적정등사실확인(자본잠식률 등),,③ 소송·결정취소 관련(사유 재확인 필요),,재무(Y)
00494476,이녹스,20190319,시장조치(복합),내부결산시점관리종목지정ㆍ형식적상장폐지ㆍ상장적격성실질심사사유발생(자회사의 주요경영사항),20190319900444,Y,"자본잠식,자기자본,영업손실",,,,재무(Y)
00494476,이녹스,20200207,시장조치(복합),내부결산시점관리종목지정ㆍ형식적상장폐지ㆍ상장적격성실질심사사유발생(자회사의 주요경영사항),20200207900873,Y,"자본잠식,자기자본,영업손실",,,,재무(Y)
00495086,픽셀플러스,20200203,시장조치(복합),내부결산시점관리종목지정ㆍ형식적상장폐지ㆍ상장적격성실질심사사유발생,20200203900922,Y,"자본잠식,자기자본,영업손실",,,,재무(Y)
00495086,픽셀플러스,20200313,관리종목,주권매매거래정지(관리종목지정사유발생),20200313902280,Y,"[자동승계:39일 전 판정 '자본잠식,자기자본,영업손실' 상속]",,,,재무(Y)
00495554,와이앤넥스트,20220105,상장폐지,주권매매거래정지기간변경(상장폐지 사유 발생),20220105900665,,"[원문확인, 사유불명] 실질심사 대상결정 공시(연이비앤티)에 구체 사유 없음. 참고: 감사보고서상 손실률50%초과·영업손실 3개년(재무요건 병존)",Y,,,미확인-실질심사(사유 미확인)
00496003,피엘에이,20160211,시장조치(복합),내부결산시점관리종목지정ㆍ형식적상장폐지ㆍ상장적격성실질심사사유발생,20160211900001,Y,"자본잠식,자기자본,영업손실",,,,재무(Y)
00496003,피엘에이,20160614,상장폐지,주권매매거래정지기간변경(상장폐지 사유 발생),20160614900548,Y,"[자동승계:124일 전 판정 '자본잠식,자기자본,영업손실' 상속]",,,,재무(Y)
00496225,이엠네트웍스,20200213,시장조치(복합),내부결산시점관리종목지정ㆍ형식적상장폐지ㆍ상장적격성실질심사사유발생,20200213900003,Y,"자본잠식,자기자본,영업손실",,,,재무(Y)
00496225,이엠네트웍스,20200318,관리종목,주권매매거래정지(관리종목지정사유발생),20200318901509,Y,"[자동승계:34일 전 판정 '자본잠식,자기자본,영업손실' 상속]",,,,재무(Y)
00496225,이엠네트웍스,20200916,상장폐지,주권매매거래정지기간변경(상장폐지 사유 발생),20200916900524,Y,"[자동승계:216일 전 판정 '자본잠식,자기자본,영업손실' 상속]",,,,재무(Y)
00496225,이엠네트웍스,20210216,시장조치(복합),내부결산시점관리종목지정ㆍ형식적상장폐지ㆍ상장적격성실질심사사유발생,20210216900955,Y,"자본잠식,자기자본,영업손실",,,,재무(Y)
00496225,이엠네트웍스,20210517,상장폐지,주권매매거래정지기간변경(상장폐지 사유 발생),20210517902344,Y,감사의견,,,,재무(Y)
00501970,퀀타피아,20180208,시장조치(복합),내부결산시점관리종목지정ㆍ형식적상장폐지ㆍ상장적격성실질심사사유발생,20180208900998,Y,"자본잠식,자기자본,영업손실",,,,재무(Y)
00501970,퀀타피아,20190214,시장조치(복합),내부결산시점관리종목지정ㆍ형식적상장폐지ㆍ상장적격성실질심사사유발생,20190214900965,Y,"자본잠식,자기자본,영업손실",,,,재무(Y)
00501970,퀀타피아,20240409,상장폐지,주권매매거래정지기간변경              (상장폐지 사유 발생),20240409900807,,[원문확인-시장안내] 회계처리위반 실질심사. 참고: 감사보고서상 손실률50%초과·4개년 영업손실 병존,Y,,,별도-회계처리위반
00516246,알에프세미,20240329,상장폐지,주권매매거래정지기간변경              (상장폐지 사유 발생),20240329904771,Y,"감사의견,의견거절,계속기업",,,,재무(Y)
00516246,알에프세미,20250331,상장폐지,주권매매거래정지기간변경              (상장폐지 사유 발생),20250331900330,Y,감사의견,,,,재무(Y)
00523307,다원시스,20260316,시장조치(복합),내부결산시점관리종목지정ㆍ형식적상장폐지ㆍ상장적격성실질심사사유발생,20260316902703,Y,"자본잠식,자기자본,영업손실",,,,재무(Y)
00523307,다원시스,20260323,상장폐지,주권매매거래정지기간변경              (상장폐지 사유 발생),20260323902728,Y,"의견거절,계속기업",,,,재무(Y)
00523307,다원시스,20260727,상장폐지,주권매매거래정지기간변경              (상장폐지 사유 발생),20260727900778,Y,감사의견,,,,재무(Y)
00525642,코오롱생명과학,20210128,시장조치(복합),내부결산시점관리종목지정ㆍ형식적상장폐지ㆍ상장적격성실질심사사유발생,20210128900730,Y,"자본잠식,자기자본,영업손실",,,,재무(Y)
00525642,코오롱생명과학,20210317,관리종목,주권매매거래정지(관리종목지정사유발생),20210317901538,Y,"[자동승계:48일 전 판정 '자본잠식,자기자본,영업손실' 상속]",,,,재무(Y)
00525934,LX세미콘,20220817,상장폐지,상장폐지승인을위한의안상정결정,20220817900328,N,"[패턴추정, 개별미확인] 대형 우량기업/선박투자회사 - 33개 원문 샘플 전부 이전상장/자진상장폐지(공개매수)/합병/펀드만기청산으로 확인됨. 같은 계열로 추정. 시간 제약상 개별 원문은 미확인.",Y-패턴추정,,,비재무(N)
00525934,LX세미콘,20221027,상장폐지,상장폐지결정,20221027900534,N,"[패턴추정, 개별미확인] 대형 우량기업/선박투자회사 - 33개 원문 샘플 전부 이전상장/자진상장폐지(공개매수)/합병/펀드만기청산으로 확인됨. 같은 계열로 추정. 시간 제약상 개별 원문은 미확인.",Y-패턴추정,,,비재무(N)
00526474,동북아14호선박투자회사,20170512,상장폐지,상장폐지결정,20170512800911,N,[원문확인] 펀드 만기 유상감자·전액 자본환급에 따른 상장폐지,,,,비재무(N)
00526678,동방선기,20210203,시장조치(복합),내부결산시점관리종목지정ㆍ형식적상장폐지ㆍ상장적격성실질심사사유발생,20210203900166,Y,"자본잠식,자기자본,영업손실",,,,재무(Y)
00526678,동방선기,20210317,관리종목,주권매매거래정지(관리종목지정사유발생),20210317900117,Y,"[자동승계:42일 전 판정 '자본잠식,자기자본,영업손실' 상속]",,,,재무(Y)
00526696,웨이브일렉트로,20210223,시장조치(복합),내부결산시점관리종목지정ㆍ형식적상장폐지ㆍ상장적격성실질심사사유발생,20210223900297,Y,"자본잠식,자기자본,영업손실",,,,재무(Y)
00526696,웨이브일렉트로,20210330,관리종목,주권매매거래정지(관리종목지정사유발생),20210330900982,Y,"[자동승계:35일 전 판정 '자본잠식,자기자본,영업손실' 상속]",,,,재무(Y)
00527880,썬테크놀로지스,20181008,상장폐지,주권매매거래정지기간변경(상장폐지 사유 발생),20181008900690,,"[원문확인, 사유불명] 실질심사 대상결정에 구체 사유 없음. 참고: 감사보고서상 손실률50%초과 병존",Y,,,미확인-실질심사(사유 미확인)
00528791,제일엠앤에스,20250404,상장폐지,주권매매거래정지기간변경              (상장폐지 사유 발생),20250404901194,Y,의견거절,,,,재무(Y)
00528791,제일엠앤에스,20260316,시장조치(복합),내부결산시점관리종목지정ㆍ형식적상장폐지ㆍ상장적격성실질심사사유발생,20260316902379,Y,"자본잠식,자기자본,감사의견",,,,재무(Y)
00528791,제일엠앤에스,20260323,상장폐지,주권매매거래정지기간변경              (상장폐지 사유 발생),20260323902704,Y,감사의견,,,,재무(Y)
00529310,동북아10호선박투자회사,20170512,상장폐지,상장폐지결정,20170512800845,N,"[패턴추정, 개별미확인] 대형 우량기업/선박투자회사 - 33개 원문 샘플 전부 이전상장/자진상장폐지(공개매수)/합병/펀드만기청산으로 확인됨. 같은 계열로 추정. 시간 제약상 개별 원문은 미확인.",Y-패턴추정,,,비재무(N)
00529523,동북아11호선박투자회사,20170512,상장폐지,상장폐지결정,20170512800877,N,"[패턴추정, 개별미확인] 대형 우량기업/선박투자회사 - 33개 원문 샘플 전부 이전상장/자진상장폐지(공개매수)/합병/펀드만기청산으로 확인됨. 같은 계열로 추정. 시간 제약상 개별 원문은 미확인.",Y-패턴추정,,,비재무(N)
00530121,디에스케이,20180328,상장폐지,주권매매거래정지기간변경(상장폐지 사유 발생),20180328901830,Y,[원문확인-시장안내] 감사의견(범위제한) 비적정 - 상장폐지 관련 안내,,,,재무(Y)
00532855,한국유니온제약,20250217,상장폐지,주권매매거래정지기간변경              (상장폐지사유 발생),20250217901205,,[원문확인-시장안내] 업무상 횡령·배임 혐의 발생 - 별도 카테고리. 참고: 영업손실 3개년,Y,,,별도-횡령·배임
00532855,한국유니온제약,20250321,상장폐지,주권매매거래정지기간변경              (상장폐지 사유 발생),20250321901498,Y,"감사의견,의견거절,계속기업",,,,재무(Y)
00532855,한국유니온제약,20260223,시장조치(복합),내부결산시점관리종목지정ㆍ형식적상장폐지ㆍ상장적격성실질심사사유발생,20260223901363,Y,"자본잠식,자기자본,감사의견",,,,재무(Y)
00532855,한국유니온제약,20260330,상장폐지,주권매매거래정지기간변경              (상장폐지 사유 발생),20260330901519,Y,감사의견,,,,재무(Y)
00533580,아시아퍼시픽10호선박투자회사,20170512,상장폐지,상장폐지결정,20170512801136,N,"[패턴추정, 개별미확인] 대형 우량기업/선박투자회사 - 33개 원문 샘플 전부 이전상장/자진상장폐지(공개매수)/합병/펀드만기청산으로 확인됨. 같은 계열로 추정. 시간 제약상 개별 원문은 미확인.",Y-패턴추정,,,비재무(N)
00533696,아시아퍼시픽14호선박투자회사,20170512,상장폐지,상장폐지결정,20170512800528,N,"[패턴추정, 개별미확인] 대형 우량기업/선박투자회사 - 33개 원문 샘플 전부 이전상장/자진상장폐지(공개매수)/합병/펀드만기청산으로 확인됨. 같은 계열로 추정. 시간 제약상 개별 원문은 미확인.",Y-패턴추정,,,비재무(N)
00533757,아시아퍼시픽13호선박투자회사,20170512,상장폐지,상장폐지결정,20170512801194,N,"[패턴추정, 개별미확인] 대형 우량기업/선박투자회사 - 33개 원문 샘플 전부 이전상장/자진상장폐지(공개매수)/합병/펀드만기청산으로 확인됨. 같은 계열로 추정. 시간 제약상 개별 원문은 미확인.",Y-패턴추정,,,비재무(N)
00533793,아시아퍼시픽11호선박투자회사,20170512,상장폐지,상장폐지결정,20170512801143,N,"[패턴추정, 개별미확인] 대형 우량기업/선박투자회사 - 33개 원문 샘플 전부 이전상장/자진상장폐지(공개매수)/합병/펀드만기청산으로 확인됨. 같은 계열로 추정. 시간 제약상 개별 원문은 미확인.",Y-패턴추정,,,비재무(N)
00533836,아시아퍼시픽12호선박투자회사,20170512,상장폐지,상장폐지결정,20170512801159,N,"[패턴추정, 개별미확인] 대형 우량기업/선박투자회사 - 33개 원문 샘플 전부 이전상장/자진상장폐지(공개매수)/합병/펀드만기청산으로 확인됨. 같은 계열로 추정. 시간 제약상 개별 원문은 미확인.",Y-패턴추정,,,비재무(N)
00536329,노블엠앤비,20190208,시장조치(복합),내부결산시점관리종목지정ㆍ형식적상장폐지ㆍ상장적격성실질심사사유발생,20190208900930,Y,,,,노블엠앤비: 영업손실 2년 연속(-134억→-116억). 영업손실 지속으로 판단.,재무(Y)
00536329,노블엠앤비,20210224,시장조치(복합),내부결산시점관리종목지정ㆍ형식적상장폐지ㆍ상장적격성실질심사사유발생,20210224900934,Y,"자본잠식,자기자본,영업손실",,,,재무(Y)
00536329,노블엠앤비,20210330,관리종목,주권매매거래정지(관리종목지정사유발생),20210330902246,Y,"[자동승계:34일 전 판정 '자본잠식,자기자본,영업손실' 상속]",,,,재무(Y)
00536329,노블엠앤비,20230316,시장조치(복합),내부결산시점관리종목지정ㆍ형식적상장폐지ㆍ상장적격성실질심사사유발생,20230316902254,Y,"자본잠식,자기자본",,,,재무(Y)
00536329,노블엠앤비,20230407,상장폐지,주권매매거래정지기간변경(상장폐지사유 발생),20230407901289,Y,"의견거절,계속기업",,,,재무(Y)
00536329,노블엠앤비,20240418,상장폐지,주권매매거래정지기간변경              (상장폐지 사유 발생),20240418900652,Y,"[자동승계:377일 전 판정 '의견거절,계속기업' 상속]",,,,재무(Y)
00536329,노블엠앤비,20250311,시장조치(복합),내부결산시점관리종목지정ㆍ형식적상장폐지ㆍ상장적격성실질심사사유발생,20250311900926,Y,"자본잠식,자기자본,감사의견",,,,재무(Y)
00536329,노블엠앤비,20250331,상장폐지,주권매매거래정지기간변경              (상장폐지 사유 발생),20250331903853,Y,감사의견,,,,재무(Y)
00536541,에코프로,20240227,상장폐지,상장폐지승인을위한의안상정결정(자회사의 주요경영사항),20240227900528,N,"[패턴추정, 개별미확인] 대형 우량기업/선박투자회사 - 33개 원문 샘플 전부 이전상장/자진상장폐지(공개매수)/합병/펀드만기청산으로 확인됨. 같은 계열로 추정. 시간 제약상 개별 원문은 미확인.",Y-패턴추정,,,비재무(N)
00537337,앤씨앤,20250220,시장조치(복합),내부결산시점관리종목지정ㆍ형식적상장폐지ㆍ상장적격성실질심사사유발생,20250220900396,Y,"자본잠식,자기자본,영업손실",,,,재무(Y)
00537337,앤씨앤,20250318,관리종목,주권매매거래정지              (관리종목지정사유발생),20250318900932,Y,"[자동승계:26일 전 판정 '자본잠식,자기자본,영업손실' 상속]",,,,재무(Y)
00541437,코렌텍,20190328,상장폐지,주권매매거래정지기간변경( 상장폐지 사유 발생),20190328900081,Y,[원문확인] 감사범위제한으로 인한 한정(감사의견),,,,재무(Y)
00542898,케이이엠텍,20190314,시장조치(복합),내부결산시점관리종목지정ㆍ형식적상장폐지ㆍ상장적격성실질심사사유발생,20190314902229,Y,"자본잠식,자기자본,영업손실",,,,재무(Y)
00542898,케이이엠텍,20190322,상장폐지,주권매매거래정지기간변경(상장폐지 사유 발생),20190322900247,Y,"감사의견,의견거절,계속기업",,,,재무(Y)
00542898,케이이엠텍,20200323,상장폐지,주권매매거래정지기간변경(상장폐지 사유 발생),20200323900008,Y,"감사의견,의견거절,계속기업",,,,재무(Y)
00542898,케이이엠텍,20210316,시장조치(복합),내부결산시점관리종목지정ㆍ형식적상장폐지ㆍ상장적격성실질심사사유발생,20210316900475,Y,"자본잠식,자기자본,영업손실",,,,재무(Y)
00542898,케이이엠텍,20210913,상장폐지,주권매매거래정지기간변경(상장폐지 사유 발생),20210913900560,Y,"[자동승계:181일 전 판정 '자본잠식,자기자본,영업손실' 상속]",,,,재무(Y)
00542898,케이이엠텍,20220225,시장조치(복합),내부결산시점관리종목지정ㆍ형식적상장폐지ㆍ상장적격성실질심사사유발생,20220225901652,Y,"자본잠식,자기자본,영업손실",,,,재무(Y)
00542898,케이이엠텍,20260417,상장폐지,주권매매거래정지기간변경              (상장폐지 사유 발생),20260417900911,Y,"감사의견,의견거절,계속기업",,,,재무(Y)
00548519,큐러블,20250321,상장폐지,주권매매거래정지기간변경              (상장폐지 사유 발생),20250321601709,Y,"감사의견,의견거절",,,,재무(Y)
00548519,큐러블,20250522,상장폐지,주권매매거래정지기간변경              (코넥스 주권 상장폐지 사유발생),20250522600539,Y,"감사의견,의견거절",,,,재무(Y)
00549891,케어젠,20190318,상장폐지,주권매매거래정지기간변경(상장폐지 사유 발생),20190318901116,Y,[원문확인-시장안내] 감사범위제한으로 인한 의견거절(감사의견),,,,재무(Y)
00554352,아이큐어,20260213,시장조치(복합),내부결산시점관리종목지정ㆍ형식적상장폐지ㆍ상장적격성실질심사사유발생,20260213902129,Y,"자본잠식,자기자본",,,,재무(Y)
00562360,에코볼트,20220322,상장폐지,주권매매거래정지(상장폐지 사유발생),20220322901665,Y,[원문확인] 감사범위제한으로 인한 한정(감사의견),,,,재무(Y)
00563518,비나텍,20200917,상장폐지,상장폐지결정,20200917600318,N,[원문확인] 코넥스→코스닥 이전상장,,,,비재무(N)
00564562,엠씨넥스,20210308,상장폐지,상장폐지승인을위한의안상정결정,20210308900637,N,"[패턴추정, 개별미확인] 대형 우량기업/선박투자회사 - 33개 원문 샘플 전부 이전상장/자진상장폐지(공개매수)/합병/펀드만기청산으로 확인됨. 같은 계열로 추정. 시간 제약상 개별 원문은 미확인.",Y-패턴추정,,,비재무(N)
00564562,엠씨넥스,20210630,상장폐지,상장폐지결정,20210630900512,N,"[패턴추정, 개별미확인] 대형 우량기업/선박투자회사 - 33개 원문 샘플 전부 이전상장/자진상장폐지(공개매수)/합병/펀드만기청산으로 확인됨. 같은 계열로 추정. 시간 제약상 개별 원문은 미확인.",Y-패턴추정,,,비재무(N)
00578130,아퓨어스,20260323,상장폐지,주권매매거래정지              (상장폐지사유발생),20260323601942,Y,"감사의견,의견거절,계속기업",,,,재무(Y)
00578130,아퓨어스,20260413,상장폐지,주권매매거래정지기간변경              (상장폐지사유 발생),20260413600177,Y,"감사의견,의견거절,계속기업",,,,재무(Y)
00584362,케이엑스넥스지,20180322,상장폐지,주권매매거래정지(상장폐지 사유발생),20180322901676,Y,[원문확인-시장안내] 감사범위제한으로 인한 의견거절(감사의견) + 영업손실 2개년,,,,재무(Y)
00587101,바다로3호선박투자회사,20160510,상장폐지,상장폐지결정,20160510800429,N,"[패턴추정, 개별미확인] 대형 우량기업/선박투자회사 - 33개 원문 샘플 전부 이전상장/자진상장폐지(공개매수)/합병/펀드만기청산으로 확인됨. 같은 계열로 추정. 시간 제약상 개별 원문은 미확인.",Y-패턴추정,,,비재무(N)
00596260,투비소프트,20250321,상장폐지,주권매매거래정지기간변경              (상장폐지 사유 발생),20250321902363,Y,의견거절,,,,재무(Y)
00596260,투비소프트,20260323,상장폐지,주권매매거래정지기간변경              (상장폐지 사유 발생),20260323902716,Y,감사의견,,,,재무(Y)
00599106,네오리진,20150305,시장조치(복합),내부결산시점관리종목지정ㆍ형식적상장폐지ㆍ상장적격성실질심사사유발생,20150305900614,Y,"자본잠식,자기자본,영업손실",,,,재무(Y)
00599489,청광건설,20230228,상장폐지,상장폐지결정,20230228600715,N,자진 상장폐지,,,,비재무(N)
00601641,리드,20200226,시장조치(복합),내부결산시점관리종목지정ㆍ형식적상장폐지ㆍ상장적격성실질심사사유발생,20200226901165,Y,,,,"리드: 자본총계 -17.5억(완전자본잠식, 연결기준). 가장 명확한 자본잠식 케이스.",재무(Y)
00601641,리드,20200226,상장폐지,주권매매거래정지기간변경(상장폐지 사유 발생),20200226901155,Y,[승계] 같은 날짜(2020-02-26) 이미 확정된 리드 완전자본잠식 건과 동일 사유,,,,재무(Y)
00604426,인터로조,20240405,상장폐지,주권매매거래정지              (상장폐지 사유발생),20240405900932,Y,의견거절,,,,재무(Y)
00604815,에스디시스템,20200213,시장조치(복합),내부결산시점관리종목지정ㆍ형식적상장폐지ㆍ상장적격성실질심사사유발생,20200213900578,Y,"자본잠식,자기자본,영업손실",,,,재무(Y)
00604815,에스디시스템,20200402,상장폐지,주권매매거래정지기간변경(상장폐지 사유 발생),20200402900823,Y,의견거절,,,,재무(Y)
00604815,에스디시스템,20210216,시장조치(복합),내부결산시점관리종목지정ㆍ형식적상장폐지ㆍ상장적격성실질심사사유발생,20210216900538,Y,"자본잠식,자기자본,영업손실",,,,재무(Y)
00604815,에스디시스템,20210323,상장폐지,주권매매거래정지기간변경(상장폐지 사유 발생),20210323901856,Y,감사의견,,,,재무(Y)
00604815,에스디시스템,20210825,상장폐지,주권매매거래정지기간변경(상장폐지 사유 발생),20210825900487,Y,"감사의견,의견거절",,,,재무(Y)
00604815,에스디시스템,20220321,상장폐지,주권매매거래정지기간변경(상장폐지 사유 발생),20220321902142,Y,감사의견,,,,재무(Y)
00605124,알파칩스,20170324,상장폐지,주권매매거래정지기간변경(상장폐지 사유 발생),20170324903288,Y,[원문확인-시장안내] 감사범위제한으로 인한 한정(감사의견),,,,재무(Y)
00605124,알파칩스,20230413,상장폐지,주권매매거래정지기간변경(상장폐지 사유 발생),20230413900791,Y,[원문확인] 감사범위제한으로 인한 한정(감사의견),,,,재무(Y)
00606886,엔지켐생명과학,20260323,상장폐지,주권매매거래정지기간변경              (상장폐지사유 발생),20260323902749,Y,의견거절,,,,재무(Y)
00608839,에이루트,20170323,상장폐지,주권매매거래정지(상장폐지사유 발생),20170323901135,Y,[원문확인-시장안내] 감사범위제한으로 인한 의견거절(감사의견),,,,재무(Y)
00609254,세왕,20150213,시장조치(복합),내부결산시점관리종목지정ㆍ형식적상장폐지ㆍ상장적격성실질심사사유발생,20150213900939,Y,"자본잠식,자기자본,영업손실",,,,재무(Y)
00609254,세왕,20151208,상장폐지,주권매매거래정지기간변경(상장폐지사유 발생),20151208900572,Y,"[자동승계:298일 전 판정 '자본잠식,자기자본,영업손실' 상속]",,,,재무(Y)
00609315,멜파스,20220926,상장폐지,주권매매거래정지기간변경(상장폐지 사유 발생),20220926900483,N,[원문확인] 회생절차 개시신청 관련 - 주 정의에서 이미 다루므로 이 보조라벨에서는 N,,,,비재무(N)
00609315,멜파스,20230404,상장폐지,기타경영사항(자율공시)(상장폐지결정 무효확인 청구의 소),20230404900106,N,[자동승계-소송] 20220926 N판정(회생절차) 승계 - 그 결정에 대한 무효확인소송,,③ 소송·결정취소 관련(사유 재확인 필요),,비재무(N)
00609634,아이엠,20250221,시장조치(복합),내부결산시점관리종목지정ㆍ형식적상장폐지ㆍ상장적격성실질심사사유발생,20250221901031,Y,"자본잠식,자기자본",,,,재무(Y)
00609634,아이엠,20250407,상장폐지,주권매매거래정지기간변경              (상장폐지 사유 발생),20250407901275,Y,"의견거절,계속기업",,,,재무(Y)
00609634,아이엠,20250714,상장폐지,주권매매거래정지기간변경              (상장폐지 사유 발생),20250714900603,Y,감사의견,,,,재무(Y)
00610490,비디아이,20210817,관리종목,주권매매거래정지기간변경(관리종목지정사유발생),20210817900970,Y,[원문확인-보고서제목] 반기검토(감사)의견부적정등사실확인(자본잠식률50%이상 또는 자기자본10억미만 포함),,,,재무(Y)
00610490,비디아이,20220302,시장조치(복합),내부결산시점관리종목지정ㆍ형식적상장폐지ㆍ상장적격성실질심사사유발생,20220302900787,Y,"자본잠식,자기자본,영업손실",,,,재무(Y)
00610490,비디아이,20220406,상장폐지,주권매매거래정지기간변경(상장폐지 사유 발생 및 상장적격성 실질심사 대상(사유발생)),20220406900757,Y,"감사의견,의견거절",,,,재무(Y)
00610490,비디아이,20220826,상장폐지,주권매매거래정지기간변경(상장폐지 사유 발생),20220826900407,Y,감사의견,,,,재무(Y)
00610490,비디아이,20230315,시장조치(복합),내부결산시점관리종목지정ㆍ형식적상장폐지ㆍ상장적격성실질심사사유발생,20230315902301,Y,"자본잠식,자기자본,감사의견",,,,재무(Y)
00610490,비디아이,20230807,상장폐지,주권매매거래정지기간변경(상장폐지 사유 발생),20230807900556,Y,"[자동승계:145일 전 판정 '자본잠식,자기자본,감사의견' 상속]",,,,재무(Y)
00610490,비디아이,20240226,시장조치(복합),내부결산시점관리종목지정ㆍ형식적상장폐지ㆍ상장적격성실질심사사유발생,20240226901213,Y,"자본잠식,자기자본",,,,재무(Y)
00612115,유디피,20180330,상장폐지,주권매매거래정지기간변경(코넥스주권 상장폐지 사유발생),20180330603927,Y,"감사의견,의견거절,계속기업",,,,재무(Y)
00615723,MSDI,20160714,상장폐지,상장폐지결정,20160714600250,N,[원문확인] 코넥스→코스닥 이전상장,,,,비재무(N)
00618401,크루셜텍,20200227,시장조치(복합),내부결산시점관리종목지정ㆍ형식적상장폐지ㆍ상장적격성실질심사사유발생,20200227900793,Y,"자본잠식,자기자본,영업손실",,,,재무(Y)
00618401,크루셜텍,20200320,관리종목,주권매매거래정지(관리종목지정사유발생),20200320900542,Y,"[자동승계:22일 전 판정 '자본잠식,자기자본,영업손실' 상속]",,,,재무(Y)
00618401,크루셜텍,20210302,시장조치(복합),내부결산시점관리종목지정ㆍ형식적상장폐지ㆍ상장적격성실질심사사유발생,20210302900548,Y,"자본잠식,자기자본,영업손실",,,,재무(Y)
00618401,크루셜텍,20220316,시장조치(복합),내부결산시점관리종목지정ㆍ형식적상장폐지ㆍ상장적격성실질심사사유발생,20220316902360,Y,"자본잠식,자기자본,영업손실",,,,재무(Y)
00618401,크루셜텍,20230302,시장조치(복합),내부결산시점관리종목지정ㆍ형식적상장폐지ㆍ상장적격성실질심사사유발생,20230302900184,Y,"자본잠식,자기자본",,,,재무(Y)
00618401,크루셜텍,20230905,상장폐지,주권매매거래정지기간변경(상장폐지 사유 발생),20230905900691,Y,"[자동승계:187일 전 판정 '자본잠식,자기자본' 상속]",,,,재무(Y)
00618410,KS인더스트리,20230210,시장조치(복합),내부결산시점관리종목지정ㆍ형식적상장폐지ㆍ상장적격성실질심사사유발생,20230210901255,Y,"자본잠식,자기자본",,,,재무(Y)
00618410,KS인더스트리,20230306,관리종목,주권매매거래정지(관리종목지정사유발생),20230306900442,Y,"[자동승계:24일 전 판정 '자본잠식,자기자본' 상속]",,,,재무(Y)
00620558,루트K,20260223,시장조치(복합),내부결산시점관리종목지정ㆍ형식적상장폐지ㆍ상장적격성실질심사사유발생,20260223901353,Y,"자본잠식,자기자본",,,,재무(Y)
00620558,루트K,20260323,관리종목,주권매매거래정지              (관리종목지정사유발생),20260323900880,Y,"[자동승계:28일 전 판정 '자본잠식,자기자본' 상속]",,,,재무(Y)
00623184,오늘이엔엠,20180322,상장폐지,주권매매거래정지기간변경(상장폐지사유 발생),20180322901710,,"[원문확인, 사유 미확인] 감사의견 적정(영업손실 3개년). 상장폐지 사유 안내 공시 미확인 - 추가확인 필요",Y,,,미확인-실질심사(사유 미확인)
00623184,오늘이엔엠,20200813,상장폐지,주권매매거래정지해제(대법원의 상장폐지결정무효 판결에 따른 주권 매매거래정지해제),20200813901057,,"[원문확인, 사유 미확인] 감사의견 적정(영업손실 3개년). 상장폐지 사유 안내 공시 미확인 - 추가확인 필요",Y,③ 소송·결정취소 관련(사유 재확인 필요),,미확인-실질심사(사유 미확인)
00627029,DGI,20210325,상장폐지,주권매매거래정지(상장폐지 사유발생),20210325901591,Y,"감사의견,의견거절",,,,재무(Y)
00627029,DGI,20220225,시장조치(복합),내부결산시점관리종목지정ㆍ형식적상장폐지ㆍ상장적격성실질심사사유발생,20220225901649,Y,"자본잠식,자기자본,영업손실",,,,재무(Y)
00627029,DGI,20220323,상장폐지,주권매매거래정지기간변경(상장폐지 사유 발생),20220323902055,Y,"감사의견,의견거절",,,,재무(Y)
00627029,DGI,20220816,상장폐지,주권매매거래정지기간변경(상장폐지 사유 발생),20220816900866,Y,감사의견,,,,재무(Y)
00627029,DGI,20230330,상장폐지,주권매매거래정지기간변경(상장폐지 사유 발생),20230330902473,Y,감사의견,,,,재무(Y)
00627029,DGI,20260511,상장폐지,주권매매거래정지기간변경              (상장폐지사유 발생),20260511900985,,"[원문확인, 사유 미확인] 실질심사 대상결정 공시(아이티엑스에이아이)에 구체 사유 없음. 참고: 감사의견 적정·영업손실 3개년 - 추가확인 필요",Y,,,미확인-실질심사(사유 미확인)
00632845,노랑풍선,20220323,관리종목,주권매매거래정지(관리종목지정사유발생),20220323901605,,"[원문확인, 사유 미명시] 감사의견 적정. 영업손실 3개년 연속(18억/56억/144억), 손실률29.3%(<50%), 자본잠식 없음, 손상차손비율 해당없음. 관리종목 지정 근거 조항은 확인 못함 - 팀 판단/추가확인 필요",Y,,,애매-판단필요
00638539,앤에스,20210323,상장폐지,주권매매거래정지기간변경(상장폐지 사유 발생),20210323901831,Y,"의견거절,계속기업",,,,재무(Y)
00638539,앤에스,20220323,상장폐지,주권매매거래정지기간변경(상장폐지 사유 발생),20220323901898,Y,"감사의견,의견거절,계속기업",,,,재무(Y)
00641393,엔시트론,20210216,시장조치(복합),내부결산시점관리종목지정ㆍ형식적상장폐지ㆍ상장적격성실질심사사유발생,20210216900553,Y,"자본잠식,자기자본,영업손실",,,,재무(Y)
00643656,위메이드맥스,20160122,시장조치(복합),내부결산시점관리종목지정ㆍ형식적상장폐지ㆍ상장적격성실질심사사유발생,20160122900149,Y,[원문재확인-정정본 뒷부분] 최근 4사업연도 연속 영업손실(별도기준 92억/53억/81억/58억) → 영업손실 지속. 자본은 건전(자본잠식 아님)하나 이 기준으로 관리종목 사유 충족. (이전 '애매' 판단은 문서 뒷부분을 놓쳐서 생긴 오류),,⑥ 시장조치(복합) - 키워드 미매칭(원문 확인 필요),"위메이드맥스: 순손실 107억으로 확대했으나 자본총계 745억으로 건전, 자본잠식 아님. 지정 사유 불명확.",재무(Y)
00643656,위메이드맥스,20160322,관리종목,주권매매거래정지(관리종목지정사유발생),20160322900646,Y,[원문재확인-정정본 뒷부분] 최근 4사업연도 연속 영업손실(별도기준 92억/53억/81억/58억) → 영업손실 지속. 자본은 건전(자본잠식 아님)하나 이 기준으로 관리종목 사유 충족. (이전 '애매' 판단은 문서 뒷부분을 놓쳐서 생긴 오류),,,,재무(Y)
00643656,위메이드맥스,20200129,시장조치(복합),내부결산시점관리종목지정ㆍ형식적상장폐지ㆍ상장적격성실질심사사유발생,20200129900431,Y,[Y 유지] 기존 판정(키워드/승계) 유지. (2016건 재확인 시 메모가 덮어써져 재작성),,,,재무(Y)
00643656,위메이드맥스,20200319,관리종목,주권매매거래정지(관리종목지정사유발생),20200319902083,Y,[Y 유지] 기존 판정(키워드/승계) 유지. (2016건 재확인 시 메모가 덮어써져 재작성),,,,재무(Y)
00653103,퓨처코어,20170330,상장폐지,주권매매거래정지기간변경(상장폐지 사유 발생 등),20170330902203,Y,감사의견,,,,재무(Y)
00653103,퓨처코어,20170330,상장폐지,주권매매거래정지기간변경(상장폐지사유 발생 등),20170330902219,Y,[자동승계:0일 전 판정 '감사의견' 상속],,,,재무(Y)
00653103,퓨처코어,20240715,상장폐지,주권매매거래정지기간변경              (상장폐지 사유 발생),20240715900661,,"[원문확인-시장안내] 임원 횡령·배임 사실확인 + 회계처리위반 병존, 참고: 손실률50%초과·영업손실 4개년 - 별도 카테고리",Y,,,별도-횡령·배임
00656021,비에프랩스,20240408,상장폐지,주권매매거래정지기간변경              (상장폐지 사유 발생),20240408900284,Y,의견거절,,,,재무(Y)
00656021,비에프랩스,20250314,시장조치(복합),내부결산시점관리종목지정ㆍ형식적상장폐지ㆍ상장적격성실질심사사유발생,20250314902289,Y,"자본잠식,자기자본,감사의견",,,,재무(Y)
00656021,비에프랩스,20250407,상장폐지,주권매매거래정지기간변경              (상장폐지 사유 발생),20250407901306,Y,"감사의견,의견거절,계속기업",,,,재무(Y)
00659684,장원테크,20230407,상장폐지,주권매매거래정지기간변경(상장폐지사유 발생),20230407900806,Y,[원문확인] 감사범위제한으로 인한 한정(감사의견),,,,재무(Y)
00659684,장원테크,20240321,상장폐지,주권매매거래정지기간변경              (상장폐지 사유 발생),20240321902799,Y,감사의견,,,,재무(Y)
00660033,씨엔플러스,20170214,시장조치(복합),내부결산시점관리종목지정ㆍ형식적상장폐지ㆍ상장적격성실질심사사유발생,20170214900025,Y,"자본잠식,자기자본,영업손실",,,,재무(Y)
00660033,씨엔플러스,20170315,관리종목,주권매매거래정지(관리종목지정사유발생),20170315901220,Y,"[자동승계:29일 전 판정 '자본잠식,자기자본,영업손실' 상속]",,,,재무(Y)
00660033,씨엔플러스,20200915,상장폐지,주권매매거래정지기간변경(상장폐지 사유 발생),20200915900498,Y,[원문확인-시장안내] 관리종목 지정사유: 최근3사업연도중 2사업연도 자기자본 50%초과 법인세비용차감전계속사업손실(재무). 이후 최대주주 변경(관리종목 경영권변동)으로 실질심사 → 개선기간 종료 후 상장폐지. 혼합 사유이나 근본 사유는 재무,Y-혼합,,,재무(Y)
00660033,씨엔플러스,20210330,상장폐지,주권매매거래정지기간변경(상장폐지 사유 발생),20210330902453,Y,의견거절,,,,재무(Y)
00660121,디에이테크놀로지,20250214,시장조치(복합),내부결산시점관리종목지정ㆍ형식적상장폐지ㆍ상장적격성실질심사사유발생,20250214901382,Y,"자본잠식,자기자본",,,,재무(Y)
00660121,디에이테크놀로지,20250324,상장폐지,주권매매거래정지기간변경              (상장폐지 사유 발생),20250324900580,Y,"감사의견,의견거절,계속기업",,,,재무(Y)
00660121,디에이테크놀로지,20251027,상장폐지,주권매매거래정지기간변경              (상장폐지 사유 발생),20251027900670,Y,감사의견,,,,재무(Y)
00660121,디에이테크놀로지,20260213,시장조치(복합),내부결산시점관리종목지정ㆍ형식적상장폐지ㆍ상장적격성실질심사사유발생,20260213901967,Y,"자본잠식,자기자본,감사의견",,,,재무(Y)
00661157,인트로메딕,20220314,상장폐지,주권매매거래정지기간변경(상장폐지 사유 발생),20220314901878,Y,의견거절,,,,재무(Y)
00661157,인트로메딕,20230216,시장조치(복합),내부결산시점관리종목지정ㆍ형식적상장폐지ㆍ상장적격성실질심사사유발생,20230216900893,Y,"자본잠식,자기자본",,,,재무(Y)
00661157,인트로메딕,20230323,상장폐지,주권매매거래정지기간변경(상장폐지 사유 발생),20230323901953,Y,감사의견,,,,재무(Y)
00661157,인트로메딕,20240201,시장조치(복합),내부결산시점관리종목지정ㆍ형식적상장폐지ㆍ상장적격성실질심사사유발생,20240201900409,Y,"자본잠식,자기자본,감사의견",,,,재무(Y)
00661157,인트로메딕,20250203,시장조치(복합),내부결산시점관리종목지정ㆍ형식적상장폐지ㆍ상장적격성실질심사사유발생,20250203900814,Y,"자본잠식,자기자본",,,,재무(Y)
00661157,인트로메딕,20250324,상장폐지,주권매매거래정지기간변경              (상장폐지 사유 발생),20250324901078,Y,"[자동승계:49일 전 판정 '자본잠식,자기자본' 상속]",,,,재무(Y)
00664288,스페이스솔루션,20181212,상장폐지,상장폐지결정,20181212600741,N,자진 상장폐지,,,,비재무(N)
00666064,셀바스AI,20190328,상장폐지,주권매매거래정지기간변경(상장폐지 사유 발생),20190328901597,Y,[원문확인] 감사범위제한으로 인한 한정(감사의견),,,,재무(Y)
00669450,바이오프로테크,20200319,상장폐지,주권매매거래정지(상장폐지 사유발생),20200319602466,Y,"감사의견,의견거절",,,,재무(Y)
00669450,바이오프로테크,20210323,상장폐지,주권매매거래정지기간변경(상장폐지 사유발생),20210323600640,Y,"감사의견,의견거절",,,,재무(Y)
00670085,엘아이에스,20150318,시장조치(복합),내부결산시점관리종목지정ㆍ형식적상장폐지ㆍ상장적격성실질심사사유발생,20150318900053,Y,"자본잠식,자기자본,영업손실",,,,재무(Y)
00670085,엘아이에스,20150323,관리종목,주권매매거래정지(관리종목지정사유발생),20150323900770,Y,"[자동승계:5일 전 판정 '자본잠식,자기자본,영업손실' 상속]",,,,재무(Y)
00670085,엘아이에스,20221226,상장폐지,주권매매거래정지기간변경(상장폐지사유 발생),20221226900944,,"[원문확인, 사유 미확인] 실질심사 관련 공시에 불성실공시 언급, 감사보고서상 손실률50%초과, 반기검토 부적정(자본잠식류) 공시 병존. 주된 사유 특정 못함 - 추가확인 필요",Y,,,미확인-실질심사(사유 미확인)
00670085,엘아이에스,20230331,상장폐지,주권매매거래정지기간변경(상장폐지 사유 발생),20230331903752,Y,감사의견,,,,재무(Y)
00671437,파인넥스,20190314,시장조치(복합),내부결산시점관리종목지정ㆍ형식적상장폐지ㆍ상장적격성실질심사사유발생,20190314902422,Y,"자본잠식,자기자본,영업손실",,,,재무(Y)
00671437,파인넥스,20190327,상장폐지,주권매매거래정지기간변경(상장폐지 사유 발생),20190327901831,Y,"감사의견,의견거절,계속기업",,,,재무(Y)
00671437,파인넥스,20200323,상장폐지,주권매매거래정지기간변경(상장폐지 사유 발생),20200323902018,Y,"의견거절,계속기업",,,,재무(Y)
00673301,전우정밀,20210401,상장폐지,주권매매거래정지기간변경(상장폐지 사유 발생),20210401600347,N,[원문확인] 분산요건미달(지분분산 기준 미달) - 비재무 사유,,,,비재무(N)
00673976,지스마트글로벌,20200323,상장폐지,"주권매매거래정지기간변경(상장폐지 사유 발생, 주식의 병합, 분할 등 전자등록 변경, 말소)",20200323902004,Y,"감사의견,의견거절,계속기업",,,,재무(Y)
00673976,지스마트글로벌,20210315,상장폐지,주권매매거래정지기간변경(상장폐지 사유 발생),20210315901838,Y,"감사의견,의견거절,계속기업",,,,재무(Y)
00673976,지스마트글로벌,20210315,상장폐지,"주권매매거래정지기간변경(상장폐지 사유 발생, 상장적격성 실질심사대상(사유발생))",20210315901847,Y,"감사의견,의견거절,계속기업",,,,재무(Y)
00673976,지스마트글로벌,20210824,상장폐지,주권매매거래정지기간변경(상장폐지 사유 발생),20210824900447,Y,"감사의견,의견거절",,,,재무(Y)
00676122,지디,20180322,상장폐지,주권매매거래정지(상장폐지 사유발생 등),20180322901686,Y,의견거절,,,,재무(Y)
00678096,맥스로텍,20210323,상장폐지,주권매매거래정지기간변경(상장폐지 사유 발생),20210323901766,Y,"감사의견,의견거절",,,,재무(Y)
00681373,디지캡,20180831,상장폐지,상장폐지결정,20180831600741,N,[원문확인] 코넥스→코스닥 이전상장,,,,비재무(N)
00689418,지유온,20190321,상장폐지,주권매매거래정지기간변경(상장폐지 사유 발생),20190321901801,Y,의견거절,,,,재무(Y)
00689418,지유온,20200302,시장조치(복합),내부결산시점관리종목지정ㆍ형식적상장폐지ㆍ상장적격성실질심사사유발생,20200302900959,Y,"자본잠식,자기자본,영업손실",,,,재무(Y)
00693651,비덴트,20170323,상장폐지,주권매매거래정지(상장폐지사유 발생),20170323901158,Y,[원문확인-시장안내] 감사범위제한으로 인한 한정(감사의견),,,,재무(Y)
00693651,비덴트,20230331,상장폐지,주권매매거래정지기간변경(상장폐지 사유 발생),20230331901593,Y,의견거절,,,,재무(Y)
00693651,비덴트,20240321,상장폐지,주권매매거래정지기간변경              (상장폐지 사유 발생),20240321902813,Y,감사의견,,,,재무(Y)
00693651,비덴트,20260602,상장폐지,주권매매거래정지기간변경              (상장폐지사유 발생),20260602900871,Y,[자동승계:803일 전 판정 '감사의견' 상속],,,,재무(Y)
00694942,이미지스,20210208,시장조치(복합),내부결산시점관리종목지정ㆍ형식적상장폐지ㆍ상장적격성실질심사사유발생,20210208901074,Y,"자본잠식,자기자본,영업손실",,,,재무(Y)
00695464,차이나그레이트스타인터내셔널리미티드,20190418,상장폐지,주권매매거래정지(상장폐지 사유발생),20190418900726,Y,"[원문확인-감사보고서] 감사의견 의견거절, 계속기업 존속불확실성 해당",,,,재무(Y)
00756163,볼빅,20210415,상장폐지,주권매매거래정지기간변경(상장폐지 사유 발생),20210415600092,Y,"감사의견,의견거절,계속기업",,,,재무(Y)
00757816,모다,20180402,상장폐지,주권매매거래정지기간변경(상장폐지 사유 발생),20180402903373,Y,[원문확인-시장안내] 감사범위제한으로 인한 의견거절(감사의견) + 영업손실 3개년,,,,재무(Y)
00757816,모다,20190321,상장폐지,주권매매거래정지기간변경(상장폐지 사유 발생),20190321901780,Y,의견거절,,,,재무(Y)
00757816,모다,20190814,상장폐지,주권매매거래정지기간변경(상장폐지 사유 발생),20190814903292,Y,"자본잠식,의견거절,부적정",,,,재무(Y)
00757816,모다,20200707,상장폐지,기타경영사항(자율공시)(상장폐지결정무효확인 청구의 소),20200707900395,Y,[자동승계-소송] 20190814 Y판정 승계 - 그 결정에 대한 무효확인청구소송,,,,재무(Y)
00763358,스마트솔루션즈,20220322,시장조치(복합),내부결산시점관리종목지정ㆍ형식적상장폐지ㆍ상장적격성실질심사사유발생,20220322901098,Y,"자본잠식,자기자본,영업손실",,,,재무(Y)
00763358,스마트솔루션즈,20220411,상장폐지,주권매매거래정지기간변경(상장폐지 사유 발생),20220411900697,Y,"감사의견,의견거절,계속기업",,,,재무(Y)
00763358,스마트솔루션즈,20230214,시장조치(복합),내부결산시점관리종목지정ㆍ형식적상장폐지ㆍ상장적격성실질심사사유발생,20230214901143,Y,"자본잠식,자기자본,감사의견",,,,재무(Y)
00763358,스마트솔루션즈,20230323,상장폐지,주권매매거래정지기간변경(상장폐지 사유 발생),20230323902204,Y,감사의견,,,,재무(Y)
00763358,스마트솔루션즈,20240215,시장조치(복합),내부결산시점관리종목지정ㆍ형식적상장폐지ㆍ상장적격성실질심사사유발생,20240215900940,Y,"자본잠식,자기자본,영업손실",,,,재무(Y)
00763473,코스메카코리아,20240510,상장폐지,상장폐지승인을위한의안상정결정,20240510900649,N,[원문확인] 코스닥→코스피 이전상장,,,,비재무(N)
00766106,엣지파운드리,20170323,상장폐지,주권매매거래정지(상장폐지사유 발생),20170323901127,Y,[원문확인-시장안내] 감사범위제한으로 인한 의견거절(감사의견),,,,재무(Y)
00767460,PI첨단소재,20210408,상장폐지,상장폐지승인을위한의안상정결정,20210408900283,N,"[패턴추정, 개별미확인] 대형 우량기업/선박투자회사 - 33개 원문 샘플 전부 이전상장/자진상장폐지(공개매수)/합병/펀드만기청산으로 확인됨. 같은 계열로 추정. 시간 제약상 개별 원문은 미확인.",Y-패턴추정,,,비재무(N)
00767460,PI첨단소재,20210802,상장폐지,상장폐지결정,20210802900149,N,"[패턴추정, 개별미확인] 대형 우량기업/선박투자회사 - 33개 원문 샘플 전부 이전상장/자진상장폐지(공개매수)/합병/펀드만기청산으로 확인됨. 같은 계열로 추정. 시간 제약상 개별 원문은 미확인.",Y-패턴추정,,,비재무(N)
00781202,파이온엑스,20200522,상장폐지,주권매매거래정지기간변경(상장폐지 사유 발생),20200522900646,Y,"의견거절,계속기업",,,,재무(Y)
00786331,에스앤씨엔진그룹리미티드,20200626,상장폐지,주권매매거래정지기간변경(상장폐지 사유 발생),20200626900778,Y,의견거절,,,,재무(Y)
00790121,차이나하오란리사이클링유한공사,20180705,상장폐지,주권매매거래정지기간변경(상장폐지 사유 발생),20180705900589,,"[원문확인-시장안내] 실질심사 종합적 요건(사유 비공개) + 허위서류 제출 + 불성실공시 벌점 누적 추가 - 비재무 성격 사유 병존, 별도 카테고리",Y,,,별도-사유비공개(실질심사)
00799070,딥커머스,20190509,상장폐지,주권매매거래정지기간변경(상장폐지 사유 발생),20190509900707,Y,의견거절,,,,재무(Y)
00800145,서진오토모티브,20210329,관리종목,주권매매거래정지(관리종목지정사유발생),20210329901777,,"[원문확인, 사유 미확인] 연결 자본총계 1,508억(자본금 100억)로 재무 건전. 재무요건 사유로 보이지 않아 비재무 사유(예: 지배구조 요건) 가능성 - 추가확인 필요",Y,,,미확인-관리종목(내부결산보고서 필요)
00806972,매직마이크로,20210323,상장폐지,주권매매거래정지기간변경(상장폐지 사유 발생),20210323901802,Y,"감사의견,의견거절,계속기업",,,,재무(Y)
00806972,매직마이크로,20220325,상장폐지,주권매매거래정지기간변경(상장폐지 사유 발생),20220325901246,Y,감사의견,,,,재무(Y)
00807397,코이즈,20260901,상장폐지,주권매매거래정지              (상장폐지 사유발생),20260901900760,,"[원문확인, 애매] 시가총액 200억원 미달 - 재무사유 정의에 명확히 해당 안 함, 판단 필요(원풍물산과 동일 케이스)",Y,,,별도-시가총액미달
00808068,앤로보틱스,20190320,상장폐지,주권매매거래정지(상장폐지 사유발생),20190320901084,Y,[원문확인-시장안내] 감사범위제한으로 인한 의견거절(감사의견),,,,재무(Y)
00808068,앤로보틱스,20210316,시장조치(복합),내부결산시점관리종목지정ㆍ형식적상장폐지ㆍ상장적격성실질심사사유발생,20210316901633,Y,"자본잠식,자기자본,영업손실",,,,재무(Y)
00808068,앤로보틱스,20211022,상장폐지,주권매매거래정지기간변경(상장폐지 사유 발생),20211022900582,Y,"[자동승계:220일 전 판정 '자본잠식,자기자본,영업손실' 상속]",,,,재무(Y)
00808086,HLB펩,20250204,시장조치(복합),내부결산시점관리종목지정ㆍ형식적상장폐지ㆍ상장적격성실질심사사유발생,20250204900937,Y,"자본잠식,자기자본",,,,재무(Y)
00808086,HLB펩,20250321,관리종목,주권매매거래정지              (관리종목지정사유발생),20250321901229,Y,"[자동승계:45일 전 판정 '자본잠식,자기자본' 상속]",,,,재무(Y)
00809429,뉴온,20240313,시장조치(복합),내부결산시점관리종목지정ㆍ형식적상장폐지ㆍ상장적격성실질심사사유발생,20240313902327,Y,"자본잠식,자기자본",,,,재무(Y)
00809517,아이엠텍,20190226,시장조치(복합),내부결산시점관리종목지정ㆍ형식적상장폐지ㆍ상장적격성실질심사사유발생,20190226901153,Y,"자본잠식,자기자본,영업손실",,,,재무(Y)
00809517,아이엠텍,20190321,관리종목,주권매매거래정지(관리종목지정사유발생),20190321901492,Y,"[자동승계:23일 전 판정 '자본잠식,자기자본,영업손실' 상속]",,,,재무(Y)
00809517,아이엠텍,20200406,상장폐지,주권매매거래정지기간변경(상장폐지 사유 발생),20200406900223,Y,의견거절,,,,재무(Y)
00809517,아이엠텍,20210330,상장폐지,주권매매거래정지기간변경(상장폐지 사유 발생),20210330902448,Y,"감사의견,의견거절",,,,재무(Y)
00810531,자원메디칼,20150126,상장폐지,상장폐지결정,20150126600298,N,자진 상장폐지,,,,비재무(N)
00812362,디에스앤엘,20170302,시장조치(복합),내부결산시점관리종목지정ㆍ형식적상장폐지ㆍ상장적격성실질심사사유발생,20170302900967,Y,"자본잠식,자기자본,영업손실",,,,재무(Y)
00812362,디에스앤엘,20170323,관리종목,주권매매거래정지(관리종목지정사유발생),20170323900867,Y,"[자동승계:21일 전 판정 '자본잠식,자기자본,영업손실' 상속]",,,,재무(Y)
00812362,디에스앤엘,20200317,상장폐지,주권매매거래정지기간변경(상장폐지 사유 발생),20200317901594,Y,"감사의견,의견거절,계속기업",,,,재무(Y)
00812362,디에스앤엘,20210308,시장조치(복합),내부결산시점관리종목지정ㆍ형식적상장폐지ㆍ상장적격성실질심사사유발생,20210308900808,Y,"자본잠식,자기자본,영업손실",,,,재무(Y)
00812362,디에스앤엘,20210322,상장폐지,주권매매거래정지기간변경(상장폐지 사유발생 및 풍문 등 조회결과 공시),20210322901026,Y,"감사의견,의견거절,계속기업",,,,재무(Y)
00812362,디에스앤엘,20210817,상장폐지,주권매매거래정지기간변경(상장폐지 사유 발생),20210817902599,Y,감사의견,,,,재무(Y)
00812362,디에스앤엘,20220215,시장조치(복합),내부결산시점관리종목지정ㆍ형식적상장폐지ㆍ상장적격성실질심사사유발생,20220215900945,Y,"자본잠식,자기자본,영업손실",,,,재무(Y)
00812362,디에스앤엘,20220412,상장폐지,주권매매거래정지기간변경(상장폐지 사유 발생),20220412900654,Y,"감사의견,의견거절",,,,재무(Y)
00812362,디에스앤엘,20220812,상장폐지,주권매매거래정지기간변경(상장폐지 사유 발생),20220812901507,Y,감사의견,,,,재무(Y)
00812362,디에스앤엘,20230213,시장조치(복합),내부결산시점관리종목지정ㆍ형식적상장폐지ㆍ상장적격성실질심사사유발생,20230213901372,Y,"자본잠식,자기자본,감사의견",,,,재무(Y)
00812362,디에스앤엘,20230724,상장폐지,주권매매거래정지기간변경(상장폐지사유 발생),20230724900576,Y,"[자동승계:161일 전 판정 '자본잠식,자기자본,감사의견' 상속]",,,,재무(Y)
00814786,티엔엔터테인먼트,20170323,상장폐지,주권매매거래정지(상장폐지사유 발생),20170323901134,Y,[원문확인-시장안내] 감사범위제한으로 인한 한정(감사의견),,,,재무(Y)
00814786,티엔엔터테인먼트,20180126,시장조치(복합),내부결산시점관리종목지정ㆍ형식적상장폐지ㆍ상장적격성실질심사사유발생,20180126900331,Y,"자본잠식,자기자본,영업손실",,,,재무(Y)
00814786,티엔엔터테인먼트,20210818,시장조치(복합),내부결산시점관리종목지정ㆍ형식적상장폐지ㆍ상장적격성실질심사사유발생,20210818900386,Y,"자본잠식,자기자본,영업손실",,,,재무(Y)
00814786,티엔엔터테인먼트,20210917,관리종목,주권매매거래정지(관리종목지정사유발생),20210917900645,Y,"[자동승계:30일 전 판정 '자본잠식,자기자본,영업손실' 상속]",,,,재무(Y)
00818472,이큐셀,20200320,상장폐지,주권매매거래정지(상장폐지 사유발생),20200320901521,Y,"감사의견,의견거절,계속기업",,,,재무(Y)
00818472,이큐셀,20201008,상장폐지,"주권매매거래정지기간변경(상장폐지 사유 발생, 상장적격성 실질심사대상(사유발생))",20201008900909,Y,"의견거절,계속기업",,,,재무(Y)
00818472,이큐셀,20230623,상장폐지,주권매매거래정지기간변경(상장폐지사유 발생),20230623900629,Y,"[자동승계:988일 전 판정 '의견거절,계속기업' 상속]",,,,재무(Y)
00820389,한울비앤씨,20230302,시장조치(복합),내부결산시점관리종목지정ㆍ형식적상장폐지ㆍ상장적격성실질심사사유발생,20230302901259,Y,"자본잠식,자기자본",,,,재무(Y)
00820389,한울비앤씨,20230314,상장폐지,주권매매거래정지기간변경(상장폐지 사유 발생),20230314902190,Y,"감사의견,의견거절,계속기업",,,,재무(Y)
00820389,한울비앤씨,20240222,시장조치(복합),내부결산시점관리종목지정ㆍ형식적상장폐지ㆍ상장적격성실질심사사유발생,20240222900986,Y,"자본잠식,자기자본,감사의견",,,,재무(Y)
00820389,한울비앤씨,20240321,상장폐지,주권매매거래정지기간변경              (상장폐지 사유 발생),20240321902626,Y,감사의견,,,,재무(Y)
00820389,한울비앤씨,20250313,시장조치(복합),내부결산시점관리종목지정ㆍ형식적상장폐지ㆍ상장적격성실질심사사유발생,20250313900883,Y,"자본잠식,자기자본,감사의견",,,,재무(Y)
00821607,알톤,20190319,시장조치(복합),내부결산시점관리종목지정ㆍ형식적상장폐지ㆍ상장적격성실질심사사유발생,20190319900415,Y,"자본잠식,자기자본,영업손실",,,,재무(Y)
00821607,알톤,20200207,시장조치(복합),내부결산시점관리종목지정ㆍ형식적상장폐지ㆍ상장적격성실질심사사유발생,20200207900823,Y,"자본잠식,자기자본,영업손실",,,,재무(Y)
00823687,웨이포트유한공사,20170512,상장폐지,상장폐지결정,20170512901032,N,[원문확인] 최대주주(진용) 요청에 의한 자진 상장폐지(공개매수),,,,비재무(N)
00842327,완리인터내셔널홀딩스,20170427,상장폐지,주권매매거래정지기간변경(상장폐지 사유 발생),20170427900711,Y,[원문확인-시장안내] 감사범위제한으로 인한 의견거절(감사의견),,,,재무(Y)
00842327,완리인터내셔널홀딩스,20180409,상장폐지,주권매매거래정지기간변경(상장폐지 사유 발생),20180409900912,Y,[원문확인-시장안내] 감사범위제한으로 인한 의견거절(감사의견),,,,재무(Y)
00855145,하이골드오션2호선박투자회사,20161207,상장폐지,상장폐지결정,20161207800418,N,"[패턴추정, 개별미확인] 대형 우량기업/선박투자회사 - 33개 원문 샘플 전부 이전상장/자진상장폐지(공개매수)/합병/펀드만기청산으로 확인됨. 같은 계열로 추정. 시간 제약상 개별 원문은 미확인.",Y-패턴추정,,,비재무(N)
00861720,이즈미디어,20220316,시장조치(복합),내부결산시점관리종목지정ㆍ형식적상장폐지ㆍ상장적격성실질심사사유발생,20220316901971,Y,"자본잠식,자기자본,영업손실",,,,재무(Y)
00861720,이즈미디어,20220323,상장폐지,주권매매거래정지(상장폐지 사유발생),20220323902069,Y,의견거절,,,,재무(Y)
00861720,이즈미디어,20230322,상장폐지,주권매매거래정지기간변경(상장폐지 사유 발생),20230322901156,Y,감사의견,,,,재무(Y)
00861720,이즈미디어,20240314,시장조치(복합),내부결산시점관리종목지정ㆍ형식적상장폐지ㆍ상장적격성실질심사사유발생,20240314902800,Y,"자본잠식,자기자본",,,,재무(Y)
00861997,아고스,20210322,관리종목,주권매매거래정지(관리종목지정사유발생),20210322901570,Y,[추정-원문근거] 관리종목 지정일과 동일한 감사보고서에서 법인세비용차감전계속사업손실률 50%초과 + 영업손실 3개년 확인(감사의견 적정),Y-추정,,,재무(Y)
00863038,캐리,20260225,시장조치(복합),내부결산시점관리종목지정ㆍ형식적상장폐지ㆍ상장적격성실질심사사유발생,20260225902135,Y,"자본잠식,자기자본",,,,재무(Y)
00863038,캐리,20260331,상장폐지,주권매매거래정지              (상장폐지 사유발생),20260331904813,Y,"[자동승계:34일 전 판정 '자본잠식,자기자본' 상속]",,,,재무(Y)
00866594,미애부,20210415,상장폐지,주권매매거래정지기간변경(상장폐지 사유 발생),20210415600089,Y,"감사의견,의견거절,계속기업",,,,재무(Y)
00867478,아시아종묘,20180206,상장폐지,상장폐지결정,20180206600675,N,[원문확인] 코넥스→코스닥 이전상장,,,,비재무(N)
00867478,아시아종묘,20220516,관리종목,주권매매거래정지기간변경(관리종목지정사유 발생),20220516902646,,[조회 실패] 해당 기간 공시목록에서 관련 보고서를 찾지 못함 - 추가확인 필요,Y,,,미확인-관리종목(내부결산보고서 필요)
00872452,미래오토스,20200323,상장폐지,주권매매거래정지(상장폐지 사유발생),20200323901995,Y,[원문확인-시장안내] 감사범위제한으로 인한 의견거절(감사의견),,,,재무(Y)
00872452,미래오토스,20210323,상장폐지,주권매매거래정지기간변경(상장폐지 사유 발생),20210323901689,Y,"감사의견,의견거절,계속기업",,,,재무(Y)
00872452,미래오토스,20210817,상장폐지,주권매매거래정지기간변경(상장폐지 사유 발생),20210817901871,Y,"감사의견,의견거절",,,,재무(Y)
00872452,미래오토스,20220215,시장조치(복합),내부결산시점관리종목지정ㆍ형식적상장폐지ㆍ상장적격성실질심사사유발생,20220215900968,Y,"자본잠식,자기자본,영업손실",,,,재무(Y)
00872452,미래오토스,20220216,상장폐지,주권매매거래정지기간변경(상장폐지 사유 발생),20220216900995,Y,"[자동승계:1일 전 판정 '자본잠식,자기자본,영업손실' 상속]",,,,재무(Y)
00872850,비지스틸,20160503,상장폐지,상장폐지결정,20160503600322,N,자진 상장폐지,,,,비재무(N)
00874195,코썬바이오,20200227,시장조치(복합),내부결산시점관리종목지정ㆍ형식적상장폐지ㆍ상장적격성실질심사사유발생,20200227901337,Y,"자본잠식,자기자본,영업손실",,,,재무(Y)
00874195,코썬바이오,20200519,상장폐지,주권매매거래정지기간변경(상장폐지 사유 발생),20200519900529,Y,"[자동승계:82일 전 판정 '자본잠식,자기자본,영업손실' 상속]",,,,재무(Y)
00890388,지성이씨에스,20180608,상장폐지,상장폐지결정,20180608600659,N,[원문확인] 코넥스 자진 상장폐지('건설업 시장상황 어려움'에 따른 이전상장 지연 판단 — 경계선 케이스),,,,비재무(N)
00896753,에코글로우,20201207,상장폐지,주권매매거래정지기간변경(상장폐지 사유 발생),20201207900601,,[원문확인-시장안내] 횡령 혐의 발생(스킨앤스킨) - 별도 카테고리. 참고: 감사보고서상 손실률50%초과·영업손실 3개년 병존,Y,,,별도-횡령·배임
00896753,에코글로우,20210201,시장조치(복합),내부결산시점관리종목지정ㆍ형식적상장폐지ㆍ상장적격성실질심사사유발생,20210201900980,Y,"자본잠식,자기자본,영업손실",,,,재무(Y)
00910947,바다로19호선박투자회사,20231017,상장폐지,상장폐지결정,20231017800368,N,"[패턴추정, 개별미확인] 대형 우량기업/선박투자회사 - 33개 원문 샘플 전부 이전상장/자진상장폐지(공개매수)/합병/펀드만기청산으로 확인됨. 같은 계열로 추정. 시간 제약상 개별 원문은 미확인.",Y-패턴추정,,,비재무(N)
00914341,아이티켐,20260406,상장폐지,주권매매거래정지기간변경              (상장폐지 사유 발생),20260406901137,Y,의견거절,,,,재무(Y)
00923792,내츄럴엔도텍,20190211,시장조치(복합),내부결산시점관리종목지정ㆍ형식적상장폐지ㆍ상장적격성실질심사사유발생,20190211901140,Y,"자본잠식,자기자본,영업손실",,,,재무(Y)
00923792,내츄럴엔도텍,20200214,시장조치(복합),내부결산시점관리종목지정ㆍ형식적상장폐지ㆍ상장적격성실질심사사유발생,20200214900951,Y,"자본잠식,자기자본,영업손실",,,,재무(Y)
00923826,일월지엠엘,20190304,시장조치(복합),내부결산시점관리종목지정ㆍ형식적상장폐지ㆍ상장적격성실질심사사유발생,20190304900002,Y,"자본잠식,자기자본,영업손실",,,,재무(Y)
00923826,일월지엠엘,20200228,시장조치(복합),내부결산시점관리종목지정ㆍ형식적상장폐지ㆍ상장적격성실질심사사유발생,20200228901395,Y,"자본잠식,자기자본,영업손실",,,,재무(Y)
00923826,일월지엠엘,20210317,상장폐지,주권매매거래정지기간변경(상장폐지 사유 발생),20210317900038,Y,의견거절,,,,재무(Y)
00923826,일월지엠엘,20220216,시장조치(복합),내부결산시점관리종목지정ㆍ형식적상장폐지ㆍ상장적격성실질심사사유발생,20220216901009,Y,"자본잠식,자기자본,영업손실",,,,재무(Y)
00923826,일월지엠엘,20220323,상장폐지,주권매매거래정지기간변경(상장폐지 사유 발생 및 상장적격성 실질심사 대상(사유발생)),20220323902054,Y,감사의견,,,,재무(Y)
00923826,일월지엠엘,20220816,상장폐지,주권매매거래정지기간변경(상장폐지 사유 발생),20220816902814,Y,감사의견,,,,재무(Y)
00923899,참존글로벌,20200320,상장폐지,주권매매거래정지기간변경(상장폐지 사유 발생),20200320902454,Y,"감사의견,의견거절,계속기업",,,,재무(Y)
00923899,참존글로벌,20210215,시장조치(복합),내부결산시점관리종목지정ㆍ형식적상장폐지ㆍ상장적격성실질심사사유발생,20210215901248,Y,"자본잠식,자기자본,영업손실",,,,재무(Y)
00923899,참존글로벌,20210331,상장폐지,주권매매거래정지기간변경(상장폐지 사유발생),20210331902462,Y,"감사의견,의견거절,계속기업",,,,재무(Y)
00923899,참존글로벌,20211022,상장폐지,주권매매거래정지기간변경(상장폐지 사유 발생),20211022900603,Y,"[자동승계:205일 전 판정 '감사의견,의견거절,계속기업' 상속]",,,,재무(Y)
00929228,엔에스컴퍼니,20210401,상장폐지,주권매매거래정지기간변경(상장폐지 사유 발생),20210401600345,N,[원문확인] 분산요건미달(지분분산 기준 미달) - 비재무 사유,,,,비재무(N)
00938688,SBI핀테크솔루션즈,20250529,상장폐지,상장폐지결정,20250529900499,N,자진상장폐지,,,,비재무(N)
00938688,SBI핀테크솔루션즈,20250529,상장폐지,상장폐지승인을위한의안상정결정,20250529900543,N,"자진상장폐지,자진 상장폐지",,,,비재무(N)
00945208,더미동,20240329,상장폐지,주권매매거래정지기간변경              (상장폐지 사유 발생),20240329904802,Y,감사의견,,,,재무(Y)
00945776,지슨,20250807,상장폐지,상장폐지결정              (피흡수 합병(스펙합병)),20250807600577,N,[원문확인] 코넥스→코스닥 이전상장,,,,비재무(N)
00954242,하이골드오션12호국제선박투자회사,20211201,상장폐지,상장폐지결정,20211201800761,N,"[패턴추정, 개별미확인] 대형 우량기업/선박투자회사 - 33개 원문 샘플 전부 이전상장/자진상장폐지(공개매수)/합병/펀드만기청산으로 확인됨. 같은 계열로 추정. 시간 제약상 개별 원문은 미확인.",Y-패턴추정,,,비재무(N)
00957568,로아앤코,20170329,상장폐지,주권매매거래정지기간변경(상장폐지 사유 발생),20170329901189,Y,[원문확인-시장안내] 감사범위제한으로 인한 의견거절(감사의견),,,,재무(Y)
00957568,로아앤코,20220211,시장조치(복합),내부결산시점관리종목지정ㆍ형식적상장폐지ㆍ상장적격성실질심사사유발생,20220211900895,Y,"자본잠식,자기자본,영업손실",,,,재무(Y)
00957568,로아앤코,20230731,상장폐지,주권매매거래정지기간변경(상장폐지 사유 발생),20230731900769,Y,"[자동승계:535일 전 판정 '자본잠식,자기자본,영업손실' 상속]",,,,재무(Y)
00959229,세종메디칼,20240229,시장조치(복합),내부결산시점관리종목지정ㆍ형식적상장폐지ㆍ상장적격성실질심사사유발생,20240229901521,Y,"자본잠식,자기자본",,,,재무(Y)
00959229,세종메디칼,20240411,상장폐지,주권매매거래정지기간변경              (상장폐지 사유 발생),20240411900699,Y,"감사의견,의견거절,계속기업",,,,재무(Y)
00959229,세종메디칼,20250228,시장조치(복합),내부결산시점관리종목지정ㆍ형식적상장폐지ㆍ상장적격성실질심사사유발생,20250228901789,Y,"자본잠식,자기자본,감사의견",,,,재무(Y)
00959229,세종메디칼,20250804,상장폐지,주권매매거래정지기간변경              (상장폐지 사유발생),20250804900485,Y,"[자동승계:157일 전 판정 '자본잠식,자기자본,감사의견' 상속]",,,,재무(Y)
00961136,씨티네트웍스,20200413,상장폐지,주권매매거래정지기간변경(상장폐지 사유발생),20200413600771,Y,"감사의견,의견거절,계속기업",,,,재무(Y)
00962393,포인트모바일,20220329,상장폐지,주권매매거래정지기간변경(상장폐지 사유 발생),20220329902741,Y,[원문확인] 감사범위제한으로 인한 한정(감사의견),,,,재무(Y)
00962393,포인트모바일,20230417,상장폐지,주권매매거래정지기간변경(상장폐지 사유 발생),20230417900555,Y,감사의견,,,,재무(Y)
00967778,나이코,20161031,상장폐지,상장폐지결정,20161031600321,N,자진 상장폐지,,,,비재무(N)
00971090,어스앤에어로스페이스,20200320,상장폐지,주권매매거래정지(상장폐지 사유발생),20200320902484,Y,"감사의견,의견거절,계속기업",,,,재무(Y)
00971090,어스앤에어로스페이스,20210323,상장폐지,주권매매거래정지기간변경(상장폐지 사유 발생 및 상장적격성 실질심사 대상(사유발생)),20210323901698,Y,"감사의견,의견거절,계속기업",,,,재무(Y)
00971090,어스앤에어로스페이스,20210817,상장폐지,주권매매거래정지기간변경(상장폐지 사유 발생),20210817902628,Y,감사의견,,,,재무(Y)
00971090,어스앤에어로스페이스,20220222,시장조치(복합),내부결산시점관리종목지정ㆍ형식적상장폐지ㆍ상장적격성실질심사사유발생,20220222900941,Y,"자본잠식,자기자본,영업손실",,,,재무(Y)
00971090,어스앤에어로스페이스,20221108,상장폐지,주권매매거래정지기간변경(상장폐지 사유 발생),20221108900560,Y,"[자동승계:259일 전 판정 '자본잠식,자기자본,영업손실' 상속]",,,,재무(Y)
00971090,어스앤에어로스페이스,20240408,상장폐지,주권매매거래정지기간변경              (상장폐지 사유 발생),20240408900795,Y,"감사의견,의견거절,계속기업",,,,재무(Y)
00972293,파멥신,20240312,시장조치(복합),내부결산시점관리종목지정ㆍ형식적상장폐지ㆍ상장적격성실질심사사유발생,20240312901722,Y,"자본잠식,자기자본,영업손실",,,,재무(Y)
00972293,파멥신,20240724,상장폐지,주권매매거래정지기간변경              (상장폐지 사유 발생),20240724900620,Y,"[자동승계:134일 전 판정 '자본잠식,자기자본,영업손실' 상속]",,,,재무(Y)
00977641,하이로닉,20250407,상장폐지,주권매매거래정지기간변경              (상장폐지 사유 발생),20250407901153,Y,[원문확인] 감사범위제한으로 인한 한정(감사의견),,,,재무(Y)
00977650,엔케이젠바이오텍코리아,20240405,상장폐지,주권매매거래정지기간변경              (상장폐지 사유 발생),20240405900971,Y,"감사의견,의견거절,계속기업",,,,재무(Y)
00977650,엔케이젠바이오텍코리아,20250228,시장조치(복합),내부결산시점관리종목지정ㆍ형식적상장폐지ㆍ상장적격성실질심사사유발생,20250228901810,Y,"자본잠식,자기자본,감사의견",,,,재무(Y)
00977650,엔케이젠바이오텍코리아,20250321,상장폐지,주권매매거래정지기간변경              (상장폐지 사유 발생),20250321902323,Y,감사의견,,,,재무(Y)
00977650,엔케이젠바이오텍코리아,20251119,상장폐지,주권매매거래정지기간변경              (상장폐지 사유 발생),20251119900539,Y,[자동승계:243일 전 판정 '감사의견' 상속],,,,재무(Y)
00977650,엔케이젠바이오텍코리아,20260227,시장조치(복합),내부결산시점관리종목지정ㆍ형식적상장폐지ㆍ상장적격성실질심사사유발생,20260227901806,Y,"자본잠식,자기자본",,,,재무(Y)
00977696,넥스쳐,20180321,상장폐지,주권매매거래정지기간변경(상장폐지 사유 발생),20180321901037,,"[원문확인, 사유 미확인] 목록에 감사의견 적정(영업손실 2개년) 보고서만 있고 상장폐지 사유 안내 공시 없음 - 추가확인 필요",Y,,,미확인-실질심사(사유 미확인)
00977696,넥스쳐,20190321,상장폐지,주권매매거래정지기간변경(상장폐지 사유 발생),20190321901685,Y,의견거절,,,,재무(Y)
00977696,넥스쳐,20190814,상장폐지,주권매매거래정지기간변경(상장폐지 사유 발생),20190814903295,Y,"의견거절,부적정",,,,재무(Y)
00989327,엘피케이로보틱스,20190321,상장폐지,주권매매거래정지(상장폐지 사유발생),20190321601779,Y,"감사의견,의견거절",,,,재무(Y)
00989327,엘피케이로보틱스,20200320,상장폐지,주권매매거래정지기간변경(상장폐지사유 발생),20200320602423,Y,"감사의견,의견거절",,,,재무(Y)
00989619,알테오젠,20251106,상장폐지,상장폐지승인을위한의안상정결정,20251106900183,N,"[패턴추정, 개별미확인] 대형 우량기업/선박투자회사 - 33개 원문 샘플 전부 이전상장/자진상장폐지(공개매수)/합병/펀드만기청산으로 확인됨. 같은 계열로 추정. 시간 제약상 개별 원문은 미확인.",Y-패턴추정,,,비재무(N)
00990396,레드우즈,20260331,상장폐지,주권매매거래정지기간변경              (상장폐지사유 발생),20260331600655,Y,"감사의견,의견거절,계속기업",,,,재무(Y)
00995993,DXVX,20190320,상장폐지,주권매매거래정지(상장폐지 사유발생),20190320901076,Y,[원문확인-시장안내] 감사범위제한으로 인한 의견거절(감사의견),,,,재무(Y)
00995993,DXVX,20250213,시장조치(복합),내부결산시점관리종목지정ㆍ형식적상장폐지ㆍ상장적격성실질심사사유발생,20250213900939,Y,"자본잠식,자기자본",,,,재무(Y)
00995993,DXVX,20250320,관리종목,주권매매거래정지              (관리종목지정사유발생),20250320902091,Y,"[자동승계:35일 전 판정 '자본잠식,자기자본' 상속]",,,,재무(Y)
01010110,더블유게임즈,20180806,상장폐지,상장폐지승인을위한의안상정결정,20180806900017,N,"[패턴추정, 개별미확인] 대형 우량기업/선박투자회사 - 33개 원문 샘플 전부 이전상장/자진상장폐지(공개매수)/합병/펀드만기청산으로 확인됨. 같은 계열로 추정. 시간 제약상 개별 원문은 미확인.",Y-패턴추정,,,비재무(N)
01010110,더블유게임즈,20190306,상장폐지,상장폐지결정,20190306900186,N,"[패턴추정, 개별미확인] 대형 우량기업/선박투자회사 - 33개 원문 샘플 전부 이전상장/자진상장폐지(공개매수)/합병/펀드만기청산으로 확인됨. 같은 계열로 추정. 시간 제약상 개별 원문은 미확인.",Y-패턴추정,,,비재무(N)
01011395,레몬,20260226,시장조치(복합),내부결산시점관리종목지정ㆍ형식적상장폐지ㆍ상장적격성실질심사사유발생,20260226901706,Y,"자본잠식,자기자본",,,,재무(Y)
01011395,레몬,20260320,관리종목,주권매매거래정지              (관리종목지정사유발생),20260320901350,Y,"[자동승계:22일 전 판정 '자본잠식,자기자본' 상속]",,,,재무(Y)
01011562,우성아이비,20180320,상장폐지,주권매매거래정지(상장폐지 사유발생),20180320901039,Y,"감사의견,의견거절,계속기업",,,,재무(Y)
01016886,테크엔,20240321,상장폐지,주권매매거래정지              (상장폐지 사유발생),20240321602785,Y,"감사의견,의견거절,계속기업",,,,재무(Y)
01016886,테크엔,20250331,상장폐지,주권매매거래정지기간변경              (상장폐지 사유 발생),20250331603953,Y,감사의견,,,,재무(Y)
01031229,한국비티비,20180914,상장폐지,상장폐지결정,20180914600488,N,[원문확인] 코넥스→코스닥 이전상장,,,,비재무(N)
01031229,한국비티비,20220228,시장조치(복합),내부결산시점관리종목지정ㆍ형식적상장폐지ㆍ상장적격성실질심사사유발생,20220228901355,Y,"자본잠식,자기자본,영업손실",,,,재무(Y)
01031229,한국비티비,20220322,상장폐지,주권매매거래정지기간변경(상장폐지 사유 발생),20220322901684,Y,"의견거절,계속기업",,,,재무(Y)
01031229,한국비티비,20220816,상장폐지,주권매매거래정지기간변경(상장폐지 사유 발생),20220816903060,Y,감사의견,,,,재무(Y)
01031229,한국비티비,20230210,시장조치(복합),내부결산시점관리종목지정ㆍ형식적상장폐지ㆍ상장적격성실질심사사유발생,20230210901118,Y,"자본잠식,자기자본,감사의견",,,,재무(Y)
01031229,한국비티비,20240229,시장조치(복합),내부결산시점관리종목지정ㆍ형식적상장폐지ㆍ상장적격성실질심사사유발생,20240229901612,Y,"자본잠식,자기자본,영업손실",,,,재무(Y)
01036367,아크솔루션스,20240214,시장조치(복합),내부결산시점관리종목지정ㆍ형식적상장폐지ㆍ상장적격성실질심사사유발생,20240214901792,Y,"자본잠식,자기자본,영업손실",,,,재무(Y)
01036367,아크솔루션스,20250529,상장폐지,주권매매거래정지기간변경              (상장폐지 사유발생),20250529900658,Y,"[자동승계:470일 전 판정 '자본잠식,자기자본,영업손실' 상속]",,,,재무(Y)
01037214,킵스파마,20170831,상장폐지,상장폐지결정,20170831600233,N,[원문확인] 코넥스→코스닥 이전상장,,,,비재무(N)
01037542,엔피엑스,20250609,상장폐지,주권매매거래정지기간변경              (상장폐지사유 발생),20250609900559,,[원문확인-시장안내] 횡령·배임 혐의 발생 및 진행사항 - 별도 카테고리. 참고: 영업손실 3개년,Y,,,별도-횡령·배임
01038161,대우기업인수목적2호,20170516,상장폐지,주권매매거래정지(상장폐지 사유발생),20170516900572,N,"[일괄판정] SPAC(기업인수목적) 상장폐지 — 상장예비심사서 미제출로 관리종목지정 후 1개월내 미해소(합병대상 미확보). 4개 샘플(2017~2026) 원문 확인, 전부 동일 사유. 비재무.",,,,비재무(N)
01041217,현대에이블기업인수목적1호,20170601,상장폐지,주권매매거래정지(상장폐지 사유발생),20170601900682,N,"[일괄판정] SPAC(기업인수목적) 상장폐지 — 상장예비심사서 미제출로 관리종목지정 후 1개월내 미해소(합병대상 미확보). 4개 샘플(2017~2026) 원문 확인, 전부 동일 사유. 비재무.",,,,비재무(N)
01041828,JTC,20220415,시장조치(복합),내부결산시점관리종목지정ㆍ형식적상장폐지ㆍ상장적격성실질심사사유발생,20220415900668,Y,"자본잠식,자기자본,영업손실",,,,재무(Y)
01041828,JTC,20220527,관리종목,주권매매거래정지(관리종목지정사유발생),20220527900338,Y,"[자동승계:42일 전 판정 '자본잠식,자기자본,영업손실' 상속]",,,,재무(Y)
01042429,넥써쓰,20190131,시장조치(복합),내부결산시점관리종목지정ㆍ형식적상장폐지ㆍ상장적격성실질심사사유발생,20190131900922,Y,"자본잠식,자기자본,영업손실",,,,재무(Y)
01042429,넥써쓰,20190319,관리종목,주권매매거래정지(관리종목지정사유발생),20190319900834,Y,"[자동승계:47일 전 판정 '자본잠식,자기자본,영업손실' 상속]",,,,재무(Y)
01042429,넥써쓰,20200131,시장조치(복합),내부결산시점관리종목지정ㆍ형식적상장폐지ㆍ상장적격성실질심사사유발생,20200131900649,Y,"자본잠식,자기자본,영업손실",,,,재무(Y)
01043853,베노티앤알,20190212,시장조치(복합),내부결산시점관리종목지정ㆍ형식적상장폐지ㆍ상장적격성실질심사사유발생,20190212900744,Y,"자본잠식,자기자본,영업손실",,,,재무(Y)
01043853,베노티앤알,20190320,관리종목,주권매매거래정지(관리종목지정사유발생),20190320900598,Y,"[자동승계:36일 전 판정 '자본잠식,자기자본,영업손실' 상속]",,,,재무(Y)
01043871,케이티비기업인수목적1호,20170626,상장폐지,주권매매거래정지(상장폐지 사유발생),20170626900500,N,"[일괄판정] SPAC(기업인수목적) 상장폐지 — 상장예비심사서 미제출로 관리종목지정 후 1개월내 미해소(합병대상 미확보). 4개 샘플(2017~2026) 원문 확인, 전부 동일 사유. 비재무.",,,,비재무(N)
01046179,골든브릿지제2호기업인수목적,20170929,상장폐지,주권매매거래정지(상장폐지 사유발생),20170929901235,N,"[일괄판정] SPAC(기업인수목적) 상장폐지 — 상장예비심사서 미제출로 관리종목지정 후 1개월내 미해소(합병대상 미확보). 4개 샘플(2017~2026) 원문 확인, 전부 동일 사유. 비재무.",,,,비재무(N)
01046203,로아앤코홀딩스,20240408,상장폐지,주권매매거래정지기간변경              (상장폐지 사유 발생),20240408900777,Y,[원문확인] 감사범위제한으로 인한 한정(감사의견),,,,재무(Y)
01046203,로아앤코홀딩스,20250407,상장폐지,주권매매거래정지기간변경              (상장폐지 사유 발생),20250407901202,Y,감사의견,,,,재무(Y)
01047451,셀바스헬스케어,20190812,시장조치(복합),내부결산시점관리종목지정ㆍ형식적상장폐지ㆍ상장적격성실질심사사유발생,20190812900523,Y,"자본잠식,자기자본,영업손실",,,,재무(Y)
01047451,셀바스헬스케어,20190814,관리종목,주권매매거래정지(관리종목지정사유발생),20190814900006,Y,"[자동승계:2일 전 판정 '자본잠식,자기자본,영업손실' 상속]",,,,재무(Y)
01047567,엔에이치에스엘기업인수목적,20170925,상장폐지,주권매매거래정지(상장폐지 사유발생),20170925900664,N,"[일괄판정] SPAC(기업인수목적) 상장폐지 — 상장예비심사서 미제출로 관리종목지정 후 1개월내 미해소(합병대상 미확보). 4개 샘플(2017~2026) 원문 확인, 전부 동일 사유. 비재무.",,,,비재무(N)
01047716,하나머스트3호기업인수목적,20170718,상장폐지,주권매매거래정지(상장폐지 사유발생),20170718900474,N,"[일괄판정] SPAC(기업인수목적) 상장폐지 — 상장예비심사서 미제출로 관리종목지정 후 1개월내 미해소(합병대상 미확보). 4개 샘플(2017~2026) 원문 확인, 전부 동일 사유. 비재무.",,,,비재무(N)
01047929,에스케이제1호기업인수목적,20171024,상장폐지,주권매매거래정지(상장폐지 사유발생),20171024900515,N,"[일괄판정] SPAC(기업인수목적) 상장폐지 — 상장예비심사서 미제출로 관리종목지정 후 1개월내 미해소(합병대상 미확보). 4개 샘플(2017~2026) 원문 확인, 전부 동일 사유. 비재무.",,,,비재무(N)
01049167,롤링스톤,20260211,시장조치(복합),내부결산시점관리종목지정ㆍ형식적상장폐지ㆍ상장적격성실질심사사유발생,20260211901839,Y,"자본잠식,자기자본",,,,재무(Y)
01049167,롤링스톤,20260323,상장폐지,주권매매거래정지기간변경              (상장폐지 사유 발생),20260323902729,Y,의견거절,,,,재무(Y)
01049422,썸에이지,20210215,시장조치(복합),내부결산시점관리종목지정ㆍ형식적상장폐지ㆍ상장적격성실질심사사유발생,20210215900918,Y,"자본잠식,자기자본,영업손실",,,,재무(Y)
01049422,썸에이지,20210322,관리종목,주권매매거래정지(관리종목지정사유발생),20210322900914,Y,"[자동승계:35일 전 판정 '자본잠식,자기자본,영업손실' 상속]",,,,재무(Y)
01051092,피씨엘,20240313,시장조치(복합),내부결산시점관리종목지정ㆍ형식적상장폐지ㆍ상장적격성실질심사사유발생,20240313901844,Y,"자본잠식,자기자본",,,,재무(Y)
01051092,피씨엘,20250721,상장폐지,주권매매거래정지기간변경              (상장폐지 사유 발생),20250721900610,Y,"[자동승계:495일 전 판정 '자본잠식,자기자본' 상속]",,,,재무(Y)
01055317,비엔디생활건강,20220415,상장폐지,주권매매거래정지기간변경(상장폐지 사유 발생),20220415600741,Y,"감사의견,의견거절,계속기업",,,,재무(Y)
01055317,비엔디생활건강,20230317,상장폐지,주권매매거래정지기간변경(상장폐지 사유 발생),20230317600988,Y,"감사의견,의견거절",,,,재무(Y)
01060735,로지스몬,20190415,상장폐지,주권매매거래정지기간변경(상장폐지 사유발생),20190415600823,Y,"감사의견,의견거절,계속기업",,,,재무(Y)
01060735,로지스몬,20200413,상장폐지,주권매매거래정지기간변경(상장폐지 사유발생),20200413600765,Y,"감사의견,의견거절,계속기업",,,,재무(Y)
01063884,솔디펜스,20220322,상장폐지,주권매매거래정지기간변경(상장폐지 사유 발생),20220322901681,Y,"감사의견,의견거절",,,,재무(Y)
01063884,솔디펜스,20230323,상장폐지,주권매매거래정지기간변경(상장폐지 사유 발생),20230323902174,Y,감사의견,,,,재무(Y)
01066030,드림티엔터테인먼트,20190319,상장폐지,주권매매거래정지(상장폐지 사유발생),20190319601174,Y,"감사의견,의견거절",,,,재무(Y)
01068658,선샤인푸드,20240313,시장조치(복합),내부결산시점관리종목지정ㆍ형식적상장폐지ㆍ상장적격성실질심사사유발생,20240313902846,Y,"자본잠식,자기자본",,,,재무(Y)
01068658,선샤인푸드,20240411,상장폐지,주권매매거래정지기간변경              (상장폐지 사유 발생),20240411900590,Y,"감사의견,의견거절,계속기업",,,,재무(Y)
01068658,선샤인푸드,20250217,시장조치(복합),내부결산시점관리종목지정ㆍ형식적상장폐지ㆍ상장적격성실질심사사유발생,20250217901250,Y,"자본잠식,자기자본,감사의견",,,,재무(Y)
01068658,선샤인푸드,20250321,상장폐지,주권매매거래정지기간변경              (상장폐지 사유 발생),20250321902364,Y,감사의견,,,,재무(Y)
01070149,올리패스,20240312,시장조치(복합),내부결산시점관리종목지정ㆍ형식적상장폐지ㆍ상장적격성실질심사사유발생,20240312901693,Y,"자본잠식,자기자본,영업손실",,,,재무(Y)
01070149,올리패스,20250122,시장조치(복합),내부결산시점관리종목지정ㆍ형식적상장폐지ㆍ상장적격성실질심사사유발생,20250122900541,Y,"자본잠식,자기자본",,,,재무(Y)
01070149,올리패스,20250407,상장폐지,주권매매거래정지              (상장폐지 사유발생),20250407901339,Y,"[자동승계:75일 전 판정 '자본잠식,자기자본' 상속]",,,,재무(Y)
01070149,올리패스,20250820,상장폐지,주권매매거래정지기간변경              (상장폐지 사유 발생),20250820900467,Y,감사의견,,,,재무(Y)
01070149,올리패스,20260225,시장조치(복합),내부결산시점관리종목지정ㆍ형식적상장폐지ㆍ상장적격성실질심사사유발생,20260225901549,Y,"자본잠식,자기자본,감사의견",,,,재무(Y)
01075126,사토시홀딩스,20190320,관리종목,주권매매거래정지(관리종목지정사유발생),20190320900925,,[원문확인-시장안내] 횡령·배임 혐의 발생(이에스브이) + 불성실공시 병존 - 별도 카테고리,Y,,,별도-횡령·배임
01075126,사토시홀딩스,20210608,상장폐지,주권매매거래정지기간변경(상장폐지 사유 발생),20210608900493,,[원문확인-시장안내] 횡령·배임 혐의 발생(이에스브이) + 불성실공시 병존 - 별도 카테고리,Y,,,별도-횡령·배임
01076550,주노콜렉션,20190408,상장폐지,주권매매거래정지기간변경(상장폐지 사유발생),20190408601087,Y,"감사의견,의견거절",,,,재무(Y)
01084364,다산디엠씨,20200831,관리종목,주권매매거래정지(관리종목지정사유발생),20200831900472,Y,[원문확인-보고서제목] 반기검토(감사)의견부적정등사실확인(자본잠식률50%이상 또는 자기자본10억미만 포함),,,,재무(Y)
01084364,다산디엠씨,20210407,상장폐지,주권매매거래정지(상장폐지 사유발생),20210407900751,Y,"[원문확인-시장안내] 감사범위제한으로 인한 의견거절(감사의견, 엔지스테크널러지)",,,,재무(Y)
01084364,다산디엠씨,20210830,상장폐지,주권매매거래정지기간변경(상장폐지 사유 발생),20210830900538,Y,"감사의견,의견거절",,,,재무(Y)
01084364,다산디엠씨,20220323,상장폐지,주권매매거래정지기간변경(상장폐지 사유 발생 및 상장적격성 실질심사 대상(사유발생)),20220323902023,Y,"감사의견,의견거절",,,,재무(Y)
01084364,다산디엠씨,20220808,상장폐지,주권매매거래정지기간변경(상장폐지 사유 발생),20220808900444,Y,"감사의견,의견거절",,,,재무(Y)
01084364,다산디엠씨,20230417,상장폐지,주권매매거래정지기간변경(상장폐지 사유 발생),20230417900498,Y,"감사의견,의견거절,계속기업",,,,재무(Y)
01084364,다산디엠씨,20240208,시장조치(복합),내부결산시점관리종목지정ㆍ형식적상장폐지ㆍ상장적격성실질심사사유발생,20240208901383,Y,"자본잠식,자기자본,영업손실",,,,재무(Y)
01085442,오건에코텍,20250417,상장폐지,주권매매거래정지기간변경              (상장폐지 사유 발생),20250417600962,Y,"감사의견,의견거절,계속기업",,,,재무(Y)
01085442,오건에코텍,20260331,상장폐지,주권매매거래정지기간변경              (상장폐지 사유 발생),20260331604766,Y,"감사의견,의견거절",,,,재무(Y)
01086812,케미메디,20190321,상장폐지,주권매매거래정지기간변경(상장폐지 사유발생),20190321601775,Y,"감사의견,의견거절",,,,재무(Y)
01086812,케미메디,20200324,상장폐지,주권매매거래정지기간변경(상장폐지 사유 발생),20200324601137,Y,"감사의견,의견거절",,,,재무(Y)
01087079,한화에이스기업인수목적2호,20180214,상장폐지,주권매매거래정지(상장폐지 사유발생),20180214901371,N,"[일괄판정] SPAC(기업인수목적) 상장폐지 — 상장예비심사서 미제출로 관리종목지정 후 1개월내 미해소(합병대상 미확보). 4개 샘플(2017~2026) 원문 확인, 전부 동일 사유. 비재무.",,,,비재무(N)
01088458,극동자동화,20180927,상장폐지,상장폐지결정,20180927600491,N,자진 상장폐지,,,,비재무(N)
01089378,디와이디,20220214,시장조치(복합),내부결산시점관리종목지정ㆍ형식적상장폐지ㆍ상장적격성실질심사사유발생,20220214900721,Y,"자본잠식,자기자본,영업손실",,,,재무(Y)
01089378,디와이디,20220323,관리종목,주권매매거래정지(관리종목지정사유발생),20220323901299,Y,"[자동승계:37일 전 판정 '자본잠식,자기자본,영업손실' 상속]",,,,재무(Y)
01089378,디와이디,20250214,시장조치(복합),내부결산시점관리종목지정ㆍ형식적상장폐지ㆍ상장적격성실질심사사유발생,20250214900978,Y,"자본잠식,자기자본",,,,재무(Y)
01089378,디와이디,20250321,관리종목,주권매매거래정지              (관리종목지정사유발생),20250321902048,Y,"[자동승계:35일 전 판정 '자본잠식,자기자본' 상속]",,,,재무(Y)
01089378,디와이디,20260206,시장조치(복합),내부결산시점관리종목지정ㆍ형식적상장폐지ㆍ상장적격성실질심사사유발생,20260206902834,Y,"자본잠식,자기자본",,,,재무(Y)
01089387,유안타제2호기업인수목적,20180208,상장폐지,주권매매거래정지(상장폐지 사유발생),20180208901455,N,"[일괄판정] SPAC(기업인수목적) 상장폐지 — 상장예비심사서 미제출로 관리종목지정 후 1개월내 미해소(합병대상 미확보). 4개 샘플(2017~2026) 원문 확인, 전부 동일 사유. 비재무.",,,,비재무(N)
01089855,맘스터치앤컴퍼니,20220218,상장폐지,상장폐지결정,20220218900640,N,"[패턴추정, 개별미확인] 대형 우량기업/선박투자회사 - 33개 원문 샘플 전부 이전상장/자진상장폐지(공개매수)/합병/펀드만기청산으로 확인됨. 같은 계열로 추정. 시간 제약상 개별 원문은 미확인.",Y-패턴추정,,,비재무(N)
01089855,맘스터치앤컴퍼니,20220315,상장폐지,상장폐지승인을위한의안상정결정,20220315901961,N,자진 상장폐지,,,,비재무(N)
01091382,세토피아,20200217,시장조치(복합),내부결산시점관리종목지정ㆍ형식적상장폐지ㆍ상장적격성실질심사사유발생,20200217900687,Y,"자본잠식,자기자본,영업손실",,,,재무(Y)
01091382,세토피아,20210125,시장조치(복합),내부결산시점관리종목지정ㆍ형식적상장폐지ㆍ상장적격성실질심사사유발생,20210125900941,Y,"자본잠식,자기자본,영업손실",,,,재무(Y)
01091382,세토피아,20240404,상장폐지,주권매매거래정지기간변경              (상장폐지 사유 발생),20240404900775,Y,"의견거절,계속기업",,,,재무(Y)
01091382,세토피아,20250228,시장조치(복합),내부결산시점관리종목지정ㆍ형식적상장폐지ㆍ상장적격성실질심사사유발생,20250228901721,Y,"둘다(자본잠식,자기자본 / 합병으로 인한)",,,"세토피아: 자본금 378억 대비 자본총계 177~217억, 잠식률 43~53%. 자본잠식.",재무(Y)
01094565,이베스트기업인수목적3호,20180514,상장폐지,주권매매거래정지(상장폐지 사유발생),20180514901064,N,"[일괄판정] SPAC(기업인수목적) 상장폐지 — 상장예비심사서 미제출로 관리종목지정 후 1개월내 미해소(합병대상 미확보). 4개 샘플(2017~2026) 원문 확인, 전부 동일 사유. 비재무.",,,,비재무(N)
01095892,태경피엔에스,20180323,상장폐지,주권매매거래정지기간변경(코넥스주권 상장폐지 사유발생),20180323601301,Y,"감사의견,의견거절",,,,재무(Y)
01097906,케이에이치건설,20230406,상장폐지,주권매매거래정지기간변경(상장폐지 사유 발생),20230406900862,Y,의견거절,,,,재무(Y)
01097906,케이에이치건설,20240321,상장폐지,주권매매거래정지기간변경              (상장폐지 사유 발생),20240321902866,Y,감사의견,,,,재무(Y)
01099667,에스디생명공학,20230322,상장폐지,주권매매거래정지기간변경(상장폐지 사유 발생),20230322901667,Y,"의견거절,계속기업",,,,재무(Y)
01099667,에스디생명공학,20240216,시장조치(복합),내부결산시점관리종목지정ㆍ형식적상장폐지ㆍ상장적격성실질심사사유발생,20240216900839,Y,"자본잠식,자기자본",,,,재무(Y)
01099667,에스디생명공학,20250725,상장폐지,주권매매거래정지기간변경              (상장폐지 사유 발생),20250725900840,Y,"[자동승계:525일 전 판정 '자본잠식,자기자본' 상속]",,,,재무(Y)
01101722,시스네오텍,20220323,상장폐지,주권매매거래정지기간변경(상장폐지 사유 발생),20220323902033,Y,의견거절,,,,재무(Y)
01101722,시스네오텍,20230413,상장폐지,주권매매거래정지기간변경(상장폐지 사유 발생 등),20230413900784,Y,"감사의견,의견거절,계속기업",,,,재무(Y)
01101722,시스네오텍,20240527,상장폐지,주권매매거래정지기간변경              (상장폐지 사유 발생),20240527900811,Y,"[자동승계:410일 전 판정 '감사의견,의견거절,계속기업' 상속]",,,,재무(Y)
01101722,시스네오텍,20250311,시장조치(복합),내부결산시점관리종목지정ㆍ형식적상장폐지ㆍ상장적격성실질심사사유발생,20250311902140,Y,"자본잠식,자기자본,영업손실",,,,재무(Y)
01102095,쿠첸,20190614,상장폐지,상장폐지결정,20190614900448,N,자진상장폐지,,,,비재무(N)
01102800,키움제4호기업인수목적,20180523,상장폐지,주권매매거래정지(상장폐지 사유발생),20180523900661,N,"[일괄판정] SPAC(기업인수목적) 상장폐지 — 상장예비심사서 미제출로 관리종목지정 후 1개월내 미해소(합병대상 미확보). 4개 샘플(2017~2026) 원문 확인, 전부 동일 사유. 비재무.",,,,비재무(N)
01109122,에스엘테라퓨틱스,20250328,상장폐지,주권매매거래정지              (상장폐지 사유발생),20250328603289,Y,"감사의견,의견거절,계속기업",,,,재무(Y)
01109186,동부제4호기업인수목적,20180713,상장폐지,주권매매거래정지(상장폐지사유 발생 ),20180713900630,N,"[일괄판정] SPAC(기업인수목적) 상장폐지 — 상장예비심사서 미제출로 관리종목지정 후 1개월내 미해소(합병대상 미확보). 4개 샘플(2017~2026) 원문 확인, 전부 동일 사유. 비재무.",,,,비재무(N)
01109955,링크제니시스,20180130,상장폐지,상장폐지결정,20180130600649,N,[원문확인] 코넥스→코스닥 이전상장,,,,비재무(N)
01110076,비유테크놀러지,20190321,상장폐지,주권매매거래정지기간변경(상장폐지 사유 발생),20190321901765,,"[원문확인, 사유 미확인] 목록에 감사의견 적정 보고서만 있고 상장폐지 사유 안내 공시 없음 - 추가확인 필요",Y,,,미확인-실질심사(사유 미확인)
01110076,비유테크놀러지,20240215,시장조치(복합),내부결산시점관리종목지정ㆍ형식적상장폐지ㆍ상장적격성실질심사사유발생,20240215901170,Y,"자본잠식,자기자본,영업손실",,,,재무(Y)
01110076,비유테크놀러지,20240321,상장폐지,주권매매거래정지기간변경              (상장폐지 사유 발생),20240321902834,Y,"의견거절,계속기업",,,,재무(Y)
01110076,비유테크놀러지,20250314,시장조치(복합),내부결산시점관리종목지정ㆍ형식적상장폐지ㆍ상장적격성실질심사사유발생,20250314901443,Y,"자본잠식,자기자본,감사의견",,,,재무(Y)
01110076,비유테크놀러지,20250321,상장폐지,주권매매거래정지기간변경              (상장폐지 사유 발생),20250321901631,Y,감사의견,,,,재무(Y)
01110474,풍전약품,20250314,시장조치(복합),내부결산시점관리종목지정ㆍ형식적상장폐지ㆍ상장적격성실질심사사유발생,20250314901595,Y,"자본잠식,자기자본",,,,재무(Y)
01110474,풍전약품,20250321,관리종목,주권매매거래정지              (관리종목지정사유발생),20250321901081,Y,"[자동승계:7일 전 판정 '자본잠식,자기자본' 상속]",,,,재무(Y)
01110678,유틸렉스,20260213,시장조치(복합),내부결산시점관리종목지정ㆍ형식적상장폐지ㆍ상장적격성실질심사사유발생,20260213901926,Y,"자본잠식,자기자본,영업손실",,,,재무(Y)
01110678,유틸렉스,20260327,상장폐지,주권매매거래정지기간변경              (상장폐지 사유 발생),20260327902893,Y,감사의견,,,,재무(Y)
01111020,케이비제9호기업인수목적,20180927,상장폐지,주권매매거래정지(상장폐지 사유발생),20180927900697,N,"[일괄판정] SPAC(기업인수목적) 상장폐지 — 상장예비심사서 미제출로 관리종목지정 후 1개월내 미해소(합병대상 미확보). 4개 샘플(2017~2026) 원문 확인, 전부 동일 사유. 비재무.",,,,비재무(N)
01111570,에스케이제3호기업인수목적,20190819,상장폐지,주권매매거래정지(상장폐지사유 발생),20190819900438,N,"[일괄판정] SPAC(기업인수목적) 상장폐지 — 상장예비심사서 미제출로 관리종목지정 후 1개월내 미해소(합병대상 미확보). 4개 샘플(2017~2026) 원문 확인, 전부 동일 사유. 비재무.",,,,비재무(N)
01111765,에스엠로보틱스,20180402,상장폐지,주권매매거래정지기간변경(상장폐지사유 발생),20180402603383,Y,"감사의견,의견거절,계속기업",,,,재무(Y)
01112700,에스엘에스바이오,20250908,상장폐지,주권매매거래정지기간변경              (상장폐지 사유 발생),20250908900529,,[원문확인-시장안내] 실질심사 대상결정(상장규정 56조1항)에 구체 사유 없음 - 별도 카테고리,Y,,,별도-사유비공개(실질심사)
01112700,에스엘에스바이오,20260225,시장조치(복합),내부결산시점관리종목지정ㆍ형식적상장폐지ㆍ상장적격성실질심사사유발생,20260225901013,Y,"자본잠식,자기자본",,,,재무(Y)
01113781,영현무역,20190321,상장폐지,주권매매거래정지(상장폐지 사유발생),20190321601777,Y,"감사의견,의견거절",,,,재무(Y)
01113949,퓨전,20190314,시장조치(복합),내부결산시점관리종목지정ㆍ형식적상장폐지ㆍ상장적격성실질심사사유발생,20190314901522,Y,"자본잠식,자기자본,영업손실",,,,재무(Y)
01113949,퓨전,20190401,관리종목,주권매매거래정지(관리종목지정사유발생),20190401900231,Y,"자본잠식,자기자본",,,,재무(Y)
01113949,퓨전,20200406,상장폐지,주권매매거래정지기간변경(상장폐지 사유 발생),20200406900975,Y,"의견거절,계속기업",,,,재무(Y)
01113949,퓨전,20210216,시장조치(복합),내부결산시점관리종목지정ㆍ형식적상장폐지ㆍ상장적격성실질심사사유발생,20210216900883,Y,"자본잠식,자기자본,영업손실",,,,재무(Y)
01113949,퓨전,20210323,상장폐지,주권매매거래정지기간변경(상장폐지 사유 발생),20210323901730,Y,"감사의견,의견거절,계속기업",,,,재무(Y)
01115257,시냅스엠,20180320,상장폐지,주권매매거래정지(코넥스주권 상장폐지 사유발생),20180320600277,Y,"감사의견,의견거절,계속기업",,,,재무(Y)
01117103,하이에이아이1호기업인수목적,20180927,상장폐지,주권매매거래정지(상장폐지 사유발생),20180927900691,N,"[일괄판정] SPAC(기업인수목적) 상장폐지 — 상장예비심사서 미제출로 관리종목지정 후 1개월내 미해소(합병대상 미확보). 4개 샘플(2017~2026) 원문 확인, 전부 동일 사유. 비재무.",,,,비재무(N)
01117592,인터코스,20210415,상장폐지,주권매매거래정지기간변경(상장폐지 사유 발생),20210415600091,Y,"감사의견,의견거절,계속기업",,,,재무(Y)
01117592,인터코스,20220415,상장폐지,주권매매거래정지기간변경(상장폐지 사유 발생),20220415600805,Y,"감사의견,의견거절,계속기업",,,,재무(Y)
01118643,솔루믹스,20250404,상장폐지,주권매매거래정지              (상장폐지 사유발생),20250404600862,Y,"감사의견,의견거절",,,,재무(Y)
01118643,솔루믹스,20260330,상장폐지,주권매매거래정지기간변경              (상장폐지 사유 발생),20260330601223,Y,"감사의견,의견거절",,,,재무(Y)
01119651,엘리비젼,20250407,상장폐지,주권매매거래정지              (상장폐지 사유발생),20250407601118,Y,"감사의견,의견거절,계속기업",,,,재무(Y)
01119651,엘리비젼,20250418,상장폐지,주권매매거래정지기간변경              (상장폐지 사유 발생),20250418600782,Y,"감사의견,의견거절,계속기업",,,,재무(Y)
01130937,한국제4호기업인수목적,20190116,상장폐지,주권매매거래정지(상장폐지 사유발생),20190116900620,N,"[일괄판정] SPAC(기업인수목적) 상장폐지 — 상장예비심사서 미제출로 관리종목지정 후 1개월내 미해소(합병대상 미확보). 4개 샘플(2017~2026) 원문 확인, 전부 동일 사유. 비재무.",,,,비재무(N)
01137897,에스지에이클라우드서비스,20210401,상장폐지,주권매매거래정지기간변경(상장폐지 사유 발생),20210401600350,N,[원문확인] 분산요건미달(지분분산 기준 미달) - 비재무 사유,,,,비재무(N)
01144569,피엔티엠에스,20210316,상장폐지,주권매매거래정지기간변경(상장폐지 사유 발생),20210316902166,Y,"감사의견,의견거절",,,,재무(Y)
01144569,피엔티엠에스,20220328,상장폐지,주권매매거래정지기간변경(상장폐지 사유 발생),20220328901180,Y,"감사의견,의견거절",,,,재무(Y)
01144569,피엔티엠에스,20220816,상장폐지,주권매매거래정지기간변경(상장폐지 사유 발생),20220816901696,Y,"감사의견,의견거절",,,,재무(Y)
01157235,아스타,20260324,상장폐지,주권매매거래정지기간변경              (상장폐지 사유 발생),20260324901767,Y,의견거절,,,,재무(Y)
01160363,에코프로비엠,20240227,상장폐지,상장폐지승인을위한의안상정결정,20240227900523,N,"[패턴추정, 개별미확인] 대형 우량기업/선박투자회사 - 33개 원문 샘플 전부 이전상장/자진상장폐지(공개매수)/합병/펀드만기청산으로 확인됨. 같은 계열로 추정. 시간 제약상 개별 원문은 미확인.",Y-패턴추정,,,비재무(N)
01168143,케이만금세기차륜집단유한공사,20240422,상장폐지,주권매매거래정지기간변경              (상장폐지 사유 발생),20240422900691,Y,의견거절,,,,재무(Y)
01168143,케이만금세기차륜집단유한공사,20241129,상장폐지,주권매매거래정지기간변경              (상장폐지 사유 발생),20241129900819,Y,[자동승계:221일 전 판정 '의견거절' 상속],,,,재무(Y)
01170962,GRT,20201027,상장폐지,주권매매거래정지기간변경(상장폐지 사유 발생),20201027900286,Y,[원문확인] 감사범위제한으로 인한 한정(감사의견),,,,재무(Y)
01175499,큐에이드,20240320,상장폐지,주권매매거래정지기간변경              (상장폐지 사유 발생),20240320902749,Y,"감사의견,의견거절,계속기업",,,,재무(Y)
01175499,큐에이드,20250410,상장폐지,주권매매거래정지기간변경              (상장폐지 사유 발생),20250410901146,Y,감사의견,,,,재무(Y)
01179839,신한제3호기업인수목적,20190918,상장폐지,주권매매거래정지(상장폐지 사유발생),20190918900444,N,"[일괄판정] SPAC(기업인수목적) 상장폐지 — 상장예비심사서 미제출로 관리종목지정 후 1개월내 미해소(합병대상 미확보). 4개 샘플(2017~2026) 원문 확인, 전부 동일 사유. 비재무.",,,,비재무(N)
01182444,셀리버리,20230323,상장폐지,주권매매거래정지기간변경(상장폐지 사유 발생),20230323902230,Y,"의견거절,계속기업",,,,재무(Y)
01182444,셀리버리,20240311,시장조치(복합),내부결산시점관리종목지정ㆍ형식적상장폐지ㆍ상장적격성실질심사사유발생,20240311900971,Y,"자본잠식,자기자본,의견거절",,,,재무(Y)
01182444,셀리버리,20240321,상장폐지,주권매매거래정지기간변경              (상장폐지 사유 발생),20240321902814,Y,감사의견,,,,재무(Y)
01182550,EDGC,20240418,상장폐지,주권매매거래정지기간변경              (상장폐지 사유 발생),20240418900679,Y,"감사의견,의견거절,계속기업",,,,재무(Y)
01182550,EDGC,20250227,시장조치(복합),내부결산시점관리종목지정ㆍ형식적상장폐지ㆍ상장적격성실질심사사유발생,20250227901386,Y,"자본잠식,자기자본,감사의견",,,,재무(Y)
01182550,EDGC,20250410,상장폐지,"주권매매거래정지기간변경              (상장폐지 사유발생, 회생절차 개시신청)",20250410901148,Y,"감사의견,의견거절,계속기업",,,,재무(Y)
01182550,EDGC,20260227,시장조치(복합),내부결산시점관리종목지정ㆍ형식적상장폐지ㆍ상장적격성실질심사사유발생,20260227901919,Y,"자본잠식,자기자본,감사의견",,,,재무(Y)
01183407,이십일스토어,20200330,상장폐지,주권매매거래정지기간변경(상장폐지 사유 발생),20200330600026,Y,"감사의견,의견거절",,,,재무(Y)
01183407,이십일스토어,20210331,상장폐지,주권매매거래정지(상장폐지 사유발생),20210331603167,Y,"감사의견,의견거절",,,,재무(Y)
01185566,휴엠앤씨,20211118,상장폐지,주권매매거래정지기간변경(상장폐지사유 발생),20211118900480,,[원문확인-시장안내] 횡령·배임 혐의 발생(블러썸엠앤씨) - 별도 카테고리. 참고: 감사보고서상 손실률50%초과 병존,Y,,,별도-횡령·배임
01185566,휴엠앤씨,20220221,시장조치(복합),내부결산시점관리종목지정ㆍ형식적상장폐지ㆍ상장적격성실질심사사유발생,20220221900631,Y,"자본잠식,자기자본,영업손실",,,,재무(Y)
01186671,바이오시네틱스,20220415,상장폐지,주권매매거래정지기간변경(상장폐지 사유 발생),20220415600729,Y,"감사의견,의견거절,계속기업",,,,재무(Y)
01188378,시스웍,20220323,상장폐지,주권매매거래정지기간변경(상장폐지 사유 발생),20220323902045,Y,"감사의견,의견거절",,,,재무(Y)
01188378,시스웍,20230322,상장폐지,주권매매거래정지기간변경(상장폐지 사유 발생),20230322901716,Y,"감사의견,의견거절",,,,재무(Y)
01188378,시스웍,20240229,시장조치(복합),내부결산시점관리종목지정ㆍ형식적상장폐지ㆍ상장적격성실질심사사유발생,20240229901493,Y,"자본잠식,자기자본,감사의견",,,,재무(Y)
01188378,시스웍,20240418,상장폐지,주권매매거래정지기간변경              (상장폐지 사유 발생),20240418900628,Y,"감사의견,의견거절,계속기업",,,,재무(Y)
01188378,시스웍,20250224,시장조치(복합),내부결산시점관리종목지정ㆍ형식적상장폐지ㆍ상장적격성실질심사사유발생,20250224900433,Y,"자본잠식,자기자본,감사의견",,,,재무(Y)
01188378,시스웍,20250410,상장폐지,주권매매거래정지기간변경              (상장폐지 사유 발생),20250410901185,Y,"감사의견,의견거절,계속기업",,,,재무(Y)
01188378,시스웍,20260225,시장조치(복합),내부결산시점관리종목지정ㆍ형식적상장폐지ㆍ상장적격성실질심사사유발생,20260225901924,Y,"자본잠식,자기자본,감사의견",,,,재무(Y)
01194759,대신밸런스제4호기업인수목적,20190925,상장폐지,주권매매거래정지(상장폐지 사유발생),20190925900473,N,"[일괄판정] SPAC(기업인수목적) 상장폐지 — 상장예비심사서 미제출로 관리종목지정 후 1개월내 미해소(합병대상 미확보). 4개 샘플(2017~2026) 원문 확인, 전부 동일 사유. 비재무.",,,,비재무(N)
01197428,한화에이스기업인수목적3호,20191125,상장폐지,주권매매거래정지(상장폐지 사유발생),20191125900477,N,"[일괄판정] SPAC(기업인수목적) 상장폐지 — 상장예비심사서 미제출로 관리종목지정 후 1개월내 미해소(합병대상 미확보). 4개 샘플(2017~2026) 원문 확인, 전부 동일 사유. 비재무.",,,,비재무(N)
01199985,미래에셋대우기업인수목적1호,20191218,상장폐지,주권매매거래정지(상장폐지 사유발생),20191218900525,N,"[일괄판정] SPAC(기업인수목적) 상장폐지 — 상장예비심사서 미제출로 관리종목지정 후 1개월내 미해소(합병대상 미확보). 4개 샘플(2017~2026) 원문 확인, 전부 동일 사유. 비재무.",,,,비재무(N)
01201581,한화수성기업인수목적,20200102,상장폐지,주권매매거래정지(상장폐지사유 발생),20200102900552,N,"[일괄판정] SPAC(기업인수목적) 상장폐지 — 상장예비심사서 미제출로 관리종목지정 후 1개월내 미해소(합병대상 미확보). 4개 샘플(2017~2026) 원문 확인, 전부 동일 사유. 비재무.",,,,비재무(N)
01201970,셀레스트라,20250404,상장폐지,주권매매거래정지기간변경              (상장폐지 사유 발생),20250404901199,Y,"감사의견,의견거절,계속기업",,,,재무(Y)
01201970,셀레스트라,20260407,상장폐지,주권매매거래정지기간변경              (상장폐지 사유 발생),20260407900932,Y,감사의견,,,,재무(Y)
01207761,프로브잇,20250314,시장조치(복합),내부결산시점관리종목지정ㆍ형식적상장폐지ㆍ상장적격성실질심사사유발생,20250314902408,Y,"자본잠식,자기자본",,,,재무(Y)
01207761,프로브잇,20250407,상장폐지,주권매매거래정지기간변경              (상장폐지 사유 발생 등),20250407901358,Y,"감사의견,의견거절,계속기업",,,,재무(Y)
01207761,프로브잇,20250513,상장폐지,주권매매거래정지기간변경              (상장폐지 사유 발생),20250513900998,Y,감사의견,,,,재무(Y)
01208821,팡스카이,20250407,상장폐지,주권매매거래정지              (상장폐지 사유발생),20250407600649,Y,"감사의견,의견거절,계속기업",,,,재무(Y)
01208821,팡스카이,20250418,상장폐지,주권매매거래정지기간변경              (상장폐지 사유 발생),20250418600809,Y,"감사의견,의견거절,계속기업",,,,재무(Y)
01208821,팡스카이,20260323,상장폐지,주권매매거래정지기간변경              (상장폐지 사유 발생),20260323602557,Y,"감사의견,의견거절,계속기업",,,,재무(Y)
01221947,비엔에프머티리얼즈,20200929,상장폐지,상장폐지결정,20200929600481,N,자진 상장폐지,,,,비재무(N)
01227039,파라택시스코리아,20250310,시장조치(복합),내부결산시점관리종목지정ㆍ형식적상장폐지ㆍ상장적격성실질심사사유발생,20250310900973,Y,"자본잠식,자기자본,영업손실",,,,재무(Y)
01227039,파라택시스코리아,20260701,상장폐지,주권매매거래정지기간변경              (상장폐지 사유 발생),20260701901070,Y,"[자동승계:478일 전 판정 '자본잠식,자기자본,영업손실' 상속]",,,,재무(Y)
01234525,한국제5호기업인수목적,20200219,상장폐지,주권매매거래정지(상장폐지 사유발생),20200219900654,N,"[일괄판정] SPAC(기업인수목적) 상장폐지 — 상장예비심사서 미제출로 관리종목지정 후 1개월내 미해소(합병대상 미확보). 4개 샘플(2017~2026) 원문 확인, 전부 동일 사유. 비재무.",,,,비재무(N)
01243550,아이비케이에스제7호기업인수목적,20200605,상장폐지,주권매매거래정지(상장폐지 사유발생),20200605900616,N,"[일괄판정] SPAC(기업인수목적) 상장폐지 — 상장예비심사서 미제출로 관리종목지정 후 1개월내 미해소(합병대상 미확보). 4개 샘플(2017~2026) 원문 확인, 전부 동일 사유. 비재무.",,,,비재무(N)
01243772,신한제4호기업인수목적,20200806,상장폐지,주권매매거래정지(상장폐지 사유발생),20200806900558,N,"[일괄판정] SPAC(기업인수목적) 상장폐지 — 상장예비심사서 미제출로 관리종목지정 후 1개월내 미해소(합병대상 미확보). 4개 샘플(2017~2026) 원문 확인, 전부 동일 사유. 비재무.",,,,비재무(N)
01245062,코오롱티슈진,20200316,상장폐지,주권매매거래정지기간변경(상장폐지 사유 발생),20200316901983,Y,의견거절,,,,재무(Y)
01245062,코오롱티슈진,20200828,상장폐지,주권매매거래정지기간변경(상장폐지 사유 발생),20200828900333,Y,감사의견,,,,재무(Y)
01246742,테크트랜스,20260323,상장폐지,주권매매거래정지              (상장폐지사유발생),20260323601130,Y,"감사의견,의견거절,계속기업",,,,재무(Y)
01246742,테크트랜스,20260413,상장폐지,주권매매거래정지기간변경              (상장폐지사유 발생),20260413600176,Y,"감사의견,의견거절,계속기업",,,,재무(Y)
01247918,한화에이스기업인수목적4호,20200622,상장폐지,주권매매거래정지(상장폐지사유 발생),20200622900502,N,"[일괄판정] SPAC(기업인수목적) 상장폐지 — 상장예비심사서 미제출로 관리종목지정 후 1개월내 미해소(합병대상 미확보). 4개 샘플(2017~2026) 원문 확인, 전부 동일 사유. 비재무.",,,,비재무(N)
01257526,한국제6호기업인수목적,20200714,상장폐지,주권매매거래정지(상장폐지 사유발생),20200714900329,N,"[일괄판정] SPAC(기업인수목적) 상장폐지 — 상장예비심사서 미제출로 관리종목지정 후 1개월내 미해소(합병대상 미확보). 4개 샘플(2017~2026) 원문 확인, 전부 동일 사유. 비재무.",,,,비재무(N)
01259056,애닉,20210225,시장조치(복합),내부결산시점관리종목지정ㆍ형식적상장폐지ㆍ상장적격성실질심사사유발생,20210225900168,Y,"자본잠식,자기자본,영업손실",,,,재무(Y)
01259056,애닉,20210323,관리종목,주권매매거래정지(관리종목지정사유 발생),20210323901080,Y,"[자동승계:26일 전 판정 '자본잠식,자기자본,영업손실' 상속]",,,,재무(Y)
01259056,애닉,20220207,시장조치(복합),내부결산시점관리종목지정ㆍ형식적상장폐지ㆍ상장적격성실질심사사유발생,20220207901078,Y,"자본잠식,자기자본,영업손실",,,,재무(Y)
01259056,애닉,20220317,상장폐지,주권매매거래정지기간변경(상장폐지사유 발생),20220317901774,Y,의견거절,,,,재무(Y)
01259056,애닉,20230118,시장조치(복합),내부결산시점관리종목지정ㆍ형식적상장폐지ㆍ상장적격성실질심사사유발생,20230118900388,Y,"자본잠식,자기자본,감사의견",,,,재무(Y)
01259056,애닉,20230330,상장폐지,주권매매거래정지기간변경(상장폐지 사유 발생),20230330902731,Y,감사의견,,,,재무(Y)
01259056,애닉,20240215,시장조치(복합),내부결산시점관리종목지정ㆍ형식적상장폐지ㆍ상장적격성실질심사사유발생,20240215901211,Y,"자본잠식,자기자본,의견거절",,,,재무(Y)
01259056,애닉,20240524,상장폐지,주권매매거래정지기간변경              (상장폐지 사유 발생),20240524900697,Y,"[자동승계:99일 전 판정 '자본잠식,자기자본,의견거절' 상속]",,,,재무(Y)
01259311,푸드나무,20250313,시장조치(복합),내부결산시점관리종목지정ㆍ형식적상장폐지ㆍ상장적격성실질심사사유발생,20250313901632,Y,"자본잠식,자기자본,영업손실",,,,재무(Y)
01263527,카이노스메드,20250228,시장조치(복합),내부결산시점관리종목지정ㆍ형식적상장폐지ㆍ상장적격성실질심사사유발생,20250228901801,Y,"자본잠식,자기자본",,,,재무(Y)
01263527,카이노스메드,20250321,관리종목,주권매매거래정지              (관리종목지정사유발생),20250321900954,Y,"[자동승계:21일 전 판정 '자본잠식,자기자본' 상속]",,,,재무(Y)
01263527,카이노스메드,20251121,상장폐지,주권매매거래정지기간변경              (상장폐지 사유 발생),20251121900719,Y,"[자동승계:266일 전 판정 '자본잠식,자기자본' 상속]",,,,재무(Y)
01263527,카이노스메드,20260316,시장조치(복합),내부결산시점관리종목지정ㆍ형식적상장폐지ㆍ상장적격성실질심사사유발생,20260316902688,Y,"자본잠식,자기자본",,,,재무(Y)
01267550,나라소프트,20210330,상장폐지,주권매매거래정지(상장폐지 사유발생),20210330602434,Y,"감사의견,의견거절",,,,재무(Y)
01267550,나라소프트,20250417,상장폐지,주권매매거래정지기간변경              (상장폐지 사유발생),20250417600957,Y,"감사의견,의견거절,계속기업",,,,재무(Y)
01267550,나라소프트,20250423,상장폐지,기타주요경영사항(자율공시)              (상장폐지결정 취소 소송 제기),20250423600754,Y,[자동승계-소송] 20250417 Y판정 승계 - 그 결정에 대한 취소소송,,,,재무(Y)
01274310,이오플로우,20250314,시장조치(복합),내부결산시점관리종목지정ㆍ형식적상장폐지ㆍ상장적격성실질심사사유발생,20250314902138,Y,"자본잠식,자기자본",,,,재무(Y)
01274310,이오플로우,20250321,상장폐지,주권매매거래정지기간변경              (상장폐지 사유 발생),20250321902379,Y,"의견거절,계속기업",,,,재무(Y)
01274310,이오플로우,20260327,상장폐지,주권매매거래정지기간변경              (상장폐지 사유 발생),20260327903332,Y,감사의견,,,,재무(Y)
01274310,이오플로우,20260819,상장폐지,주권매매거래정지기간변경              (상장폐지 사유 발생),20260819900604,Y,감사의견,,,,재무(Y)
01277928,한국제7호기업인수목적,20210104,상장폐지,주권매매거래정지(상장폐지 사유발생),20210104900778,N,"[일괄판정] SPAC(기업인수목적) 상장폐지 — 상장예비심사서 미제출로 관리종목지정 후 1개월내 미해소(합병대상 미확보). 4개 샘플(2017~2026) 원문 확인, 전부 동일 사유. 비재무.",,,,비재무(N)
01290248,스코넥,20260407,상장폐지,주권매매거래정지기간변경              (상장폐지 사유 발생),20260407901164,Y,의견거절,,,,재무(Y)
01309069,타이드,20260406,상장폐지,주권매매거래정지기간변경              (상장폐지사유 발생),20260406600317,Y,"감사의견,의견거절,계속기업",,,,재무(Y)
01326260,하나머스트제6호기업인수목적,20210625,상장폐지,주권매매거래정지(상장폐지 사유발생),20210625900588,N,"[일괄판정] SPAC(기업인수목적) 상장폐지 — 상장예비심사서 미제출로 관리종목지정 후 1개월내 미해소(합병대상 미확보). 4개 샘플(2017~2026) 원문 확인, 전부 동일 사유. 비재무.",,,,비재무(N)
01326279,아이엘,20260305,시장조치(복합),내부결산시점관리종목지정ㆍ형식적상장폐지ㆍ상장적격성실질심사사유발생,20260305901973,Y,"자본잠식,자기자본",,,,재무(Y)
01332137,노보믹스,20250407,상장폐지,주권매매거래정지              (상장폐지 사유발생),20250407601121,Y,"감사의견,의견거절,계속기업",,,,재무(Y)
01332137,노보믹스,20250418,상장폐지,주권매매거래정지기간변경              (상장폐지 사유 발생),20250418600772,Y,"감사의견,의견거절,계속기업",,,,재무(Y)
01336285,에스케이에이씨피씨제4호기업인수목적,20210630,상장폐지,주권매매거래정지(상장폐지 사유발생),20210630901011,N,"[일괄판정] SPAC(기업인수목적) 상장폐지 — 상장예비심사서 미제출로 관리종목지정 후 1개월내 미해소(합병대상 미확보). 4개 샘플(2017~2026) 원문 확인, 전부 동일 사유. 비재무.",,,,비재무(N)
01336391,엔에이치기업인수목적13호,20210907,상장폐지,주권매매거래정지(상장폐지사유 발생),20210907900507,N,"[일괄판정] SPAC(기업인수목적) 상장폐지 — 상장예비심사서 미제출로 관리종목지정 후 1개월내 미해소(합병대상 미확보). 4개 샘플(2017~2026) 원문 확인, 전부 동일 사유. 비재무.",,,,비재무(N)
01336735,펨토바이오메드,20260330,상장폐지,주권매매거래정지              (상장폐지사유 발생),20260330601579,Y,"감사의견,계속기업",,,,재무(Y)
01336735,펨토바이오메드,20260413,상장폐지,주권매매거래정지기간변경              (상장폐지사유 발생),20260413600178,Y,"감사의견,의견거절,계속기업",,,,재무(Y)
01337114,구스앤홈,20200413,상장폐지,주권매매거래정지기간변경(상장폐지 사유 발생),20200413600760,Y,"감사의견,의견거절,계속기업",,,,재무(Y)
01337114,구스앤홈,20210323,상장폐지,주권매매거래정지기간변경(상장폐지 사유발생),20210323600211,Y,"감사의견,의견거절",,,,재무(Y)
01337220,키움제5호기업인수목적,20210720,상장폐지,주권매매거래정지(상장폐지 사유발생),20210720900496,N,"[일괄판정] SPAC(기업인수목적) 상장폐지 — 상장예비심사서 미제출로 관리종목지정 후 1개월내 미해소(합병대상 미확보). 4개 샘플(2017~2026) 원문 확인, 전부 동일 사유. 비재무.",,,,비재무(N)
01338724,에스앤케이,20220216,상장폐지,상장폐지결정,20220216900822,N,"[원문확인] 공개매수(Electronic Gaming Development Co, 96.18% 취득)에 따른 자진 상장폐지",,,,비재무(N)
01338724,에스앤케이,20220329,상장폐지,상장폐지승인을위한의안상정결정,20220329902609,N,자진 상장폐지,,,,비재무(N)
01343735,데이드림엔터테인먼트,20230607,상장폐지,상장폐지결정,20230607600075,N,"[원문확인] 자진 상장폐지(코넥스, 영업환경 어려움 언급 — 경계선 케이스)",,,,비재무(N)
01343920,유안타제4호기업인수목적,20211124,상장폐지,주권매매거래정지(상장폐지 사유발생),20211124900637,N,"[일괄판정] SPAC(기업인수목적) 상장폐지 — 상장예비심사서 미제출로 관리종목지정 후 1개월내 미해소(합병대상 미확보). 4개 샘플(2017~2026) 원문 확인, 전부 동일 사유. 비재무.",,,,비재무(N)
01344752,케어룸의료산업,20211223,상장폐지,상장폐지결정,20211223600265,N,자진 상장폐지,,,,비재무(N)
01350638,티티씨디펜스,20200514,상장폐지,주권매매거래정지기간변경(상장폐지 사유 발생),20200514600882,Y,[원문확인-시장안내] 감사범위제한으로 인한 의견거절(감사의견),,,,재무(Y)
01351114,케이비제17호기업인수목적,20211022,상장폐지,주권매매거래정지(상장폐지 사유발생),20211022900605,N,"[일괄판정] SPAC(기업인수목적) 상장폐지 — 상장예비심사서 미제출로 관리종목지정 후 1개월내 미해소(합병대상 미확보). 4개 샘플(2017~2026) 원문 확인, 전부 동일 사유. 비재무.",,,,비재무(N)
01351822,한화에스비아이기업인수목적,20211124,상장폐지,주권매매거래정지(상장폐지 사유발생),20211124900618,N,"[일괄판정] SPAC(기업인수목적) 상장폐지 — 상장예비심사서 미제출로 관리종목지정 후 1개월내 미해소(합병대상 미확보). 4개 샘플(2017~2026) 원문 확인, 전부 동일 사유. 비재무.",,,,비재무(N)
01353848,이노벡스,20260323,상장폐지,주권매매거래정지기간변경              (상장폐지 사유발생),20260323602052,Y,"감사의견,의견거절,계속기업",,,,재무(Y)
01366365,이베스트이안기업인수목적1호,20220204,상장폐지,주권매매거래정지(상장폐지 사유발생),20220204901086,N,"[일괄판정] SPAC(기업인수목적) 상장폐지 — 상장예비심사서 미제출로 관리종목지정 후 1개월내 미해소(합병대상 미확보). 4개 샘플(2017~2026) 원문 확인, 전부 동일 사유. 비재무.",,,,비재무(N)
01368637,성원에너텍,20260410,상장폐지,주권매매거래정지기간변경              (상장폐지 사유 발생),20260410901184,Y,"감사의견,의견거절,계속기업",,,,재무(Y)
01371312,케이비제18호기업인수목적,20220119,상장폐지,주권매매거래정지(상장폐지사유발생),20220119900629,N,"[일괄판정] SPAC(기업인수목적) 상장폐지 — 상장예비심사서 미제출로 관리종목지정 후 1개월내 미해소(합병대상 미확보). 4개 샘플(2017~2026) 원문 확인, 전부 동일 사유. 비재무.",,,,비재무(N)
01384477,엠에프엠코리아,20240314,시장조치(복합),내부결산시점관리종목지정ㆍ형식적상장폐지ㆍ상장적격성실질심사사유발생,20240314902812,Y,"자본잠식,자기자본",,,,재무(Y)
01384477,엠에프엠코리아,20240321,관리종목,주권매매거래정지              (관리종목지정사유발생),20240321901564,Y,"[자동승계:7일 전 판정 '자본잠식,자기자본' 상속]",,,,재무(Y)
01384477,엠에프엠코리아,20241111,상장폐지,주권매매거래정지기간변경              (상장폐지 사유 발생),20241111900711,Y,"[자동승계:242일 전 판정 '자본잠식,자기자본' 상속]",,,,재무(Y)
01390876,상상인이안제2호기업인수목적,20220322,상장폐지,주권매매거래정지(상장폐지 사유발생),20220322901606,N,"[일괄판정] SPAC(기업인수목적) 상장폐지 — 상장예비심사서 미제출로 관리종목지정 후 1개월내 미해소(합병대상 미확보). 4개 샘플(2017~2026) 원문 확인, 전부 동일 사유. 비재무.",,,,비재무(N)
01393299,케이비제19호기업인수목적,20220425,상장폐지,주권매매거래정지(상장폐지 사유발생),20220425900599,N,"[일괄판정] SPAC(기업인수목적) 상장폐지 — 상장예비심사서 미제출로 관리종목지정 후 1개월내 미해소(합병대상 미확보). 4개 샘플(2017~2026) 원문 확인, 전부 동일 사유. 비재무.",,,,비재무(N)
01395279,하나금융14호기업인수목적,20220913,상장폐지,주권매매거래정지(상장폐지 사유발생),20220913900430,N,"[일괄판정] SPAC(기업인수목적) 상장폐지 — 상장예비심사서 미제출로 관리종목지정 후 1개월내 미해소(합병대상 미확보). 4개 샘플(2017~2026) 원문 확인, 전부 동일 사유. 비재무.",,,,비재무(N)
01406618,비올메디컬,20250929,상장폐지,상장폐지결정,20250929900484,N,자진 상장폐지,,,,비재무(N)
01409095,비트맥스,20260223,시장조치(복합),내부결산시점관리종목지정ㆍ형식적상장폐지ㆍ상장적격성실질심사사유발생,20260223901354,Y,"자본잠식,자기자본",,,,재무(Y)
01409095,비트맥스,20260316,관리종목,주권매매거래정지              (관리종목지정사유발생),20260316902218,Y,"[자동승계:21일 전 판정 '자본잠식,자기자본' 상속]",,,,재무(Y)
01414370,하이제5호기업인수목적,20220715,상장폐지,주권매매거래정지(상장폐지 사유발생),20220715900592,N,"[일괄판정] SPAC(기업인수목적) 상장폐지 — 상장예비심사서 미제출로 관리종목지정 후 1개월내 미해소(합병대상 미확보). 4개 샘플(2017~2026) 원문 확인, 전부 동일 사유. 비재무.",,,,비재무(N)
01414936,에스케이제6호기업인수목적,20221004,상장폐지,주권매매거래정지(상장폐지 사유발생),20221004900676,N,"[일괄판정] SPAC(기업인수목적) 상장폐지 — 상장예비심사서 미제출로 관리종목지정 후 1개월내 미해소(합병대상 미확보). 4개 샘플(2017~2026) 원문 확인, 전부 동일 사유. 비재무.",,,,비재무(N)
01419384,하나금융16호기업인수목적,20230216,상장폐지,주권매매거래정지(상장폐지 사유발생),20230216900949,N,"[일괄판정] SPAC(기업인수목적) 상장폐지 — 상장예비심사서 미제출로 관리종목지정 후 1개월내 미해소(합병대상 미확보). 4개 샘플(2017~2026) 원문 확인, 전부 동일 사유. 비재무.",,,,비재무(N)
01428249,케이프이에스제4호기업인수목적,20221018,상장폐지,주권매매거래정지(상장폐지 사유발생),20221018900603,N,"[일괄판정] SPAC(기업인수목적) 상장폐지 — 상장예비심사서 미제출로 관리종목지정 후 1개월내 미해소(합병대상 미확보). 4개 샘플(2017~2026) 원문 확인, 전부 동일 사유. 비재무.",,,,비재무(N)
01436336,이베스트기업인수목적5호,20221213,상장폐지,주권매매거래정지(상장폐지 사유발생),20221213900760,N,"[일괄판정] SPAC(기업인수목적) 상장폐지 — 상장예비심사서 미제출로 관리종목지정 후 1개월내 미해소(합병대상 미확보). 4개 샘플(2017~2026) 원문 확인, 전부 동일 사유. 비재무.",,,,비재무(N)
01436479,토마토시스템,20230421,상장폐지,상장폐지결정,20230421600255,N,[원문확인] 코넥스→코스닥 이전상장,,,,비재무(N)
01440481,아이비케이에스제13호기업인수목적,20230208,상장폐지,주권매매거래정지(상장폐지 사유발생),20230208901121,N,"[일괄판정] SPAC(기업인수목적) 상장폐지 — 상장예비심사서 미제출로 관리종목지정 후 1개월내 미해소(합병대상 미확보). 4개 샘플(2017~2026) 원문 확인, 전부 동일 사유. 비재무.",,,,비재무(N)
01447217,에이치엠씨아이비제4호기업인수목적,20230224,상장폐지,주권매매거래정지(상장폐지 사유발생),20230224901110,N,"[일괄판정] SPAC(기업인수목적) 상장폐지 — 상장예비심사서 미제출로 관리종목지정 후 1개월내 미해소(합병대상 미확보). 4개 샘플(2017~2026) 원문 확인, 전부 동일 사유. 비재무.",,,,비재무(N)
01447244,에이치엠씨아이비제5호기업인수목적,20230911,상장폐지,주권매매거래정지(상장폐지 사유발생),20230911900588,N,"[일괄판정] SPAC(기업인수목적) 상장폐지 — 상장예비심사서 미제출로 관리종목지정 후 1개월내 미해소(합병대상 미확보). 4개 샘플(2017~2026) 원문 확인, 전부 동일 사유. 비재무.",,,,비재무(N)
01450105,미래에셋대우기업인수목적5호,20230503,상장폐지,주권매매거래정지(상장폐지 사유발생),20230503900784,N,"[일괄판정] SPAC(기업인수목적) 상장폐지 — 상장예비심사서 미제출로 관리종목지정 후 1개월내 미해소(합병대상 미확보). 4개 샘플(2017~2026) 원문 확인, 전부 동일 사유. 비재무.",,,,비재무(N)
01467336,창대정밀,20260407,상장폐지,주권매매거래정지기간변경              (상장폐지사유 발생),20260407600626,Y,감사의견,,,,재무(Y)
01505450,디비금융제8호기업인수목적,20230704,상장폐지,주권매매거래정지(상장폐지사유 발생),20230704900826,N,"[일괄판정] SPAC(기업인수목적) 상장폐지 — 상장예비심사서 미제출로 관리종목지정 후 1개월내 미해소(합병대상 미확보). 4개 샘플(2017~2026) 원문 확인, 전부 동일 사유. 비재무.",,,,비재무(N)
01506990,옵티코어,20260323,상장폐지,주권매매거래정지기간변경              (상장폐지 사유 발생),20260323902705,Y,[원문확인-시장안내] 2025사업연도 감사범위제한으로 인한 의견거절(감사의견) + 손실률50%초과,,,,재무(Y)
01514519,유진기업인수목적6호,20231130,상장폐지,주권매매거래정지(상장폐지 사유발생),20231130900749,N,"[일괄판정] SPAC(기업인수목적) 상장폐지 — 상장예비심사서 미제출로 관리종목지정 후 1개월내 미해소(합병대상 미확보). 4개 샘플(2017~2026) 원문 확인, 전부 동일 사유. 비재무.",,,,비재무(N)
01528530,삼성기업인수목적4호,20231213,상장폐지,주권매매거래정지(상장폐지 사유발생),20231213900936,N,"[일괄판정] SPAC(기업인수목적) 상장폐지 — 상장예비심사서 미제출로 관리종목지정 후 1개월내 미해소(합병대상 미확보). 4개 샘플(2017~2026) 원문 확인, 전부 동일 사유. 비재무.",,,,비재무(N)
01534522,삼성머스트기업인수목적5호,20240110,상장폐지,주권매매거래정지(상장폐지 사유발생),20240110900794,N,"[일괄판정] SPAC(기업인수목적) 상장폐지 — 상장예비심사서 미제출로 관리종목지정 후 1개월내 미해소(합병대상 미확보). 4개 샘플(2017~2026) 원문 확인, 전부 동일 사유. 비재무.",,,,비재무(N)
01549472,대진첨단소재,20260407,상장폐지,주권매매거래정지기간변경              (상장폐지 사유 발생),20260407901240,Y,감사의견,,,,재무(Y)
01562589,LX홀딩스,20220817,상장폐지,상장폐지승인을위한의안상정결정(자회사의 주요경영사항),20220817800337,N,"[패턴추정, 개별미확인] 대형 우량기업/선박투자회사 - 33개 원문 샘플 전부 이전상장/자진상장폐지(공개매수)/합병/펀드만기청산으로 확인됨. 같은 계열로 추정. 시간 제약상 개별 원문은 미확인.",Y-패턴추정,,,비재무(N)
01562589,LX홀딩스,20221027,상장폐지,상장폐지결정(자회사의 주요경영사항),20221027800543,N,"[패턴추정, 개별미확인] 대형 우량기업/선박투자회사 - 33개 원문 샘플 전부 이전상장/자진상장폐지(공개매수)/합병/펀드만기청산으로 확인됨. 같은 계열로 추정. 시간 제약상 개별 원문은 미확인.",Y-패턴추정,,,비재무(N)
01569838,유진기업인수목적7호,20240619,상장폐지,주권매매거래정지              (상장폐지 사유발생),20240619900836,N,"[일괄판정] SPAC(기업인수목적) 상장폐지 — 상장예비심사서 미제출로 관리종목지정 후 1개월내 미해소(합병대상 미확보). 4개 샘플(2017~2026) 원문 확인, 전부 동일 사유. 비재무.",,,,비재무(N)
01572489,한화플러스제2호기업인수목적,20240603,상장폐지,주권매매거래정지              (상장폐지 사유발생),20240603900628,N,"[일괄판정] SPAC(기업인수목적) 상장폐지 — 상장예비심사서 미제출로 관리종목지정 후 1개월내 미해소(합병대상 미확보). 4개 샘플(2017~2026) 원문 확인, 전부 동일 사유. 비재무.",,,,비재무(N)
01573974,엔에이치기업인수목적20호,20240429,상장폐지,주권매매거래정지              (상장폐지 사유발생),20240429900825,N,"[일괄판정] SPAC(기업인수목적) 상장폐지 — 상장예비심사서 미제출로 관리종목지정 후 1개월내 미해소(합병대상 미확보). 4개 샘플(2017~2026) 원문 확인, 전부 동일 사유. 비재무.",,,,비재무(N)
01574760,신한제8호기업인수목적,20240417,상장폐지,주권매매거래정지              (상장폐지 사유발생),20240417900713,N,"[일괄판정] SPAC(기업인수목적) 상장폐지 — 상장예비심사서 미제출로 관리종목지정 후 1개월내 미해소(합병대상 미확보). 4개 샘플(2017~2026) 원문 확인, 전부 동일 사유. 비재무.",,,,비재무(N)
01575361,세븐브로이맥주,20250821,상장폐지,주권매매거래정지기간변경              (코넥스 주권 상장폐지 사유발생),20250821600632,N,[원문확인-시장안내] 회생절차 개시신청 공시 → 코넥스 실질심사 사유. 주 정의(회생절차)에서 이미 다루므로 이 보조라벨에서는 N,,,,비재무(N)
01575361,세븐브로이맥주,20260323,상장폐지,주권매매거래정지기간변경              (상장폐지 사유 발생),20260323602499,Y,"감사의견,의견거절,계속기업",,,,재무(Y)
01575839,플라즈맵,20250306,시장조치(복합),내부결산시점관리종목지정ㆍ형식적상장폐지ㆍ상장적격성실질심사사유발생,20250306900442,Y,"자본잠식,자기자본,영업손실",,,,재무(Y)
01575839,플라즈맵,20250317,관리종목,주권매매거래정지              (관리종목지정사유발생),20250317900499,Y,"[자동승계:11일 전 판정 '자본잠식,자기자본,영업손실' 상속]",,,,재무(Y)
01579570,시큐레터,20240405,상장폐지,주권매매거래정지기간변경              (상장폐지 사유 발생),20240405900982,Y,의견거절,,,,재무(Y)
01604371,상상인제3호기업인수목적,20241121,상장폐지,주권매매거래정지              (상장폐지 사유발생),20241121900599,N,"[일괄판정] SPAC(기업인수목적) 상장폐지 — 상장예비심사서 미제출로 관리종목지정 후 1개월내 미해소(합병대상 미확보). 4개 샘플(2017~2026) 원문 확인, 전부 동일 사유. 비재무.",,,,비재무(N)
01616482,신한제10호기업인수목적,20250324,상장폐지,주권매매거래정지              (상장폐지사유 발생),20250324900998,N,"[일괄판정] SPAC(기업인수목적) 상장폐지 — 상장예비심사서 미제출로 관리종목지정 후 1개월내 미해소(합병대상 미확보). 4개 샘플(2017~2026) 원문 확인, 전부 동일 사유. 비재무.",,,,비재무(N)
01619513,엔에이치기업인수목적23호,20250122,상장폐지,주권매매거래정지              (상장폐지 사유발생),20250122900761,N,"[일괄판정] SPAC(기업인수목적) 상장폐지 — 상장예비심사서 미제출로 관리종목지정 후 1개월내 미해소(합병대상 미확보). 4개 샘플(2017~2026) 원문 확인, 전부 동일 사유. 비재무.",,,,비재무(N)
01621280,케이비제21호기업인수목적,20250116,상장폐지,주권매매거래정지              (상장폐지 사유발생),20250116900477,N,"[일괄판정] SPAC(기업인수목적) 상장폐지 — 상장예비심사서 미제출로 관리종목지정 후 1개월내 미해소(합병대상 미확보). 4개 샘플(2017~2026) 원문 확인, 전부 동일 사유. 비재무.",,,,비재무(N)
01624162,삼성기업인수목적6호,20250123,상장폐지,주권매매거래정지              (상장폐지 사유발생),20250123901115,N,"[일괄판정] SPAC(기업인수목적) 상장폐지 — 상장예비심사서 미제출로 관리종목지정 후 1개월내 미해소(합병대상 미확보). 4개 샘플(2017~2026) 원문 확인, 전부 동일 사유. 비재무.",,,,비재무(N)
01663639,유안타제9호기업인수목적,20250304,상장폐지,주권매매거래정지              (상장폐지 사유발생),20250304901021,N,"[일괄판정] SPAC(기업인수목적) 상장폐지 — 상장예비심사서 미제출로 관리종목지정 후 1개월내 미해소(합병대상 미확보). 4개 샘플(2017~2026) 원문 확인, 전부 동일 사유. 비재무.",,,,비재무(N)
01669475,하나금융25호기업인수목적,20250513,상장폐지,주권매매거래정지              (상장폐지 사유발생),20250513900961,N,"[일괄판정] SPAC(기업인수목적) 상장폐지 — 상장예비심사서 미제출로 관리종목지정 후 1개월내 미해소(합병대상 미확보). 4개 샘플(2017~2026) 원문 확인, 전부 동일 사유. 비재무.",,,,비재무(N)
01670675,유안타제10호기업인수목적,20250428,상장폐지,주권매매거래정지              (상장폐지 사유발생),20250428901088,N,"[일괄판정] SPAC(기업인수목적) 상장폐지 — 상장예비심사서 미제출로 관리종목지정 후 1개월내 미해소(합병대상 미확보). 4개 샘플(2017~2026) 원문 확인, 전부 동일 사유. 비재무.",,,,비재무(N)
01671197,에스케이증권제8호기업인수목적,20250430,상장폐지,주권매매거래정지              (상장폐지 사유발생),20250430901540,N,"[일괄판정] SPAC(기업인수목적) 상장폐지 — 상장예비심사서 미제출로 관리종목지정 후 1개월내 미해소(합병대상 미확보). 4개 샘플(2017~2026) 원문 확인, 전부 동일 사유. 비재무.",,,,비재무(N)
01674468,엔에이치기업인수목적25호,20250527,상장폐지,주권매매거래정지              (상장폐지사유 발생),20250527900625,N,"[일괄판정] SPAC(기업인수목적) 상장폐지 — 상장예비심사서 미제출로 관리종목지정 후 1개월내 미해소(합병대상 미확보). 4개 샘플(2017~2026) 원문 확인, 전부 동일 사유. 비재무.",,,,비재무(N)
01674538,엔에이치기업인수목적24호,20250513,상장폐지,주권매매거래정지              (상장폐지사유 발생),20250513900982,N,"[일괄판정] SPAC(기업인수목적) 상장폐지 — 상장예비심사서 미제출로 관리종목지정 후 1개월내 미해소(합병대상 미확보). 4개 샘플(2017~2026) 원문 확인, 전부 동일 사유. 비재무.",,,,비재무(N)
01675227,삼성기업인수목적7호,20250520,상장폐지,주권매매거래정지              (상장폐지 사유발생),20250520900554,N,"[일괄판정] SPAC(기업인수목적) 상장폐지 — 상장예비심사서 미제출로 관리종목지정 후 1개월내 미해소(합병대상 미확보). 4개 샘플(2017~2026) 원문 확인, 전부 동일 사유. 비재무.",,,,비재무(N)
01675254,엔에이치기업인수목적26호,20250625,상장폐지,주권매매거래정지              (상장폐지 사유발생),20250625900699,N,"[일괄판정] SPAC(기업인수목적) 상장폐지 — 상장예비심사서 미제출로 관리종목지정 후 1개월내 미해소(합병대상 미확보). 4개 샘플(2017~2026) 원문 확인, 전부 동일 사유. 비재무.",,,,비재무(N)
01675421,아이비케이에스제20호기업인수목적,20250520,상장폐지,주권매매거래정지              (상장폐지사유 발생),20250520900574,N,"[일괄판정] SPAC(기업인수목적) 상장폐지 — 상장예비심사서 미제출로 관리종목지정 후 1개월내 미해소(합병대상 미확보). 4개 샘플(2017~2026) 원문 확인, 전부 동일 사유. 비재무.",,,,비재무(N)
01677429,엔에이치기업인수목적27호,20250708,상장폐지,주권매매거래정지              (상장폐지 사유발생),20250708900567,N,"[일괄판정] SPAC(기업인수목적) 상장폐지 — 상장예비심사서 미제출로 관리종목지정 후 1개월내 미해소(합병대상 미확보). 4개 샘플(2017~2026) 원문 확인, 전부 동일 사유. 비재무.",,,,비재무(N)
01677678,교보13호기업인수목적,20250630,상장폐지,주권매매거래정지              (상장폐지 사유발생),20250630901119,N,"[일괄판정] SPAC(기업인수목적) 상장폐지 — 상장예비심사서 미제출로 관리종목지정 후 1개월내 미해소(합병대상 미확보). 4개 샘플(2017~2026) 원문 확인, 전부 동일 사유. 비재무.",,,,비재무(N)
01678835,유진기업인수목적9호,20250626,상장폐지,주권매매거래정지              (상장폐지 사유발생),20250626900780,N,"[일괄판정] SPAC(기업인수목적) 상장폐지 — 상장예비심사서 미제출로 관리종목지정 후 1개월내 미해소(합병대상 미확보). 4개 샘플(2017~2026) 원문 확인, 전부 동일 사유. 비재무.",,,,비재무(N)
01683387,미래에셋드림기업인수목적1호,20251010,상장폐지,주권매매거래정지              (상장폐지 사유발생),20251010900489,N,"[일괄판정] SPAC(기업인수목적) 상장폐지 — 상장예비심사서 미제출로 관리종목지정 후 1개월내 미해소(합병대상 미확보). 4개 샘플(2017~2026) 원문 확인, 전부 동일 사유. 비재무.",,,,비재무(N)
01688346,유안타제11호기업인수목적,20260324,상장폐지,주권매매거래정지              (상장폐지 사유발생),20260324901736,N,"[일괄판정] SPAC(기업인수목적) 상장폐지 — 상장예비심사서 미제출로 관리종목지정 후 1개월내 미해소(합병대상 미확보). 4개 샘플(2017~2026) 원문 확인, 전부 동일 사유. 비재무.",,,,비재무(N)
01689336,비엔케이제1호기업인수목적,20250715,상장폐지,주권매매거래정지              (상장폐지 사유발생),20250715900541,N,"[일괄판정] SPAC(기업인수목적) 상장폐지 — 상장예비심사서 미제출로 관리종목지정 후 1개월내 미해소(합병대상 미확보). 4개 샘플(2017~2026) 원문 확인, 전부 동일 사유. 비재무.",,,,비재무(N)
01689938,신영해피투모로우제9호기업인수목적,20250721,상장폐지,주권매매거래정지              (상장폐지 사유발생),20250721900585,N,"[일괄판정] SPAC(기업인수목적) 상장폐지 — 상장예비심사서 미제출로 관리종목지정 후 1개월내 미해소(합병대상 미확보). 4개 샘플(2017~2026) 원문 확인, 전부 동일 사유. 비재무.",,,,비재무(N)
01690235,유안타제12호기업인수목적,20260115,상장폐지,주권매매거래정지              (상장폐지 사유발생),20260115900681,N,"[일괄판정] SPAC(기업인수목적) 상장폐지 — 상장예비심사서 미제출로 관리종목지정 후 1개월내 미해소(합병대상 미확보). 4개 샘플(2017~2026) 원문 확인, 전부 동일 사유. 비재무.",,,,비재무(N)
01696275,하나26호기업인수목적,20250926,상장폐지,주권매매거래정지              (상장폐지 사유발생),20250926900920,N,"[일괄판정] SPAC(기업인수목적) 상장폐지 — 상장예비심사서 미제출로 관리종목지정 후 1개월내 미해소(합병대상 미확보). 4개 샘플(2017~2026) 원문 확인, 전부 동일 사유. 비재무.",,,,비재무(N)
01696451,대신밸런스제14호기업인수목적,20250630,상장폐지,주권매매거래정지              (상장폐지 사유발생),20250630901120,N,"[일괄판정] SPAC(기업인수목적) 상장폐지 — 상장예비심사서 미제출로 관리종목지정 후 1개월내 미해소(합병대상 미확보). 4개 샘플(2017~2026) 원문 확인, 전부 동일 사유. 비재무.",,,,비재무(N)
01700374,하나27호기업인수목적,20251031,상장폐지,주권매매거래정지              (상장폐지 사유발생),20251031900947,N,"[일괄판정] SPAC(기업인수목적) 상장폐지 — 상장예비심사서 미제출로 관리종목지정 후 1개월내 미해소(합병대상 미확보). 4개 샘플(2017~2026) 원문 확인, 전부 동일 사유. 비재무.",,,,비재무(N)
01700921,삼성기업인수목적8호,20250924,상장폐지,주권매매거래정지              (상장폐지 사유발생),20250924900548,N,"[일괄판정] SPAC(기업인수목적) 상장폐지 — 상장예비심사서 미제출로 관리종목지정 후 1개월내 미해소(합병대상 미확보). 4개 샘플(2017~2026) 원문 확인, 전부 동일 사유. 비재무.",,,,비재무(N)
01701753,유안타제13호기업인수목적,20250922,상장폐지,주권매매거래정지              (상장폐지 사유발생),20250922900553,N,"[일괄판정] SPAC(기업인수목적) 상장폐지 — 상장예비심사서 미제출로 관리종목지정 후 1개월내 미해소(합병대상 미확보). 4개 샘플(2017~2026) 원문 확인, 전부 동일 사유. 비재무.",,,,비재무(N)
01705625,하이제8호기업인수목적,20260116,상장폐지,주권매매거래정지              (상장폐지 사유발생),20260116900901,N,"[일괄판정] SPAC(기업인수목적) 상장폐지 — 상장예비심사서 미제출로 관리종목지정 후 1개월내 미해소(합병대상 미확보). 4개 샘플(2017~2026) 원문 확인, 전부 동일 사유. 비재무.",,,,비재무(N)
01706819,유안타제14호기업인수목적,20260219,상장폐지,주권매매거래정지              (상장폐지 사유 발생),20260219901036,N,"[일괄판정] SPAC(기업인수목적) 상장폐지 — 상장예비심사서 미제출로 관리종목지정 후 1개월내 미해소(합병대상 미확보). 4개 샘플(2017~2026) 원문 확인, 전부 동일 사유. 비재무.",,,,비재무(N)
01717170,상상인제4호기업인수목적,20260408,상장폐지,주권매매거래정지              (상장폐지 사유발생),20260408901366,N,"[일괄판정] SPAC(기업인수목적) 상장폐지 — 상장예비심사서 미제출로 관리종목지정 후 1개월내 미해소(합병대상 미확보). 4개 샘플(2017~2026) 원문 확인, 전부 동일 사유. 비재무.",,,,비재무(N)
01719105,신한제11호기업인수목적,20260422,상장폐지,주권매매거래정지              (상장폐지 사유발생),20260422900826,N,"[일괄판정] SPAC(기업인수목적) 상장폐지 — 상장예비심사서 미제출로 관리종목지정 후 1개월내 미해소(합병대상 미확보). 4개 샘플(2017~2026) 원문 확인, 전부 동일 사유. 비재무.",,,,비재무(N)
01724417,하나29호기업인수목적,20260122,상장폐지,주권매매거래정지              (상장폐지 사유발생),20260122900796,N,"[일괄판정] SPAC(기업인수목적) 상장폐지 — 상장예비심사서 미제출로 관리종목지정 후 1개월내 미해소(합병대상 미확보). 4개 샘플(2017~2026) 원문 확인, 전부 동일 사유. 비재무.",,,,비재무(N)
01724709,케이비제25호기업인수목적,20260115,상장폐지,주권매매거래정지              (상장폐지 사유발생),20260115900698,N,"[일괄판정] SPAC(기업인수목적) 상장폐지 — 상장예비심사서 미제출로 관리종목지정 후 1개월내 미해소(합병대상 미확보). 4개 샘플(2017~2026) 원문 확인, 전부 동일 사유. 비재무.",,,,비재무(N)
01725160,한화플러스제4호기업인수목적,20260402,상장폐지,주권매매거래정지              (상장폐지 사유발생),20260402901187,N,"[일괄판정] SPAC(기업인수목적) 상장폐지 — 상장예비심사서 미제출로 관리종목지정 후 1개월내 미해소(합병대상 미확보). 4개 샘플(2017~2026) 원문 확인, 전부 동일 사유. 비재무.",,,,비재무(N)
01725577,에스케이증권제9호기업인수목적,20260213,상장폐지,주권매매거래정지              (상장폐지 사유발생),20260213902083,N,"[일괄판정] SPAC(기업인수목적) 상장폐지 — 상장예비심사서 미제출로 관리종목지정 후 1개월내 미해소(합병대상 미확보). 4개 샘플(2017~2026) 원문 확인, 전부 동일 사유. 비재무.",,,,비재무(N)
01738483,대신밸런스제16호기업인수목적,20260402,상장폐지,주권매매거래정지              (상장폐지사유 발생),20260402901150,N,"[일괄판정] SPAC(기업인수목적) 상장폐지 — 상장예비심사서 미제출로 관리종목지정 후 1개월내 미해소(합병대상 미확보). 4개 샘플(2017~2026) 원문 확인, 전부 동일 사유. 비재무.",,,,비재무(N)
01744703,에스케이증권제10호기업인수목적,20260303,상장폐지,주권매매거래정지              (상장폐지 사유발생),20260303901389,N,"[일괄판정] SPAC(기업인수목적) 상장폐지 — 상장예비심사서 미제출로 관리종목지정 후 1개월내 미해소(합병대상 미확보). 4개 샘플(2017~2026) 원문 확인, 전부 동일 사유. 비재무.",,,,비재무(N)
01760640,교보14호기업인수목적,20260128,상장폐지,주권매매거래정지              (상장폐지 사유발생),20260128900962,N,"[일괄판정] SPAC(기업인수목적) 상장폐지 — 상장예비심사서 미제출로 관리종목지정 후 1개월내 미해소(합병대상 미확보). 4개 샘플(2017~2026) 원문 확인, 전부 동일 사유. 비재무.",,,,비재무(N)
01761296,한국제12호기업인수목적,20260323,상장폐지,주권매매거래정지              (상장폐지 사유발생),20260323902414,N,"[일괄판정] SPAC(기업인수목적) 상장폐지 — 상장예비심사서 미제출로 관리종목지정 후 1개월내 미해소(합병대상 미확보). 4개 샘플(2017~2026) 원문 확인, 전부 동일 사유. 비재무.",,,,비재무(N)
01767494,에이치엠씨아이비제6호기업인수목적,20260506,상장폐지,주권매매거래정지              (상장폐지 사유발생),20260506901124,N,"[일괄판정] SPAC(기업인수목적) 상장폐지 — 상장예비심사서 미제출로 관리종목지정 후 1개월내 미해소(합병대상 미확보). 4개 샘플(2017~2026) 원문 확인, 전부 동일 사유. 비재무.",,,,비재무(N)
01775952,한국제13호기업인수목적,20260605,상장폐지,주권매매거래정지              (상장폐지 사유발생),20260605900930,N,"[일괄판정] SPAC(기업인수목적) 상장폐지 — 상장예비심사서 미제출로 관리종목지정 후 1개월내 미해소(합병대상 미확보). 4개 샘플(2017~2026) 원문 확인, 전부 동일 사유. 비재무.",,,,비재무(N)
01781847,교보15호스팩,20260902,상장폐지,주권매매거래정지              (상장폐지 사유발생),20260902900620,N,"[일괄판정] SPAC(기업인수목적) 상장폐지 — 상장예비심사서 미제출로 관리종목지정 후 1개월내 미해소(합병대상 미확보). 4개 샘플(2017~2026) 원문 확인, 전부 동일 사유. 비재무.",,,,비재무(N)
01785551,케이비제27호기업인수목적,20260526,상장폐지,주권매매거래정지              (상장폐지 사유발생),20260526900858,N,"[일괄판정] SPAC(기업인수목적) 상장폐지 — 상장예비심사서 미제출로 관리종목지정 후 1개월내 미해소(합병대상 미확보). 4개 샘플(2017~2026) 원문 확인, 전부 동일 사유. 비재무.",,,,비재무(N)
01785700,아이비케이에스제23호기업인수목적,20260714,상장폐지,주권매매거래정지              (상장폐지 사유발생),20260714900793,N,"[일괄판정] SPAC(기업인수목적) 상장폐지 — 상장예비심사서 미제출로 관리종목지정 후 1개월내 미해소(합병대상 미확보). 4개 샘플(2017~2026) 원문 확인, 전부 동일 사유. 비재무.",,,,비재무(N)
01791321,하나30호기업인수목적,20260720,상장폐지,주권매매거래정지              (상장폐지 사유발생),20260720900762,N,"[일괄판정] SPAC(기업인수목적) 상장폐지 — 상장예비심사서 미제출로 관리종목지정 후 1개월내 미해소(합병대상 미확보). 4개 샘플(2017~2026) 원문 확인, 전부 동일 사유. 비재무.",,,,비재무(N)
01792825,대신밸런스제17호기업인수목적,20260819,상장폐지,주권매매거래정지              (상장폐지 사유발생),20260819900668,N,"[일괄판정] SPAC(기업인수목적) 상장폐지 — 상장예비심사서 미제출로 관리종목지정 후 1개월내 미해소(합병대상 미확보). 4개 샘플(2017~2026) 원문 확인, 전부 동일 사유. 비재무.",,,,비재무(N)
01796858,신영스팩10호,20260831,상장폐지,주권매매거래정지              (상장폐지 사유발생),20260831900942,N,"[일괄판정] SPAC(기업인수목적) 상장폐지 — 상장예비심사서 미제출로 관리종목지정 후 1개월내 미해소(합병대상 미확보). 4개 샘플(2017~2026) 원문 확인, 전부 동일 사유. 비재무.",,,,비재무(N)
01872893,에이엠시지,20251106,상장폐지,상장폐지결정              (상장폐지 결정),20251106600746,N,자진 상장폐지,,,,비재무(N)
